case_id,process_type,department,activity,timestamp,resource
WF-1001,Finance Approval,Finance,Submitted,2026-06-10T21:05:00,emp_0026
WF-1001,Finance Approval,Finance,Under Review,2026-06-12T20:05:00,emp_0178
WF-1001,Finance Approval,Finance,Manager Approval,2026-06-13T11:05:00,emp_0067
WF-1001,Finance Approval,Finance,Compliance Check,2026-06-15T07:05:00,emp_0192
WF-1001,Finance Approval,Finance,Rejected,2026-06-17T06:05:00,emp_0078
WF-1002,Legal Review,Legal,Submitted,2026-06-06T18:12:00,emp_0064
WF-1002,Legal Review,Legal,Under Review,2026-06-07T10:12:00,emp_0199
WF-1002,Legal Review,Legal,Manager Approval,2026-06-09T02:12:00,emp_0062
WF-1002,Legal Review,Legal,Approved,2026-06-10T20:12:00,emp_0145
WF-1003,Finance Approval,Finance,Submitted,2026-06-12T19:53:00,emp_0034
WF-1003,Finance Approval,Finance,Under Review,2026-06-13T17:53:00,emp_0170
WF-1003,Finance Approval,Finance,Rejected,2026-06-14T00:53:00,emp_0199
WF-1004,IT Service Request,Finance,Submitted,2026-06-06T18:32:00,emp_0044
WF-1004,IT Service Request,Finance,Under Review,2026-06-08T17:32:00,emp_0042
WF-1004,IT Service Request,Finance,Manager Approval,2026-06-10T12:32:00,emp_0056
WF-1004,IT Service Request,Finance,Approved,2026-06-12T12:32:00,emp_0008
WF-1005,Legal Review,Finance,Submitted,2026-07-03T05:48:00,emp_0023
WF-1005,Legal Review,Finance,Under Review,2026-07-05T00:48:00,emp_0173
WF-1005,Legal Review,Finance,Manager Approval,2026-07-06T01:48:00,emp_0175
WF-1005,Legal Review,Finance,Rejected,2026-07-06T05:48:00,emp_0067
WF-1006,Procurement,Finance,Submitted,2026-06-17T01:25:00,emp_0045
WF-1006,Procurement,Finance,Under Review,2026-06-19T01:25:00,emp_0022
WF-1006,Procurement,Finance,Manager Approval,2026-06-20T20:25:00,emp_0134
WF-1006,Procurement,Finance,Compliance Check,2026-06-21T02:25:00,emp_0050
WF-1006,Procurement,Finance,Rejected,2026-06-21T23:25:00,emp_0022
WF-1007,Legal Review,Finance,Submitted,2026-06-22T05:19:00,emp_0026
WF-1007,Legal Review,Finance,Under Review,2026-06-22T11:19:00,emp_0061
WF-1007,Legal Review,Finance,Manager Approval,2026-06-23T01:19:00,emp_0192
WF-1007,Legal Review,Finance,Rejected,2026-06-23T19:19:00,emp_0001
WF-1008,Procurement,Legal,Submitted,2026-06-24T22:37:00,emp_0034
WF-1008,Procurement,Legal,Under Review,2026-06-25T12:37:00,emp_0040
WF-1008,Procurement,Legal,Manager Approval,2026-06-26T19:37:00,emp_0058
WF-1008,Procurement,Legal,Rejected,2026-06-28T02:37:00,emp_0047
WF-1009,Procurement,IT,Submitted,2026-06-18T21:55:00,emp_0015
WF-1009,Procurement,IT,Under Review,2026-06-20T01:55:00,emp_0027
WF-1009,Procurement,IT,Manager Approval,2026-06-21T02:55:00,emp_0073
WF-1009,Procurement,IT,Compliance Check,2026-06-21T16:55:00,emp_0008
WF-1009,Procurement,IT,Approved,2026-06-23T02:55:00,emp_0184
WF-1010,Finance Approval,IT,Submitted,2026-06-25T14:03:00,emp_0105
WF-1010,Finance Approval,IT,Under Review,2026-06-26T14:03:00,emp_0106
WF-1010,Finance Approval,IT,Compliance Check,2026-06-27T18:03:00,emp_0088
WF-1010,Finance Approval,IT,Rejected,2026-06-29T12:03:00,emp_0149
WF-1011,Finance Approval,Sales,Submitted,2026-06-29T14:40:00,emp_0139
WF-1011,Finance Approval,Sales,Under Review,2026-07-01T07:40:00,emp_0174
WF-1011,Finance Approval,Sales,Manager Approval,2026-07-02T23:40:00,emp_0062
WF-1011,Finance Approval,Sales,Compliance Check,2026-07-03T10:40:00,emp_0084
WF-1011,Finance Approval,Sales,Approved,2026-07-03T19:40:00,emp_0022
WF-1012,Procurement,Legal,Submitted,2026-06-08T13:36:00,emp_0025
WF-1012,Procurement,Legal,Under Review,2026-06-09T21:36:00,emp_0050
WF-1012,Procurement,Legal,Manager Approval,2026-06-10T14:36:00,emp_0051
WF-1012,Procurement,Legal,Compliance Check,2026-06-11T04:36:00,emp_0039
WF-1012,Procurement,Legal,Rejected,2026-06-11T12:36:00,emp_0149
WF-1013,IT Service Request,Operations,Submitted,2026-06-19T05:06:00,emp_0131
WF-1013,IT Service Request,Operations,Under Review,2026-06-21T05:06:00,emp_0117
WF-1013,IT Service Request,Operations,Manager Approval,2026-06-23T01:06:00,emp_0161
WF-1013,IT Service Request,Operations,Compliance Check,2026-06-24T09:06:00,emp_0125
WF-1013,IT Service Request,Operations,Approved,2026-06-25T19:06:00,emp_0015
WF-1014,Legal Review,Finance,Submitted,2026-06-19T19:34:00,emp_0042
WF-1014,Legal Review,Finance,Under Review,2026-06-20T12:34:00,emp_0116
WF-1014,Legal Review,Finance,Manager Approval,2026-06-22T07:34:00,emp_0118
WF-1014,Legal Review,Finance,Approved,2026-06-23T00:34:00,emp_0146
WF-1015,Legal Review,Supply Chain,Submitted,2026-06-20T20:20:00,emp_0153
WF-1015,Legal Review,Supply Chain,Under Review,2026-06-21T06:20:00,emp_0020
WF-1015,Legal Review,Supply Chain,Manager Approval,2026-06-22T09:20:00,emp_0078
WF-1015,Legal Review,Supply Chain,Rejected,2026-06-23T20:20:00,emp_0174
WF-1016,Legal Review,Finance,Submitted,2026-06-13T17:32:00,emp_0011
WF-1016,Legal Review,Finance,Under Review,2026-06-14T04:32:00,emp_0143
WF-1016,Legal Review,Finance,Manager Approval,2026-06-15T08:32:00,emp_0093
WF-1016,Legal Review,Finance,Approved,2026-06-16T19:32:00,emp_0112
WF-1017,HR Onboarding,IT,Submitted,2026-06-07T06:20:00,emp_0008
WF-1017,HR Onboarding,IT,Under Review,2026-06-08T18:20:00,emp_0073
WF-1017,HR Onboarding,IT,Compliance Check,2026-06-09T09:20:00,emp_0162
WF-1017,HR Onboarding,IT,Rejected,2026-06-10T05:20:00,emp_0080
WF-1018,Legal Review,Operations,Submitted,2026-06-20T17:49:00,emp_0166
WF-1018,Legal Review,Operations,Under Review,2026-06-22T08:49:00,emp_0015
WF-1018,Legal Review,Operations,Manager Approval,2026-06-23T21:49:00,emp_0136
WF-1018,Legal Review,Operations,Compliance Check,2026-06-24T09:49:00,emp_0122
WF-1018,Legal Review,Operations,Approved,2026-06-26T07:49:00,emp_0111
WF-1019,Procurement,Sales,Submitted,2026-06-26T05:51:00,emp_0101
WF-1019,Procurement,Sales,Under Review,2026-06-27T14:51:00,emp_0168
WF-1019,Procurement,Sales,Compliance Check,2026-06-28T23:51:00,emp_0017
WF-1019,Procurement,Sales,Rejected,2026-06-29T08:51:00,emp_0093
WF-1020,Procurement,Legal,Submitted,2026-06-05T05:20:00,emp_0172
WF-1020,Procurement,Legal,Under Review,2026-06-06T18:20:00,emp_0004
WF-1020,Procurement,Legal,Manager Approval,2026-06-07T19:20:00,emp_0179
WF-1020,Procurement,Legal,Rejected,2026-06-09T09:20:00,emp_0124
WF-1021,IT Service Request,Operations,Submitted,2026-06-20T04:23:00,emp_0055
WF-1021,IT Service Request,Operations,Under Review,2026-06-21T10:23:00,emp_0117
WF-1021,IT Service Request,Operations,Manager Approval,2026-06-23T01:23:00,emp_0151
WF-1021,IT Service Request,Operations,Compliance Check,2026-06-24T20:23:00,emp_0122
WF-1021,IT Service Request,Operations,Rejected,2026-06-25T03:23:00,emp_0174
WF-1022,Finance Approval,Supply Chain,Submitted,2026-07-01T20:18:00,emp_0014
WF-1022,Finance Approval,Supply Chain,Under Review,2026-07-02T01:18:00,emp_0007
WF-1022,Finance Approval,Supply Chain,Manager Approval,2026-07-03T08:18:00,emp_0097
WF-1022,Finance Approval,Supply Chain,Compliance Check,2026-07-03T11:18:00,emp_0098
WF-1022,Finance Approval,Supply Chain,Approved,2026-07-03T23:18:00,emp_0134
WF-1023,IT Service Request,Operations,Submitted,2026-06-29T13:11:00,emp_0105
WF-1023,IT Service Request,Operations,Under Review,2026-07-01T02:11:00,emp_0155
WF-1023,IT Service Request,Operations,Manager Approval,2026-07-02T01:11:00,emp_0057
WF-1023,IT Service Request,Operations,Compliance Check,2026-07-04T01:11:00,emp_0097
WF-1023,IT Service Request,Operations,Approved,2026-07-04T20:11:00,emp_0064
WF-1024,Finance Approval,IT,Submitted,2026-06-08T05:02:00,emp_0060
WF-1024,Finance Approval,IT,Under Review,2026-06-08T18:02:00,emp_0114
WF-1024,Finance Approval,IT,Manager Approval,2026-06-10T03:02:00,emp_0191
WF-1024,Finance Approval,IT,Approved,2026-06-11T07:02:00,emp_0116
WF-1025,Finance Approval,Human Resources,Submitted,2026-06-19T16:43:00,emp_0066
WF-1025,Finance Approval,Human Resources,Under Review,2026-06-21T05:43:00,emp_0067
WF-1025,Finance Approval,Human Resources,Manager Approval,2026-06-23T01:43:00,emp_0175
WF-1025,Finance Approval,Human Resources,Approved,2026-06-23T08:43:00,emp_0165
WF-1026,HR Onboarding,Sales,Submitted,2026-06-15T12:59:00,emp_0196
WF-1026,HR Onboarding,Sales,Under Review,2026-06-16T05:59:00,emp_0114
WF-1026,HR Onboarding,Sales,Manager Approval,2026-06-17T19:59:00,emp_0033
WF-1026,HR Onboarding,Sales,Approved,2026-06-19T13:59:00,emp_0169
WF-1027,HR Onboarding,Sales,Submitted,2026-06-07T03:13:00,emp_0031
WF-1027,HR Onboarding,Sales,Under Review,2026-06-07T08:13:00,emp_0155
WF-1027,HR Onboarding,Sales,Manager Approval,2026-06-08T18:13:00,emp_0008
WF-1027,HR Onboarding,Sales,Approved,2026-06-10T15:13:00,emp_0197
WF-1028,Procurement,Human Resources,Submitted,2026-06-06T08:41:00,emp_0027
WF-1028,Procurement,Human Resources,Under Review,2026-06-06T14:41:00,emp_0135
WF-1028,Procurement,Human Resources,Compliance Check,2026-06-06T17:41:00,emp_0050
WF-1028,Procurement,Human Resources,Rejected,2026-06-07T12:41:00,emp_0064
WF-1029,HR Onboarding,Legal,Submitted,2026-06-20T12:04:00,emp_0081
WF-1029,HR Onboarding,Legal,Under Review,2026-06-21T02:04:00,emp_0143
WF-1029,HR Onboarding,Legal,Manager Approval,2026-06-21T22:04:00,emp_0151
WF-1029,HR Onboarding,Legal,Compliance Check,2026-06-23T09:04:00,emp_0177
WF-1029,HR Onboarding,Legal,Approved,2026-06-23T23:04:00,emp_0064
WF-1030,Procurement,Finance,Submitted,2026-06-05T23:14:00,emp_0126
WF-1030,Procurement,Finance,Under Review,2026-06-07T12:14:00,emp_0131
WF-1030,Procurement,Finance,Compliance Check,2026-06-09T01:14:00,emp_0074
WF-1030,Procurement,Finance,Approved,2026-06-09T05:14:00,emp_0161
WF-1031,Legal Review,Legal,Submitted,2026-06-27T08:06:00,emp_0071
WF-1031,Legal Review,Legal,Under Review,2026-06-29T01:06:00,emp_0200
WF-1031,Legal Review,Legal,Manager Approval,2026-06-30T11:06:00,emp_0030
WF-1031,Legal Review,Legal,Compliance Check,2026-07-01T22:06:00,emp_0059
WF-1031,Legal Review,Legal,Approved,2026-07-03T02:06:00,emp_0005
WF-1032,Finance Approval,Legal,Submitted,2026-06-14T06:37:00,emp_0141
WF-1032,Finance Approval,Legal,Under Review,2026-06-14T17:37:00,emp_0075
WF-1032,Finance Approval,Legal,Manager Approval,2026-06-14T19:37:00,emp_0095
WF-1032,Finance Approval,Legal,Rejected,2026-06-16T01:37:00,emp_0028
WF-1033,Finance Approval,Human Resources,Submitted,2026-06-13T16:22:00,emp_0055
WF-1033,Finance Approval,Human Resources,Under Review,2026-06-14T01:22:00,emp_0140
WF-1033,Finance Approval,Human Resources,Manager Approval,2026-06-14T06:22:00,emp_0184
WF-1033,Finance Approval,Human Resources,Rejected,2026-06-16T00:22:00,emp_0109
WF-1034,Finance Approval,IT,Submitted,2026-06-15T14:41:00,emp_0068
WF-1034,Finance Approval,IT,Under Review,2026-06-17T14:41:00,emp_0173
WF-1034,Finance Approval,IT,Compliance Check,2026-06-17T20:41:00,emp_0015
WF-1034,Finance Approval,IT,Rejected,2026-06-17T21:41:00,emp_0107
WF-1035,Legal Review,Legal,Submitted,2026-06-06T11:10:00,emp_0074
WF-1035,Legal Review,Legal,Under Review,2026-06-07T12:10:00,emp_0103
WF-1035,Legal Review,Legal,Manager Approval,2026-06-08T21:10:00,emp_0041
WF-1035,Legal Review,Legal,Rejected,2026-06-10T16:10:00,emp_0195
WF-1036,IT Service Request,Legal,Submitted,2026-06-05T23:03:00,emp_0151
WF-1036,IT Service Request,Legal,Under Review,2026-06-06T06:03:00,emp_0094
WF-1036,IT Service Request,Legal,Manager Approval,2026-06-06T12:03:00,emp_0103
WF-1036,IT Service Request,Legal,Compliance Check,2026-06-06T17:03:00,emp_0022
WF-1036,IT Service Request,Legal,Rejected,2026-06-08T10:03:00,emp_0090
WF-1037,Procurement,IT,Submitted,2026-07-02T19:39:00,emp_0142
WF-1037,Procurement,IT,Under Review,2026-07-04T06:39:00,emp_0087
WF-1037,Procurement,IT,Compliance Check,2026-07-04T23:39:00,emp_0019
WF-1037,Procurement,IT,Rejected,2026-07-05T08:39:00,emp_0178
WF-1038,Legal Review,Operations,Submitted,2026-06-20T08:10:00,emp_0098
WF-1038,Legal Review,Operations,Under Review,2026-06-20T09:10:00,emp_0022
WF-1038,Legal Review,Operations,Manager Approval,2026-06-22T01:10:00,emp_0037
WF-1038,Legal Review,Operations,Compliance Check,2026-06-22T20:10:00,emp_0072
WF-1038,Legal Review,Operations,Rejected,2026-06-23T12:10:00,emp_0173
WF-1039,Procurement,Legal,Submitted,2026-06-14T10:57:00,emp_0068
WF-1039,Procurement,Legal,Under Review,2026-06-15T19:57:00,emp_0191
WF-1039,Procurement,Legal,Manager Approval,2026-06-17T02:57:00,emp_0077
WF-1039,Procurement,Legal,Approved,2026-06-18T20:57:00,emp_0106
WF-1040,HR Onboarding,Legal,Submitted,2026-06-18T16:59:00,emp_0187
WF-1040,HR Onboarding,Legal,Under Review,2026-06-18T23:59:00,emp_0199
WF-1040,HR Onboarding,Legal,Manager Approval,2026-06-19T02:59:00,emp_0047
WF-1040,HR Onboarding,Legal,Approved,2026-06-20T18:59:00,emp_0024
WF-1041,Finance Approval,IT,Submitted,2026-06-13T03:55:00,emp_0138
WF-1041,Finance Approval,IT,Under Review,2026-06-14T10:55:00,emp_0019
WF-1041,Finance Approval,IT,Manager Approval,2026-06-14T11:55:00,emp_0051
WF-1041,Finance Approval,IT,Compliance Check,2026-06-15T22:55:00,emp_0082
WF-1041,Finance Approval,IT,Rejected,2026-06-16T20:55:00,emp_0161
WF-1042,Finance Approval,Supply Chain,Submitted,2026-06-30T04:01:00,emp_0075
WF-1042,Finance Approval,Supply Chain,Under Review,2026-06-30T12:01:00,emp_0076
WF-1042,Finance Approval,Supply Chain,Manager Approval,2026-06-30T13:01:00,emp_0044
WF-1042,Finance Approval,Supply Chain,Approved,2026-07-02T02:01:00,emp_0138
WF-1043,Legal Review,Finance,Submitted,2026-06-05T00:32:00,emp_0018
WF-1043,Legal Review,Finance,Under Review,2026-06-06T04:32:00,emp_0062
WF-1043,Legal Review,Finance,Manager Approval,2026-06-06T20:32:00,emp_0160
WF-1043,Legal Review,Finance,Compliance Check,2026-06-08T18:32:00,emp_0024
WF-1043,Legal Review,Finance,Rejected,2026-06-09T03:32:00,emp_0179
WF-1044,Procurement,Supply Chain,Submitted,2026-06-09T09:18:00,emp_0159
WF-1044,Procurement,Supply Chain,Under Review,2026-06-09T11:18:00,emp_0059
WF-1044,Procurement,Supply Chain,Manager Approval,2026-06-10T13:18:00,emp_0052
WF-1044,Procurement,Supply Chain,Compliance Check,2026-06-11T17:18:00,emp_0171
WF-1044,Procurement,Supply Chain,Approved,2026-06-12T09:18:00,emp_0148
WF-1045,Finance Approval,Legal,Submitted,2026-06-20T19:41:00,emp_0157
WF-1045,Finance Approval,Legal,Under Review,2026-06-22T08:41:00,emp_0031
WF-1045,Finance Approval,Legal,Manager Approval,2026-06-23T19:41:00,emp_0006
WF-1045,Finance Approval,Legal,Rejected,2026-06-24T01:41:00,emp_0119
WF-1046,IT Service Request,Legal,Submitted,2026-06-11T06:58:00,emp_0011
WF-1046,IT Service Request,Legal,Under Review,2026-06-11T20:58:00,emp_0181
WF-1046,IT Service Request,Legal,Approved,2026-06-12T21:58:00,emp_0067
WF-1047,IT Service Request,Finance,Submitted,2026-06-08T03:24:00,emp_0057
WF-1047,IT Service Request,Finance,Under Review,2026-06-10T00:24:00,emp_0058
WF-1047,IT Service Request,Finance,Manager Approval,2026-06-11T16:24:00,emp_0010
WF-1047,IT Service Request,Finance,Compliance Check,2026-06-13T05:24:00,emp_0156
WF-1047,IT Service Request,Finance,Approved,2026-06-13T08:24:00,emp_0086
WF-1048,Procurement,Legal,Submitted,2026-06-21T23:39:00,emp_0030
WF-1048,Procurement,Legal,Under Review,2026-06-23T02:39:00,emp_0198
WF-1048,Procurement,Legal,Rejected,2026-06-23T14:39:00,emp_0141
WF-1049,Procurement,Human Resources,Submitted,2026-06-18T23:52:00,emp_0099
WF-1049,Procurement,Human Resources,Under Review,2026-06-20T02:52:00,emp_0087
WF-1049,Procurement,Human Resources,Manager Approval,2026-06-21T06:52:00,emp_0039
WF-1049,Procurement,Human Resources,Compliance Check,2026-06-21T11:52:00,emp_0005
WF-1049,Procurement,Human Resources,Approved,2026-06-23T04:52:00,emp_0038
WF-1050,Procurement,Human Resources,Submitted,2026-06-26T01:42:00,emp_0150
WF-1050,Procurement,Human Resources,Under Review,2026-06-26T21:42:00,emp_0084
WF-1050,Procurement,Human Resources,Manager Approval,2026-06-27T05:42:00,emp_0110
WF-1050,Procurement,Human Resources,Compliance Check,2026-06-28T10:42:00,emp_0146
WF-1050,Procurement,Human Resources,Approved,2026-06-28T11:42:00,emp_0089
WF-1051,Procurement,Legal,Submitted,2026-06-04T06:41:00,emp_0028
WF-1051,Procurement,Legal,Under Review,2026-06-05T09:41:00,emp_0013
WF-1051,Procurement,Legal,Manager Approval,2026-06-06T22:41:00,emp_0081
WF-1051,Procurement,Legal,Approved,2026-06-07T01:41:00,emp_0071
WF-1052,Procurement,Supply Chain,Submitted,2026-06-11T23:47:00,emp_0001
WF-1052,Procurement,Supply Chain,Under Review,2026-06-13T09:47:00,emp_0135
WF-1052,Procurement,Supply Chain,Manager Approval,2026-06-14T13:47:00,emp_0089
WF-1052,Procurement,Supply Chain,Compliance Check,2026-06-16T10:47:00,emp_0124
WF-1052,Procurement,Supply Chain,Approved,2026-06-18T03:47:00,emp_0192
WF-1053,IT Service Request,IT,Submitted,2026-06-12T17:41:00,emp_0094
WF-1053,IT Service Request,IT,Under Review,2026-06-13T05:41:00,emp_0159
WF-1053,IT Service Request,IT,Compliance Check,2026-06-14T09:41:00,emp_0021
WF-1053,IT Service Request,IT,Approved,2026-06-14T12:41:00,emp_0042
WF-1054,IT Service Request,Operations,Submitted,2026-06-28T06:16:00,emp_0035
WF-1054,IT Service Request,Operations,Under Review,2026-06-28T19:16:00,emp_0120
WF-1054,IT Service Request,Operations,Approved,2026-06-28T21:16:00,emp_0188
WF-1055,IT Service Request,Operations,Submitted,2026-06-27T02:19:00,emp_0149
WF-1055,IT Service Request,Operations,Under Review,2026-06-27T19:19:00,emp_0103
WF-1055,IT Service Request,Operations,Manager Approval,2026-06-28T13:19:00,emp_0140
WF-1055,IT Service Request,Operations,Approved,2026-06-29T17:19:00,emp_0103
WF-1056,Procurement,Supply Chain,Submitted,2026-06-26T00:23:00,emp_0111
WF-1056,Procurement,Supply Chain,Under Review,2026-06-26T05:23:00,emp_0195
WF-1056,Procurement,Supply Chain,Manager Approval,2026-06-27T00:23:00,emp_0154
WF-1056,Procurement,Supply Chain,Compliance Check,2026-06-27T09:23:00,emp_0163
WF-1056,Procurement,Supply Chain,Approved,2026-06-27T20:23:00,emp_0085
WF-1057,Legal Review,IT,Submitted,2026-06-11T22:27:00,emp_0028
WF-1057,Legal Review,IT,Under Review,2026-06-12T10:27:00,emp_0032
WF-1057,Legal Review,IT,Rejected,2026-06-13T23:27:00,emp_0189
WF-1058,Legal Review,Human Resources,Submitted,2026-07-01T00:27:00,emp_0187
WF-1058,Legal Review,Human Resources,Under Review,2026-07-01T07:27:00,emp_0002
WF-1058,Legal Review,Human Resources,Manager Approval,2026-07-02T22:27:00,emp_0170
WF-1058,Legal Review,Human Resources,Compliance Check,2026-07-04T03:27:00,emp_0172
WF-1058,Legal Review,Human Resources,Rejected,2026-07-05T01:27:00,emp_0004
WF-1059,IT Service Request,Operations,Submitted,2026-06-21T15:22:00,emp_0115
WF-1059,IT Service Request,Operations,Under Review,2026-06-23T02:22:00,emp_0159
WF-1059,IT Service Request,Operations,Manager Approval,2026-06-23T21:22:00,emp_0165
WF-1059,IT Service Request,Operations,Approved,2026-06-25T00:22:00,emp_0199
WF-1060,Legal Review,Human Resources,Submitted,2026-06-16T04:08:00,emp_0002
WF-1060,Legal Review,Human Resources,Under Review,2026-06-16T19:08:00,emp_0143
WF-1060,Legal Review,Human Resources,Manager Approval,2026-06-18T13:08:00,emp_0199
WF-1060,Legal Review,Human Resources,Compliance Check,2026-06-20T11:08:00,emp_0084
WF-1060,Legal Review,Human Resources,Rejected,2026-06-21T06:08:00,emp_0035
WF-1061,HR Onboarding,IT,Submitted,2026-06-05T11:08:00,emp_0168
WF-1061,HR Onboarding,IT,Under Review,2026-06-06T15:08:00,emp_0122
WF-1061,HR Onboarding,IT,Manager Approval,2026-06-07T15:08:00,emp_0200
WF-1061,HR Onboarding,IT,Compliance Check,2026-06-08T17:08:00,emp_0064
WF-1061,HR Onboarding,IT,Rejected,2026-06-09T04:08:00,emp_0195
WF-1062,HR Onboarding,IT,Submitted,2026-06-15T15:50:00,emp_0143
WF-1062,HR Onboarding,IT,Under Review,2026-06-16T11:50:00,emp_0149
WF-1062,HR Onboarding,IT,Manager Approval,2026-06-16T14:50:00,emp_0140
WF-1062,HR Onboarding,IT,Compliance Check,2026-06-16T18:50:00,emp_0104
WF-1062,HR Onboarding,IT,Approved,2026-06-17T04:50:00,emp_0167
WF-1063,Finance Approval,Finance,Submitted,2026-06-09T01:56:00,emp_0010
WF-1063,Finance Approval,Finance,Under Review,2026-06-09T23:56:00,emp_0128
WF-1063,Finance Approval,Finance,Compliance Check,2026-06-11T17:56:00,emp_0112
WF-1063,Finance Approval,Finance,Approved,2026-06-13T03:56:00,emp_0137
WF-1064,HR Onboarding,Operations,Submitted,2026-06-18T02:18:00,emp_0082
WF-1064,HR Onboarding,Operations,Under Review,2026-06-20T02:18:00,emp_0197
WF-1064,HR Onboarding,Operations,Manager Approval,2026-06-21T18:18:00,emp_0197
WF-1064,HR Onboarding,Operations,Compliance Check,2026-06-22T23:18:00,emp_0165
WF-1064,HR Onboarding,Operations,Approved,2026-06-23T08:18:00,emp_0067
WF-1065,Procurement,Operations,Submitted,2026-06-26T05:40:00,emp_0075
WF-1065,Procurement,Operations,Under Review,2026-06-28T04:40:00,emp_0167
WF-1065,Procurement,Operations,Manager Approval,2026-06-29T16:40:00,emp_0106
WF-1065,Procurement,Operations,Approved,2026-06-30T00:40:00,emp_0094
WF-1066,HR Onboarding,IT,Submitted,2026-07-01T13:49:00,emp_0036
WF-1066,HR Onboarding,IT,Under Review,2026-07-03T13:49:00,emp_0148
WF-1066,HR Onboarding,IT,Manager Approval,2026-07-05T00:49:00,emp_0199
WF-1066,HR Onboarding,IT,Compliance Check,2026-07-05T08:49:00,emp_0066
WF-1066,HR Onboarding,IT,Approved,2026-07-06T05:49:00,emp_0067
WF-1067,Finance Approval,Operations,Submitted,2026-06-27T00:13:00,emp_0183
WF-1067,Finance Approval,Operations,Under Review,2026-06-28T15:13:00,emp_0012
WF-1067,Finance Approval,Operations,Manager Approval,2026-06-30T08:13:00,emp_0171
WF-1067,Finance Approval,Operations,Rejected,2026-07-01T11:13:00,emp_0129
WF-1068,IT Service Request,Operations,Submitted,2026-06-15T01:11:00,emp_0086
WF-1068,IT Service Request,Operations,Under Review,2026-06-16T00:11:00,emp_0155
WF-1068,IT Service Request,Operations,Manager Approval,2026-06-16T08:11:00,emp_0006
WF-1068,IT Service Request,Operations,Rejected,2026-06-17T05:11:00,emp_0088
WF-1069,Procurement,Sales,Submitted,2026-06-07T20:19:00,emp_0032
WF-1069,Procurement,Sales,Under Review,2026-06-08T22:19:00,emp_0197
WF-1069,Procurement,Sales,Manager Approval,2026-06-09T17:19:00,emp_0040
WF-1069,Procurement,Sales,Approved,2026-06-11T08:19:00,emp_0013
WF-1070,Legal Review,Operations,Submitted,2026-06-21T14:58:00,emp_0137
WF-1070,Legal Review,Operations,Under Review,2026-06-22T23:58:00,emp_0120
WF-1070,Legal Review,Operations,Manager Approval,2026-06-23T18:58:00,emp_0107
WF-1070,Legal Review,Operations,Compliance Check,2026-06-23T20:58:00,emp_0056
WF-1070,Legal Review,Operations,Rejected,2026-06-25T13:58:00,emp_0024
WF-1071,IT Service Request,IT,Submitted,2026-06-09T00:37:00,emp_0111
WF-1071,IT Service Request,IT,Under Review,2026-06-10T17:37:00,emp_0003
WF-1071,IT Service Request,IT,Manager Approval,2026-06-11T20:37:00,emp_0112
WF-1071,IT Service Request,IT,Compliance Check,2026-06-12T23:37:00,emp_0124
WF-1071,IT Service Request,IT,Approved,2026-06-13T20:37:00,emp_0103
WF-1072,HR Onboarding,Legal,Submitted,2026-06-11T11:49:00,emp_0177
WF-1072,HR Onboarding,Legal,Under Review,2026-06-12T04:49:00,emp_0116
WF-1072,HR Onboarding,Legal,Manager Approval,2026-06-12T13:49:00,emp_0162
WF-1072,HR Onboarding,Legal,Rejected,2026-06-12T19:49:00,emp_0052
WF-1073,Legal Review,Finance,Submitted,2026-06-17T18:15:00,emp_0119
WF-1073,Legal Review,Finance,Under Review,2026-06-19T13:15:00,emp_0189
WF-1073,Legal Review,Finance,Manager Approval,2026-06-20T19:15:00,emp_0152
WF-1073,Legal Review,Finance,Compliance Check,2026-06-22T11:15:00,emp_0099
WF-1073,Legal Review,Finance,Approved,2026-06-24T05:15:00,emp_0032
WF-1074,Procurement,Operations,Submitted,2026-06-18T03:25:00,emp_0101
WF-1074,Procurement,Operations,Under Review,2026-06-18T05:25:00,emp_0191
WF-1074,Procurement,Operations,Manager Approval,2026-06-19T06:25:00,emp_0018
WF-1074,Procurement,Operations,Compliance Check,2026-06-19T22:25:00,emp_0193
WF-1074,Procurement,Operations,Approved,2026-06-21T06:25:00,emp_0124
WF-1075,Procurement,Finance,Submitted,2026-06-16T06:56:00,emp_0101
WF-1075,Procurement,Finance,Under Review,2026-06-16T13:56:00,emp_0013
WF-1075,Procurement,Finance,Manager Approval,2026-06-17T06:56:00,emp_0187
WF-1075,Procurement,Finance,Compliance Check,2026-06-18T05:56:00,emp_0007
WF-1075,Procurement,Finance,Rejected,2026-06-18T15:56:00,emp_0125
WF-1076,HR Onboarding,Finance,Submitted,2026-06-29T20:49:00,emp_0031
WF-1076,HR Onboarding,Finance,Under Review,2026-07-01T16:49:00,emp_0192
WF-1076,HR Onboarding,Finance,Manager Approval,2026-07-03T02:49:00,emp_0042
WF-1076,HR Onboarding,Finance,Compliance Check,2026-07-03T05:49:00,emp_0184
WF-1076,HR Onboarding,Finance,Approved,2026-07-03T08:49:00,emp_0016
WF-1077,Procurement,IT,Submitted,2026-06-02T07:53:00,emp_0175
WF-1077,Procurement,IT,Under Review,2026-06-03T16:53:00,emp_0088
WF-1077,Procurement,IT,Compliance Check,2026-06-03T17:53:00,emp_0158
WF-1077,Procurement,IT,Rejected,2026-06-05T13:53:00,emp_0057
WF-1078,HR Onboarding,Finance,Submitted,2026-06-20T03:06:00,emp_0148
WF-1078,HR Onboarding,Finance,Under Review,2026-06-21T15:06:00,emp_0004
WF-1078,HR Onboarding,Finance,Manager Approval,2026-06-22T05:06:00,emp_0022
WF-1078,HR Onboarding,Finance,Approved,2026-06-23T11:06:00,emp_0071
WF-1079,HR Onboarding,Finance,Submitted,2026-06-03T22:13:00,emp_0056
WF-1079,HR Onboarding,Finance,Under Review,2026-06-05T17:13:00,emp_0130
WF-1079,HR Onboarding,Finance,Manager Approval,2026-06-07T05:13:00,emp_0175
WF-1079,HR Onboarding,Finance,Compliance Check,2026-06-09T00:13:00,emp_0032
WF-1079,HR Onboarding,Finance,Rejected,2026-06-10T01:13:00,emp_0047
WF-1080,Finance Approval,Finance,Submitted,2026-06-21T23:43:00,emp_0111
WF-1080,Finance Approval,Finance,Under Review,2026-06-22T12:43:00,emp_0166
WF-1080,Finance Approval,Finance,Manager Approval,2026-06-22T15:43:00,emp_0073
WF-1080,Finance Approval,Finance,Compliance Check,2026-06-23T02:43:00,emp_0142
WF-1080,Finance Approval,Finance,Rejected,2026-06-23T19:43:00,emp_0034
WF-1081,Procurement,Sales,Submitted,2026-06-18T05:30:00,emp_0146
WF-1081,Procurement,Sales,Under Review,2026-06-19T23:30:00,emp_0042
WF-1081,Procurement,Sales,Approved,2026-06-21T11:30:00,emp_0115
WF-1082,Legal Review,Human Resources,Submitted,2026-06-26T17:27:00,emp_0115
WF-1082,Legal Review,Human Resources,Under Review,2026-06-27T04:27:00,emp_0168
WF-1082,Legal Review,Human Resources,Manager Approval,2026-06-27T15:27:00,emp_0070
WF-1082,Legal Review,Human Resources,Compliance Check,2026-06-28T12:27:00,emp_0013
WF-1082,Legal Review,Human Resources,Rejected,2026-06-30T04:27:00,emp_0056
WF-1083,Procurement,Human Resources,Submitted,2026-06-21T01:06:00,emp_0120
WF-1083,Procurement,Human Resources,Under Review,2026-06-21T21:06:00,emp_0154
WF-1083,Procurement,Human Resources,Manager Approval,2026-06-22T17:06:00,emp_0169
WF-1083,Procurement,Human Resources,Approved,2026-06-23T06:06:00,emp_0159
WF-1084,Legal Review,IT,Submitted,2026-06-29T13:17:00,emp_0068
WF-1084,Legal Review,IT,Under Review,2026-06-30T10:17:00,emp_0095
WF-1084,Legal Review,IT,Manager Approval,2026-06-30T19:17:00,emp_0014
WF-1084,Legal Review,IT,Compliance Check,2026-07-01T07:17:00,emp_0027
WF-1084,Legal Review,IT,Approved,2026-07-01T16:17:00,emp_0125
WF-1085,Legal Review,Finance,Submitted,2026-06-20T14:33:00,emp_0111
WF-1085,Legal Review,Finance,Under Review,2026-06-22T11:33:00,emp_0018
WF-1085,Legal Review,Finance,Manager Approval,2026-06-22T14:33:00,emp_0180
WF-1085,Legal Review,Finance,Compliance Check,2026-06-24T02:33:00,emp_0167
WF-1085,Legal Review,Finance,Approved,2026-06-26T01:33:00,emp_0108
WF-1086,IT Service Request,IT,Submitted,2026-07-02T03:31:00,emp_0107
WF-1086,IT Service Request,IT,Under Review,2026-07-02T08:31:00,emp_0108
WF-1086,IT Service Request,IT,Manager Approval,2026-07-03T02:31:00,emp_0058
WF-1086,IT Service Request,IT,Rejected,2026-07-04T17:31:00,emp_0160
WF-1087,Finance Approval,Supply Chain,Submitted,2026-06-18T15:28:00,emp_0155
WF-1087,Finance Approval,Supply Chain,Under Review,2026-06-19T13:28:00,emp_0120
WF-1087,Finance Approval,Supply Chain,Manager Approval,2026-06-20T01:28:00,emp_0016
WF-1087,Finance Approval,Supply Chain,Rejected,2026-06-20T02:28:00,emp_0069
WF-1088,IT Service Request,Legal,Submitted,2026-06-12T22:08:00,emp_0114
WF-1088,IT Service Request,Legal,Under Review,2026-06-14T18:08:00,emp_0059
WF-1088,IT Service Request,Legal,Manager Approval,2026-06-16T05:08:00,emp_0063
WF-1088,IT Service Request,Legal,Compliance Check,2026-06-17T15:08:00,emp_0136
WF-1088,IT Service Request,Legal,Rejected,2026-06-17T16:08:00,emp_0192
WF-1089,Finance Approval,Finance,Submitted,2026-06-01T05:35:00,emp_0123
WF-1089,Finance Approval,Finance,Under Review,2026-06-03T04:35:00,emp_0175
WF-1089,Finance Approval,Finance,Manager Approval,2026-06-03T15:35:00,emp_0145
WF-1089,Finance Approval,Finance,Rejected,2026-06-05T05:35:00,emp_0036
WF-1090,HR Onboarding,Supply Chain,Submitted,2026-06-06T08:49:00,emp_0070
WF-1090,HR Onboarding,Supply Chain,Under Review,2026-06-07T19:49:00,emp_0177
WF-1090,HR Onboarding,Supply Chain,Manager Approval,2026-06-08T19:49:00,emp_0059
WF-1090,HR Onboarding,Supply Chain,Approved,2026-06-09T21:49:00,emp_0020
WF-1091,IT Service Request,IT,Submitted,2026-06-03T19:08:00,emp_0136
WF-1091,IT Service Request,IT,Under Review,2026-06-05T13:08:00,emp_0015
WF-1091,IT Service Request,IT,Manager Approval,2026-06-06T03:08:00,emp_0008
WF-1091,IT Service Request,IT,Approved,2026-06-08T02:08:00,emp_0029
WF-1092,Legal Review,IT,Submitted,2026-06-20T18:46:00,emp_0161
WF-1092,Legal Review,IT,Under Review,2026-06-22T17:46:00,emp_0118
WF-1092,Legal Review,IT,Manager Approval,2026-06-22T20:46:00,emp_0108
WF-1092,Legal Review,IT,Rejected,2026-06-23T00:46:00,emp_0076
WF-1093,Legal Review,Supply Chain,Submitted,2026-06-27T09:15:00,emp_0153
WF-1093,Legal Review,Supply Chain,Under Review,2026-06-28T03:15:00,emp_0053
WF-1093,Legal Review,Supply Chain,Manager Approval,2026-06-30T03:15:00,emp_0013
WF-1093,Legal Review,Supply Chain,Approved,2026-06-30T12:15:00,emp_0144
WF-1094,Legal Review,Legal,Submitted,2026-06-02T18:08:00,emp_0146
WF-1094,Legal Review,Legal,Under Review,2026-06-03T16:08:00,emp_0146
WF-1094,Legal Review,Legal,Manager Approval,2026-06-04T01:08:00,emp_0156
WF-1094,Legal Review,Legal,Approved,2026-06-05T09:08:00,emp_0033
WF-1095,Legal Review,Sales,Submitted,2026-06-12T00:15:00,emp_0137
WF-1095,Legal Review,Sales,Under Review,2026-06-13T16:15:00,emp_0075
WF-1095,Legal Review,Sales,Manager Approval,2026-06-14T06:15:00,emp_0024
WF-1095,Legal Review,Sales,Rejected,2026-06-14T22:15:00,emp_0120
WF-1096,Legal Review,Human Resources,Submitted,2026-06-03T04:40:00,emp_0094
WF-1096,Legal Review,Human Resources,Under Review,2026-06-03T06:40:00,emp_0142
WF-1096,Legal Review,Human Resources,Manager Approval,2026-06-04T14:40:00,emp_0152
WF-1096,Legal Review,Human Resources,Rejected,2026-06-05T14:40:00,emp_0064
WF-1097,Legal Review,IT,Submitted,2026-06-09T23:16:00,emp_0048
WF-1097,Legal Review,IT,Under Review,2026-06-10T10:16:00,emp_0155
WF-1097,Legal Review,IT,Approved,2026-06-11T18:16:00,emp_0088
WF-1098,Legal Review,Finance,Submitted,2026-06-08T13:40:00,emp_0067
WF-1098,Legal Review,Finance,Under Review,2026-06-09T12:40:00,emp_0162
WF-1098,Legal Review,Finance,Manager Approval,2026-06-09T19:40:00,emp_0143
WF-1098,Legal Review,Finance,Approved,2026-06-11T19:40:00,emp_0087
WF-1099,HR Onboarding,Operations,Submitted,2026-06-18T10:54:00,emp_0158
WF-1099,HR Onboarding,Operations,Under Review,2026-06-18T20:54:00,emp_0055
WF-1099,HR Onboarding,Operations,Manager Approval,2026-06-19T00:54:00,emp_0100
WF-1099,HR Onboarding,Operations,Compliance Check,2026-06-21T00:54:00,emp_0083
WF-1099,HR Onboarding,Operations,Rejected,2026-06-22T02:54:00,emp_0115
WF-1100,IT Service Request,IT,Submitted,2026-06-15T05:42:00,emp_0104
WF-1100,IT Service Request,IT,Under Review,2026-06-15T16:42:00,emp_0158
WF-1100,IT Service Request,IT,Compliance Check,2026-06-16T05:42:00,emp_0199
WF-1100,IT Service Request,IT,Rejected,2026-06-17T17:42:00,emp_0059
WF-1101,HR Onboarding,Operations,Submitted,2026-06-27T06:08:00,emp_0177
WF-1101,HR Onboarding,Operations,Under Review,2026-06-27T08:08:00,emp_0111
WF-1101,HR Onboarding,Operations,Manager Approval,2026-06-28T08:08:00,emp_0117
WF-1101,HR Onboarding,Operations,Rejected,2026-06-29T09:08:00,emp_0200
WF-1102,IT Service Request,IT,Submitted,2026-06-15T20:33:00,emp_0161
WF-1102,IT Service Request,IT,Under Review,2026-06-17T00:33:00,emp_0131
WF-1102,IT Service Request,IT,Manager Approval,2026-06-18T16:33:00,emp_0135
WF-1102,IT Service Request,IT,Rejected,2026-06-20T00:33:00,emp_0160
WF-1103,HR Onboarding,Legal,Submitted,2026-06-11T05:51:00,emp_0009
WF-1103,HR Onboarding,Legal,Under Review,2026-06-12T04:51:00,emp_0079
WF-1103,HR Onboarding,Legal,Manager Approval,2026-06-12T10:51:00,emp_0015
WF-1103,HR Onboarding,Legal,Compliance Check,2026-06-13T19:51:00,emp_0138
WF-1103,HR Onboarding,Legal,Rejected,2026-06-14T17:51:00,emp_0153
WF-1104,HR Onboarding,Supply Chain,Submitted,2026-06-26T06:24:00,emp_0029
WF-1104,HR Onboarding,Supply Chain,Under Review,2026-06-26T20:24:00,emp_0074
WF-1104,HR Onboarding,Supply Chain,Manager Approval,2026-06-27T12:24:00,emp_0127
WF-1104,HR Onboarding,Supply Chain,Rejected,2026-06-29T00:24:00,emp_0141
WF-1105,Finance Approval,Sales,Submitted,2026-06-25T02:33:00,emp_0162
WF-1105,Finance Approval,Sales,Under Review,2026-06-25T07:33:00,emp_0048
WF-1105,Finance Approval,Sales,Manager Approval,2026-06-25T17:33:00,emp_0114
WF-1105,Finance Approval,Sales,Compliance Check,2026-06-26T21:33:00,emp_0123
WF-1105,Finance Approval,Sales,Rejected,2026-06-27T14:33:00,emp_0020
WF-1106,Procurement,Finance,Submitted,2026-06-26T12:01:00,emp_0171
WF-1106,Procurement,Finance,Under Review,2026-06-28T07:01:00,emp_0052
WF-1106,Procurement,Finance,Manager Approval,2026-06-28T21:01:00,emp_0095
WF-1106,Procurement,Finance,Compliance Check,2026-06-30T16:01:00,emp_0101
WF-1106,Procurement,Finance,Rejected,2026-07-01T04:01:00,emp_0191
WF-1107,Finance Approval,Legal,Submitted,2026-06-12T06:09:00,emp_0027
WF-1107,Finance Approval,Legal,Under Review,2026-06-12T18:09:00,emp_0029
WF-1107,Finance Approval,Legal,Manager Approval,2026-06-12T19:09:00,emp_0184
WF-1107,Finance Approval,Legal,Compliance Check,2026-06-14T05:09:00,emp_0086
WF-1107,Finance Approval,Legal,Approved,2026-06-15T16:09:00,emp_0141
WF-1108,HR Onboarding,Human Resources,Submitted,2026-06-06T21:53:00,emp_0175
WF-1108,HR Onboarding,Human Resources,Under Review,2026-06-08T17:53:00,emp_0072
WF-1108,HR Onboarding,Human Resources,Manager Approval,2026-06-08T21:53:00,emp_0147
WF-1108,HR Onboarding,Human Resources,Rejected,2026-06-09T11:53:00,emp_0025
WF-1109,Finance Approval,Legal,Submitted,2026-06-16T06:11:00,emp_0059
WF-1109,Finance Approval,Legal,Under Review,2026-06-16T08:11:00,emp_0085
WF-1109,Finance Approval,Legal,Manager Approval,2026-06-16T17:11:00,emp_0107
WF-1109,Finance Approval,Legal,Approved,2026-06-18T12:11:00,emp_0010
WF-1110,HR Onboarding,Human Resources,Submitted,2026-06-25T14:35:00,emp_0130
WF-1110,HR Onboarding,Human Resources,Under Review,2026-06-26T07:35:00,emp_0050
WF-1110,HR Onboarding,Human Resources,Manager Approval,2026-06-26T19:35:00,emp_0105
WF-1110,HR Onboarding,Human Resources,Approved,2026-06-27T22:35:00,emp_0111
WF-1111,Legal Review,Finance,Submitted,2026-06-07T17:24:00,emp_0033
WF-1111,Legal Review,Finance,Under Review,2026-06-09T16:24:00,emp_0188
WF-1111,Legal Review,Finance,Manager Approval,2026-06-10T04:24:00,emp_0169
WF-1111,Legal Review,Finance,Compliance Check,2026-06-11T10:24:00,emp_0148
WF-1111,Legal Review,Finance,Approved,2026-06-13T00:24:00,emp_0175
WF-1112,Finance Approval,IT,Submitted,2026-06-21T03:10:00,emp_0063
WF-1112,Finance Approval,IT,Under Review,2026-06-22T08:10:00,emp_0002
WF-1112,Finance Approval,IT,Manager Approval,2026-06-23T04:10:00,emp_0063
WF-1112,Finance Approval,IT,Approved,2026-06-24T20:10:00,emp_0175
WF-1113,HR Onboarding,Human Resources,Submitted,2026-06-09T22:25:00,emp_0163
WF-1113,HR Onboarding,Human Resources,Under Review,2026-06-10T12:25:00,emp_0175
WF-1113,HR Onboarding,Human Resources,Manager Approval,2026-06-11T08:25:00,emp_0181
WF-1113,HR Onboarding,Human Resources,Compliance Check,2026-06-11T22:25:00,emp_0007
WF-1113,HR Onboarding,Human Resources,Approved,2026-06-13T04:25:00,emp_0137
WF-1114,HR Onboarding,Finance,Submitted,2026-06-22T23:20:00,emp_0046
WF-1114,HR Onboarding,Finance,Under Review,2026-06-24T03:20:00,emp_0149
WF-1114,HR Onboarding,Finance,Manager Approval,2026-06-24T08:20:00,emp_0028
WF-1114,HR Onboarding,Finance,Compliance Check,2026-06-25T14:20:00,emp_0174
WF-1114,HR Onboarding,Finance,Rejected,2026-06-26T09:20:00,emp_0165
WF-1115,Legal Review,Operations,Submitted,2026-06-19T00:02:00,emp_0024
WF-1115,Legal Review,Operations,Under Review,2026-06-20T10:02:00,emp_0137
WF-1115,Legal Review,Operations,Manager Approval,2026-06-20T23:02:00,emp_0165
WF-1115,Legal Review,Operations,Approved,2026-06-21T12:02:00,emp_0096
WF-1116,IT Service Request,Supply Chain,Submitted,2026-06-20T08:46:00,emp_0183
WF-1116,IT Service Request,Supply Chain,Under Review,2026-06-21T19:46:00,emp_0044
WF-1116,IT Service Request,Supply Chain,Manager Approval,2026-06-23T15:46:00,emp_0153
WF-1116,IT Service Request,Supply Chain,Approved,2026-06-25T00:46:00,emp_0120
WF-1117,IT Service Request,Supply Chain,Submitted,2026-06-06T09:49:00,emp_0187
WF-1117,IT Service Request,Supply Chain,Under Review,2026-06-06T21:49:00,emp_0127
WF-1117,IT Service Request,Supply Chain,Manager Approval,2026-06-08T14:49:00,emp_0142
WF-1117,IT Service Request,Supply Chain,Rejected,2026-06-10T14:49:00,emp_0048
WF-1118,Legal Review,Sales,Submitted,2026-06-02T11:14:00,emp_0142
WF-1118,Legal Review,Sales,Under Review,2026-06-03T02:14:00,emp_0040
WF-1118,Legal Review,Sales,Manager Approval,2026-06-04T02:14:00,emp_0164
WF-1118,Legal Review,Sales,Compliance Check,2026-06-05T17:14:00,emp_0142
WF-1118,Legal Review,Sales,Approved,2026-06-06T12:14:00,emp_0187
WF-1119,HR Onboarding,Supply Chain,Submitted,2026-06-10T03:17:00,emp_0093
WF-1119,HR Onboarding,Supply Chain,Under Review,2026-06-11T02:17:00,emp_0111
WF-1119,HR Onboarding,Supply Chain,Manager Approval,2026-06-12T03:17:00,emp_0068
WF-1119,HR Onboarding,Supply Chain,Approved,2026-06-12T07:17:00,emp_0083
WF-1120,IT Service Request,Human Resources,Submitted,2026-06-17T15:02:00,emp_0071
WF-1120,IT Service Request,Human Resources,Under Review,2026-06-17T18:02:00,emp_0130
WF-1120,IT Service Request,Human Resources,Manager Approval,2026-06-17T23:02:00,emp_0144
WF-1120,IT Service Request,Human Resources,Rejected,2026-06-18T15:02:00,emp_0086
WF-1121,Legal Review,Operations,Submitted,2026-06-21T04:20:00,emp_0100
WF-1121,Legal Review,Operations,Under Review,2026-06-21T08:20:00,emp_0026
WF-1121,Legal Review,Operations,Manager Approval,2026-06-22T00:20:00,emp_0142
WF-1121,Legal Review,Operations,Compliance Check,2026-06-23T05:20:00,emp_0063
WF-1121,Legal Review,Operations,Approved,2026-06-24T00:20:00,emp_0135
WF-1122,Finance Approval,Human Resources,Submitted,2026-07-01T02:38:00,emp_0168
WF-1122,Finance Approval,Human Resources,Under Review,2026-07-02T20:38:00,emp_0113
WF-1122,Finance Approval,Human Resources,Manager Approval,2026-07-03T06:38:00,emp_0028
WF-1122,Finance Approval,Human Resources,Compliance Check,2026-07-03T22:38:00,emp_0188
WF-1122,Finance Approval,Human Resources,Rejected,2026-07-04T12:38:00,emp_0129
WF-1123,Legal Review,Human Resources,Submitted,2026-06-06T08:27:00,emp_0135
WF-1123,Legal Review,Human Resources,Under Review,2026-06-07T20:27:00,emp_0075
WF-1123,Legal Review,Human Resources,Manager Approval,2026-06-07T21:27:00,emp_0184
WF-1123,Legal Review,Human Resources,Rejected,2026-06-08T11:27:00,emp_0124
WF-1124,Legal Review,Human Resources,Submitted,2026-06-20T16:01:00,emp_0070
WF-1124,Legal Review,Human Resources,Under Review,2026-06-21T00:01:00,emp_0077
WF-1124,Legal Review,Human Resources,Manager Approval,2026-06-21T20:01:00,emp_0019
WF-1124,Legal Review,Human Resources,Compliance Check,2026-06-22T07:01:00,emp_0176
WF-1124,Legal Review,Human Resources,Approved,2026-06-23T07:01:00,emp_0006
WF-1125,IT Service Request,Human Resources,Submitted,2026-06-25T17:02:00,emp_0036
WF-1125,IT Service Request,Human Resources,Under Review,2026-06-25T18:02:00,emp_0104
WF-1125,IT Service Request,Human Resources,Manager Approval,2026-06-27T10:02:00,emp_0042
WF-1125,IT Service Request,Human Resources,Rejected,2026-06-28T07:02:00,emp_0064
WF-1126,Procurement,Operations,Submitted,2026-06-04T05:23:00,emp_0181
WF-1126,Procurement,Operations,Under Review,2026-06-05T20:23:00,emp_0022
WF-1126,Procurement,Operations,Manager Approval,2026-06-05T22:23:00,emp_0113
WF-1126,Procurement,Operations,Compliance Check,2026-06-06T12:23:00,emp_0071
WF-1126,Procurement,Operations,Approved,2026-06-06T21:23:00,emp_0029
WF-1127,Legal Review,Legal,Submitted,2026-06-11T07:57:00,emp_0085
WF-1127,Legal Review,Legal,Under Review,2026-06-12T06:57:00,emp_0113
WF-1127,Legal Review,Legal,Manager Approval,2026-06-13T08:57:00,emp_0089
WF-1127,Legal Review,Legal,Approved,2026-06-13T19:57:00,emp_0116
WF-1128,Procurement,Operations,Submitted,2026-06-21T19:50:00,emp_0052
WF-1128,Procurement,Operations,Under Review,2026-06-21T21:50:00,emp_0034
WF-1128,Procurement,Operations,Manager Approval,2026-06-22T03:50:00,emp_0108
WF-1128,Procurement,Operations,Rejected,2026-06-22T11:50:00,emp_0163
WF-1129,HR Onboarding,Sales,Submitted,2026-06-16T05:06:00,emp_0045
WF-1129,HR Onboarding,Sales,Under Review,2026-06-17T04:06:00,emp_0040
WF-1129,HR Onboarding,Sales,Manager Approval,2026-06-17T05:06:00,emp_0131
WF-1129,HR Onboarding,Sales,Approved,2026-06-18T12:06:00,emp_0058
WF-1130,Finance Approval,Supply Chain,Submitted,2026-06-14T21:59:00,emp_0092
WF-1130,Finance Approval,Supply Chain,Under Review,2026-06-14T22:59:00,emp_0151
WF-1130,Finance Approval,Supply Chain,Manager Approval,2026-06-16T17:59:00,emp_0114
WF-1130,Finance Approval,Supply Chain,Compliance Check,2026-06-18T05:59:00,emp_0008
WF-1130,Finance Approval,Supply Chain,Approved,2026-06-19T04:59:00,emp_0197
WF-1131,Finance Approval,Supply Chain,Submitted,2026-06-27T14:35:00,emp_0199
WF-1131,Finance Approval,Supply Chain,Under Review,2026-06-29T01:35:00,emp_0179
WF-1131,Finance Approval,Supply Chain,Compliance Check,2026-06-30T11:35:00,emp_0150
WF-1131,Finance Approval,Supply Chain,Approved,2026-07-01T19:35:00,emp_0075
WF-1132,HR Onboarding,Sales,Submitted,2026-06-12T06:59:00,emp_0160
WF-1132,HR Onboarding,Sales,Under Review,2026-06-13T07:59:00,emp_0148
WF-1132,HR Onboarding,Sales,Manager Approval,2026-06-14T15:59:00,emp_0038
WF-1132,HR Onboarding,Sales,Rejected,2026-06-16T01:59:00,emp_0013
WF-1133,Legal Review,Legal,Submitted,2026-06-26T23:38:00,emp_0048
WF-1133,Legal Review,Legal,Under Review,2026-06-28T20:38:00,emp_0120
WF-1133,Legal Review,Legal,Approved,2026-06-30T18:38:00,emp_0025
WF-1134,HR Onboarding,IT,Submitted,2026-06-29T08:58:00,emp_0112
WF-1134,HR Onboarding,IT,Under Review,2026-06-29T17:58:00,emp_0139
WF-1134,HR Onboarding,IT,Compliance Check,2026-06-30T18:58:00,emp_0144
WF-1134,HR Onboarding,IT,Rejected,2026-07-01T07:58:00,emp_0005
WF-1135,Procurement,IT,Submitted,2026-06-21T19:27:00,emp_0168
WF-1135,Procurement,IT,Under Review,2026-06-22T18:27:00,emp_0095
WF-1135,Procurement,IT,Compliance Check,2026-06-23T12:27:00,emp_0036
WF-1135,Procurement,IT,Rejected,2026-06-25T00:27:00,emp_0016
WF-1136,Procurement,Human Resources,Submitted,2026-06-08T03:13:00,emp_0143
WF-1136,Procurement,Human Resources,Under Review,2026-06-09T22:13:00,emp_0159
WF-1136,Procurement,Human Resources,Manager Approval,2026-06-10T15:13:00,emp_0168
WF-1136,Procurement,Human Resources,Approved,2026-06-11T02:13:00,emp_0102
WF-1137,Legal Review,Operations,Submitted,2026-06-28T21:42:00,emp_0161
WF-1137,Legal Review,Operations,Under Review,2026-06-30T18:42:00,emp_0179
WF-1137,Legal Review,Operations,Rejected,2026-07-02T06:42:00,emp_0022
WF-1138,Finance Approval,Sales,Submitted,2026-06-13T11:42:00,emp_0116
WF-1138,Finance Approval,Sales,Under Review,2026-06-14T10:42:00,emp_0130
WF-1138,Finance Approval,Sales,Manager Approval,2026-06-16T05:42:00,emp_0065
WF-1138,Finance Approval,Sales,Compliance Check,2026-06-17T21:42:00,emp_0130
WF-1138,Finance Approval,Sales,Approved,2026-06-19T11:42:00,emp_0146
WF-1139,Procurement,Supply Chain,Submitted,2026-06-20T09:27:00,emp_0067
WF-1139,Procurement,Supply Chain,Under Review,2026-06-22T03:27:00,emp_0131
WF-1139,Procurement,Supply Chain,Manager Approval,2026-06-23T13:27:00,emp_0076
WF-1139,Procurement,Supply Chain,Rejected,2026-06-24T16:27:00,emp_0148
WF-1140,Procurement,Legal,Submitted,2026-06-22T08:06:00,emp_0187
WF-1140,Procurement,Legal,Under Review,2026-06-23T08:06:00,emp_0053
WF-1140,Procurement,Legal,Manager Approval,2026-06-23T10:06:00,emp_0136
WF-1140,Procurement,Legal,Compliance Check,2026-06-25T05:06:00,emp_0057
WF-1140,Procurement,Legal,Approved,2026-06-26T04:06:00,emp_0125
WF-1141,Procurement,Human Resources,Submitted,2026-06-27T07:30:00,emp_0036
WF-1141,Procurement,Human Resources,Under Review,2026-06-28T00:30:00,emp_0112
WF-1141,Procurement,Human Resources,Manager Approval,2026-06-28T08:30:00,emp_0042
WF-1141,Procurement,Human Resources,Compliance Check,2026-06-29T11:30:00,emp_0019
WF-1141,Procurement,Human Resources,Rejected,2026-06-30T05:30:00,emp_0140
WF-1142,Legal Review,Finance,Submitted,2026-06-09T12:39:00,emp_0078
WF-1142,Legal Review,Finance,Under Review,2026-06-10T18:39:00,emp_0179
WF-1142,Legal Review,Finance,Manager Approval,2026-06-11T14:39:00,emp_0096
WF-1142,Legal Review,Finance,Compliance Check,2026-06-12T05:39:00,emp_0156
WF-1142,Legal Review,Finance,Approved,2026-06-13T07:39:00,emp_0098
WF-1143,Finance Approval,Finance,Submitted,2026-06-07T13:03:00,emp_0128
WF-1143,Finance Approval,Finance,Under Review,2026-06-07T17:03:00,emp_0135
WF-1143,Finance Approval,Finance,Manager Approval,2026-06-07T20:03:00,emp_0172
WF-1143,Finance Approval,Finance,Compliance Check,2026-06-08T06:03:00,emp_0120
WF-1143,Finance Approval,Finance,Approved,2026-06-09T08:03:00,emp_0182
WF-1144,Finance Approval,Sales,Submitted,2026-06-12T22:34:00,emp_0159
WF-1144,Finance Approval,Sales,Under Review,2026-06-13T23:34:00,emp_0179
WF-1144,Finance Approval,Sales,Manager Approval,2026-06-15T09:34:00,emp_0101
WF-1144,Finance Approval,Sales,Compliance Check,2026-06-16T23:34:00,emp_0054
WF-1144,Finance Approval,Sales,Rejected,2026-06-17T21:34:00,emp_0015
WF-1145,IT Service Request,Human Resources,Submitted,2026-06-14T10:40:00,emp_0158
WF-1145,IT Service Request,Human Resources,Under Review,2026-06-16T04:40:00,emp_0078
WF-1145,IT Service Request,Human Resources,Manager Approval,2026-06-16T22:40:00,emp_0078
WF-1145,IT Service Request,Human Resources,Compliance Check,2026-06-16T23:40:00,emp_0074
WF-1145,IT Service Request,Human Resources,Rejected,2026-06-18T18:40:00,emp_0133
WF-1146,Procurement,Human Resources,Submitted,2026-06-26T08:19:00,emp_0197
WF-1146,Procurement,Human Resources,Under Review,2026-06-26T18:19:00,emp_0136
WF-1146,Procurement,Human Resources,Approved,2026-06-28T14:19:00,emp_0035
WF-1147,Legal Review,Operations,Submitted,2026-06-21T10:24:00,emp_0003
WF-1147,Legal Review,Operations,Under Review,2026-06-22T15:24:00,emp_0058
WF-1147,Legal Review,Operations,Manager Approval,2026-06-23T18:24:00,emp_0141
WF-1147,Legal Review,Operations,Compliance Check,2026-06-25T17:24:00,emp_0109
WF-1147,Legal Review,Operations,Rejected,2026-06-26T04:24:00,emp_0084
WF-1148,Legal Review,Human Resources,Submitted,2026-06-04T20:52:00,emp_0199
WF-1148,Legal Review,Human Resources,Under Review,2026-06-05T22:52:00,emp_0009
WF-1148,Legal Review,Human Resources,Manager Approval,2026-06-07T06:52:00,emp_0125
WF-1148,Legal Review,Human Resources,Approved,2026-06-08T23:52:00,emp_0057
WF-1149,HR Onboarding,Legal,Submitted,2026-06-19T23:56:00,emp_0010
WF-1149,HR Onboarding,Legal,Under Review,2026-06-21T07:56:00,emp_0055
WF-1149,HR Onboarding,Legal,Manager Approval,2026-06-23T03:56:00,emp_0114
WF-1149,HR Onboarding,Legal,Compliance Check,2026-06-24T02:56:00,emp_0155
WF-1149,HR Onboarding,Legal,Approved,2026-06-25T12:56:00,emp_0054
WF-1150,IT Service Request,Finance,Submitted,2026-06-21T11:08:00,emp_0140
WF-1150,IT Service Request,Finance,Under Review,2026-06-23T00:08:00,emp_0065
WF-1150,IT Service Request,Finance,Manager Approval,2026-06-23T07:08:00,emp_0057
WF-1150,IT Service Request,Finance,Compliance Check,2026-06-23T23:08:00,emp_0138
WF-1150,IT Service Request,Finance,Rejected,2026-06-25T01:08:00,emp_0070
WF-1151,Legal Review,IT,Submitted,2026-06-22T20:44:00,emp_0168
WF-1151,Legal Review,IT,Under Review,2026-06-23T06:44:00,emp_0078
WF-1151,Legal Review,IT,Manager Approval,2026-06-24T09:44:00,emp_0131
WF-1151,Legal Review,IT,Approved,2026-06-24T23:44:00,emp_0141
WF-1152,Legal Review,Legal,Submitted,2026-06-05T06:04:00,emp_0196
WF-1152,Legal Review,Legal,Under Review,2026-06-05T08:04:00,emp_0081
WF-1152,Legal Review,Legal,Manager Approval,2026-06-05T23:04:00,emp_0153
WF-1152,Legal Review,Legal,Rejected,2026-06-06T05:04:00,emp_0064
WF-1153,HR Onboarding,Legal,Submitted,2026-06-12T14:14:00,emp_0035
WF-1153,HR Onboarding,Legal,Under Review,2026-06-13T21:14:00,emp_0033
WF-1153,HR Onboarding,Legal,Manager Approval,2026-06-15T02:14:00,emp_0124
WF-1153,HR Onboarding,Legal,Rejected,2026-06-16T19:14:00,emp_0048
WF-1154,Procurement,Finance,Submitted,2026-06-23T07:15:00,emp_0166
WF-1154,Procurement,Finance,Under Review,2026-06-25T02:15:00,emp_0054
WF-1154,Procurement,Finance,Manager Approval,2026-06-26T17:15:00,emp_0121
WF-1154,Procurement,Finance,Rejected,2026-06-27T04:15:00,emp_0183
WF-1155,Procurement,Legal,Submitted,2026-06-04T21:16:00,emp_0055
WF-1155,Procurement,Legal,Under Review,2026-06-05T08:16:00,emp_0018
WF-1155,Procurement,Legal,Manager Approval,2026-06-06T10:16:00,emp_0013
WF-1155,Procurement,Legal,Compliance Check,2026-06-06T18:16:00,emp_0145
WF-1155,Procurement,Legal,Rejected,2026-06-07T13:16:00,emp_0041
WF-1156,Finance Approval,Supply Chain,Submitted,2026-06-23T21:01:00,emp_0013
WF-1156,Finance Approval,Supply Chain,Under Review,2026-06-25T07:01:00,emp_0087
WF-1156,Finance Approval,Supply Chain,Manager Approval,2026-06-26T18:01:00,emp_0138
WF-1156,Finance Approval,Supply Chain,Compliance Check,2026-06-27T12:01:00,emp_0032
WF-1156,Finance Approval,Supply Chain,Rejected,2026-06-27T23:01:00,emp_0160
WF-1157,Procurement,Operations,Submitted,2026-06-17T22:48:00,emp_0112
WF-1157,Procurement,Operations,Under Review,2026-06-19T04:48:00,emp_0077
WF-1157,Procurement,Operations,Manager Approval,2026-06-19T14:48:00,emp_0146
WF-1157,Procurement,Operations,Rejected,2026-06-21T01:48:00,emp_0115
WF-1158,HR Onboarding,Legal,Submitted,2026-06-26T01:44:00,emp_0009
WF-1158,HR Onboarding,Legal,Under Review,2026-06-27T07:44:00,emp_0052
WF-1158,HR Onboarding,Legal,Rejected,2026-06-28T20:44:00,emp_0064
WF-1159,HR Onboarding,IT,Submitted,2026-06-07T01:35:00,emp_0010
WF-1159,HR Onboarding,IT,Under Review,2026-06-08T17:35:00,emp_0129
WF-1159,HR Onboarding,IT,Manager Approval,2026-06-10T09:35:00,emp_0018
WF-1159,HR Onboarding,IT,Approved,2026-06-12T08:35:00,emp_0018
WF-1160,HR Onboarding,Supply Chain,Submitted,2026-06-27T12:42:00,emp_0017
WF-1160,HR Onboarding,Supply Chain,Under Review,2026-06-28T09:42:00,emp_0158
WF-1160,HR Onboarding,Supply Chain,Compliance Check,2026-06-29T01:42:00,emp_0142
WF-1160,HR Onboarding,Supply Chain,Rejected,2026-06-30T04:42:00,emp_0041
WF-1161,Procurement,IT,Submitted,2026-06-20T20:21:00,emp_0016
WF-1161,Procurement,IT,Under Review,2026-06-22T20:21:00,emp_0160
WF-1161,Procurement,IT,Manager Approval,2026-06-23T01:21:00,emp_0145
WF-1161,Procurement,IT,Compliance Check,2026-06-24T09:21:00,emp_0113
WF-1161,Procurement,IT,Approved,2026-06-24T18:21:00,emp_0004
WF-1162,IT Service Request,IT,Submitted,2026-06-16T20:17:00,emp_0132
WF-1162,IT Service Request,IT,Under Review,2026-06-17T16:17:00,emp_0088
WF-1162,IT Service Request,IT,Compliance Check,2026-06-19T09:17:00,emp_0102
WF-1162,IT Service Request,IT,Approved,2026-06-20T17:17:00,emp_0065
WF-1163,Legal Review,Sales,Submitted,2026-06-13T00:14:00,emp_0023
WF-1163,Legal Review,Sales,Under Review,2026-06-13T08:14:00,emp_0066
WF-1163,Legal Review,Sales,Manager Approval,2026-06-14T03:14:00,emp_0153
WF-1163,Legal Review,Sales,Compliance Check,2026-06-14T11:14:00,emp_0108
WF-1163,Legal Review,Sales,Approved,2026-06-14T18:14:00,emp_0001
WF-1164,HR Onboarding,IT,Submitted,2026-06-20T10:23:00,emp_0068
WF-1164,HR Onboarding,IT,Under Review,2026-06-20T17:23:00,emp_0088
WF-1164,HR Onboarding,IT,Manager Approval,2026-06-22T15:23:00,emp_0118
WF-1164,HR Onboarding,IT,Compliance Check,2026-06-23T03:23:00,emp_0037
WF-1164,HR Onboarding,IT,Approved,2026-06-24T16:23:00,emp_0151
WF-1165,IT Service Request,Legal,Submitted,2026-06-09T01:37:00,emp_0051
WF-1165,IT Service Request,Legal,Under Review,2026-06-09T17:37:00,emp_0004
WF-1165,IT Service Request,Legal,Manager Approval,2026-06-11T15:37:00,emp_0044
WF-1165,IT Service Request,Legal,Compliance Check,2026-06-13T05:37:00,emp_0131
WF-1165,IT Service Request,Legal,Approved,2026-06-15T02:37:00,emp_0200
WF-1166,IT Service Request,Operations,Submitted,2026-06-24T03:44:00,emp_0130
WF-1166,IT Service Request,Operations,Under Review,2026-06-26T01:44:00,emp_0006
WF-1166,IT Service Request,Operations,Manager Approval,2026-06-26T04:44:00,emp_0030
WF-1166,IT Service Request,Operations,Approved,2026-06-26T15:44:00,emp_0009
WF-1167,HR Onboarding,IT,Submitted,2026-06-21T18:20:00,emp_0025
WF-1167,HR Onboarding,IT,Under Review,2026-06-23T12:20:00,emp_0076
WF-1167,HR Onboarding,IT,Manager Approval,2026-06-24T23:20:00,emp_0133
WF-1167,HR Onboarding,IT,Approved,2026-06-26T21:20:00,emp_0150
WF-1168,HR Onboarding,Human Resources,Submitted,2026-06-15T23:01:00,emp_0018
WF-1168,HR Onboarding,Human Resources,Under Review,2026-06-16T14:01:00,emp_0168
WF-1168,HR Onboarding,Human Resources,Manager Approval,2026-06-18T02:01:00,emp_0091
WF-1168,HR Onboarding,Human Resources,Rejected,2026-06-19T12:01:00,emp_0169
WF-1169,Procurement,IT,Submitted,2026-06-13T07:43:00,emp_0165
WF-1169,Procurement,IT,Under Review,2026-06-13T19:43:00,emp_0008
WF-1169,Procurement,IT,Manager Approval,2026-06-14T03:43:00,emp_0089
WF-1169,Procurement,IT,Compliance Check,2026-06-16T03:43:00,emp_0062
WF-1169,Procurement,IT,Approved,2026-06-17T09:43:00,emp_0182
WF-1170,IT Service Request,Sales,Submitted,2026-07-01T09:13:00,emp_0183
WF-1170,IT Service Request,Sales,Under Review,2026-07-02T01:13:00,emp_0006
WF-1170,IT Service Request,Sales,Manager Approval,2026-07-03T19:13:00,emp_0076
WF-1170,IT Service Request,Sales,Compliance Check,2026-07-05T17:13:00,emp_0004
WF-1170,IT Service Request,Sales,Rejected,2026-07-05T22:13:00,emp_0133
WF-1171,Legal Review,Legal,Submitted,2026-06-23T15:56:00,emp_0025
WF-1171,Legal Review,Legal,Under Review,2026-06-25T04:56:00,emp_0147
WF-1171,Legal Review,Legal,Manager Approval,2026-06-26T02:56:00,emp_0012
WF-1171,Legal Review,Legal,Compliance Check,2026-06-27T20:56:00,emp_0192
WF-1171,Legal Review,Legal,Rejected,2026-06-28T03:56:00,emp_0083
WF-1172,Legal Review,Human Resources,Submitted,2026-06-10T04:20:00,emp_0068
WF-1172,Legal Review,Human Resources,Under Review,2026-06-10T07:20:00,emp_0163
WF-1172,Legal Review,Human Resources,Manager Approval,2026-06-10T10:20:00,emp_0021
WF-1172,Legal Review,Human Resources,Compliance Check,2026-06-11T15:20:00,emp_0044
WF-1172,Legal Review,Human Resources,Approved,2026-06-12T01:20:00,emp_0060
WF-1173,IT Service Request,Finance,Submitted,2026-06-13T07:59:00,emp_0080
WF-1173,IT Service Request,Finance,Under Review,2026-06-14T05:59:00,emp_0110
WF-1173,IT Service Request,Finance,Manager Approval,2026-06-15T04:59:00,emp_0073
WF-1173,IT Service Request,Finance,Rejected,2026-06-15T17:59:00,emp_0017
WF-1174,Procurement,Supply Chain,Submitted,2026-06-24T17:40:00,emp_0073
WF-1174,Procurement,Supply Chain,Under Review,2026-06-26T08:40:00,emp_0034
WF-1174,Procurement,Supply Chain,Manager Approval,2026-06-26T12:40:00,emp_0055
WF-1174,Procurement,Supply Chain,Rejected,2026-06-26T17:40:00,emp_0148
WF-1175,Legal Review,Legal,Submitted,2026-06-19T08:17:00,emp_0154
WF-1175,Legal Review,Legal,Under Review,2026-06-20T17:17:00,emp_0049
WF-1175,Legal Review,Legal,Manager Approval,2026-06-21T17:17:00,emp_0007
WF-1175,Legal Review,Legal,Rejected,2026-06-22T23:17:00,emp_0021
WF-1176,Procurement,Legal,Submitted,2026-06-10T12:43:00,emp_0075
WF-1176,Procurement,Legal,Under Review,2026-06-12T09:43:00,emp_0196
WF-1176,Procurement,Legal,Manager Approval,2026-06-13T20:43:00,emp_0027
WF-1176,Procurement,Legal,Rejected,2026-06-14T08:43:00,emp_0016
WF-1177,Finance Approval,Finance,Submitted,2026-06-24T23:43:00,emp_0051
WF-1177,Finance Approval,Finance,Under Review,2026-06-25T05:43:00,emp_0137
WF-1177,Finance Approval,Finance,Manager Approval,2026-06-26T13:43:00,emp_0169
WF-1177,Finance Approval,Finance,Compliance Check,2026-06-26T20:43:00,emp_0124
WF-1177,Finance Approval,Finance,Approved,2026-06-27T23:43:00,emp_0020
WF-1178,HR Onboarding,Supply Chain,Submitted,2026-06-16T12:10:00,emp_0004
WF-1178,HR Onboarding,Supply Chain,Under Review,2026-06-17T13:10:00,emp_0154
WF-1178,HR Onboarding,Supply Chain,Manager Approval,2026-06-19T07:10:00,emp_0075
WF-1178,HR Onboarding,Supply Chain,Approved,2026-06-21T05:10:00,emp_0114
WF-1179,Legal Review,Sales,Submitted,2026-06-30T03:00:00,emp_0091
WF-1179,Legal Review,Sales,Under Review,2026-06-30T13:00:00,emp_0053
WF-1179,Legal Review,Sales,Manager Approval,2026-07-01T18:00:00,emp_0047
WF-1179,Legal Review,Sales,Compliance Check,2026-07-03T17:00:00,emp_0145
WF-1179,Legal Review,Sales,Approved,2026-07-04T14:00:00,emp_0092
WF-1180,HR Onboarding,IT,Submitted,2026-06-17T12:15:00,emp_0188
WF-1180,HR Onboarding,IT,Under Review,2026-06-18T15:15:00,emp_0057
WF-1180,HR Onboarding,IT,Manager Approval,2026-06-19T03:15:00,emp_0085
WF-1180,HR Onboarding,IT,Compliance Check,2026-06-21T01:15:00,emp_0128
WF-1180,HR Onboarding,IT,Rejected,2026-06-22T16:15:00,emp_0110
WF-1181,Finance Approval,Sales,Submitted,2026-06-08T19:23:00,emp_0172
WF-1181,Finance Approval,Sales,Under Review,2026-06-10T08:23:00,emp_0044
WF-1181,Finance Approval,Sales,Manager Approval,2026-06-12T06:23:00,emp_0075
WF-1181,Finance Approval,Sales,Compliance Check,2026-06-12T11:23:00,emp_0149
WF-1181,Finance Approval,Sales,Rejected,2026-06-12T16:23:00,emp_0040
WF-1182,Finance Approval,Human Resources,Submitted,2026-06-24T20:12:00,emp_0107
WF-1182,Finance Approval,Human Resources,Under Review,2026-06-26T08:12:00,emp_0141
WF-1182,Finance Approval,Human Resources,Compliance Check,2026-06-27T20:12:00,emp_0149
WF-1182,Finance Approval,Human Resources,Approved,2026-06-28T13:12:00,emp_0001
WF-1183,IT Service Request,Supply Chain,Submitted,2026-06-08T20:25:00,emp_0147
WF-1183,IT Service Request,Supply Chain,Under Review,2026-06-09T03:25:00,emp_0155
WF-1183,IT Service Request,Supply Chain,Manager Approval,2026-06-10T00:25:00,emp_0073
WF-1183,IT Service Request,Supply Chain,Approved,2026-06-10T03:25:00,emp_0077
WF-1184,HR Onboarding,Operations,Submitted,2026-06-15T20:09:00,emp_0024
WF-1184,HR Onboarding,Operations,Under Review,2026-06-17T03:09:00,emp_0162
WF-1184,HR Onboarding,Operations,Manager Approval,2026-06-17T23:09:00,emp_0156
WF-1184,HR Onboarding,Operations,Compliance Check,2026-06-18T16:09:00,emp_0024
WF-1184,HR Onboarding,Operations,Rejected,2026-06-20T03:09:00,emp_0009
WF-1185,IT Service Request,Sales,Submitted,2026-06-06T05:51:00,emp_0068
WF-1185,IT Service Request,Sales,Under Review,2026-06-08T00:51:00,emp_0062
WF-1185,IT Service Request,Sales,Compliance Check,2026-06-08T08:51:00,emp_0134
WF-1185,IT Service Request,Sales,Rejected,2026-06-08T11:51:00,emp_0186
WF-1186,Finance Approval,Finance,Submitted,2026-06-09T10:16:00,emp_0019
WF-1186,Finance Approval,Finance,Under Review,2026-06-10T18:16:00,emp_0148
WF-1186,Finance Approval,Finance,Manager Approval,2026-06-11T15:16:00,emp_0014
WF-1186,Finance Approval,Finance,Compliance Check,2026-06-12T21:16:00,emp_0014
WF-1186,Finance Approval,Finance,Rejected,2026-06-14T08:16:00,emp_0110
WF-1187,Finance Approval,Operations,Submitted,2026-06-18T02:05:00,emp_0086
WF-1187,Finance Approval,Operations,Under Review,2026-06-18T17:05:00,emp_0126
WF-1187,Finance Approval,Operations,Manager Approval,2026-06-19T22:05:00,emp_0107
WF-1187,Finance Approval,Operations,Approved,2026-06-20T19:05:00,emp_0155
WF-1188,Procurement,Sales,Submitted,2026-06-05T23:09:00,emp_0133
WF-1188,Procurement,Sales,Under Review,2026-06-06T01:09:00,emp_0179
WF-1188,Procurement,Sales,Manager Approval,2026-06-06T23:09:00,emp_0145
WF-1188,Procurement,Sales,Compliance Check,2026-06-08T06:09:00,emp_0175
WF-1188,Procurement,Sales,Rejected,2026-06-08T14:09:00,emp_0038
WF-1189,Legal Review,Sales,Submitted,2026-06-30T22:22:00,emp_0014
WF-1189,Legal Review,Sales,Under Review,2026-07-02T18:22:00,emp_0018
WF-1189,Legal Review,Sales,Approved,2026-07-02T19:22:00,emp_0088
WF-1190,HR Onboarding,Human Resources,Submitted,2026-06-28T12:11:00,emp_0118
WF-1190,HR Onboarding,Human Resources,Under Review,2026-06-29T07:11:00,emp_0084
WF-1190,HR Onboarding,Human Resources,Manager Approval,2026-07-01T04:11:00,emp_0014
WF-1190,HR Onboarding,Human Resources,Compliance Check,2026-07-01T14:11:00,emp_0118
WF-1190,HR Onboarding,Human Resources,Approved,2026-07-03T10:11:00,emp_0065
WF-1191,IT Service Request,Human Resources,Submitted,2026-06-13T14:13:00,emp_0115
WF-1191,IT Service Request,Human Resources,Under Review,2026-06-14T12:13:00,emp_0159
WF-1191,IT Service Request,Human Resources,Manager Approval,2026-06-15T06:13:00,emp_0025
WF-1191,IT Service Request,Human Resources,Rejected,2026-06-17T04:13:00,emp_0044
WF-1192,Finance Approval,Sales,Submitted,2026-06-11T10:13:00,emp_0162
WF-1192,Finance Approval,Sales,Under Review,2026-06-12T15:13:00,emp_0120
WF-1192,Finance Approval,Sales,Manager Approval,2026-06-14T15:13:00,emp_0088
WF-1192,Finance Approval,Sales,Compliance Check,2026-06-14T21:13:00,emp_0172
WF-1192,Finance Approval,Sales,Approved,2026-06-15T20:13:00,emp_0195
WF-1193,Legal Review,Supply Chain,Submitted,2026-07-03T13:14:00,emp_0074
WF-1193,Legal Review,Supply Chain,Under Review,2026-07-04T21:14:00,emp_0152
WF-1193,Legal Review,Supply Chain,Compliance Check,2026-07-04T22:14:00,emp_0157
WF-1193,Legal Review,Supply Chain,Rejected,2026-07-06T05:14:00,emp_0012
WF-1194,HR Onboarding,Legal,Submitted,2026-06-11T13:33:00,emp_0050
WF-1194,HR Onboarding,Legal,Under Review,2026-06-12T14:33:00,emp_0048
WF-1194,HR Onboarding,Legal,Manager Approval,2026-06-14T04:33:00,emp_0064
WF-1194,HR Onboarding,Legal,Compliance Check,2026-06-15T10:33:00,emp_0009
WF-1194,HR Onboarding,Legal,Approved,2026-06-17T10:33:00,emp_0156
WF-1195,HR Onboarding,IT,Submitted,2026-06-21T03:54:00,emp_0123
WF-1195,HR Onboarding,IT,Under Review,2026-06-21T07:54:00,emp_0057
WF-1195,HR Onboarding,IT,Manager Approval,2026-06-22T15:54:00,emp_0027
WF-1195,HR Onboarding,IT,Compliance Check,2026-06-24T01:54:00,emp_0110
WF-1195,HR Onboarding,IT,Approved,2026-06-25T23:54:00,emp_0041
WF-1196,Finance Approval,Sales,Submitted,2026-06-11T17:44:00,emp_0191
WF-1196,Finance Approval,Sales,Under Review,2026-06-13T09:44:00,emp_0186
WF-1196,Finance Approval,Sales,Manager Approval,2026-06-14T18:44:00,emp_0117
WF-1196,Finance Approval,Sales,Compliance Check,2026-06-16T08:44:00,emp_0103
WF-1196,Finance Approval,Sales,Rejected,2026-06-17T19:44:00,emp_0092
WF-1197,Finance Approval,Human Resources,Submitted,2026-06-25T08:12:00,emp_0173
WF-1197,Finance Approval,Human Resources,Under Review,2026-06-25T21:12:00,emp_0058
WF-1197,Finance Approval,Human Resources,Manager Approval,2026-06-27T10:12:00,emp_0145
WF-1197,Finance Approval,Human Resources,Compliance Check,2026-06-27T23:12:00,emp_0037
WF-1197,Finance Approval,Human Resources,Rejected,2026-06-28T21:12:00,emp_0075
WF-1198,Finance Approval,IT,Submitted,2026-06-20T11:36:00,emp_0115
WF-1198,Finance Approval,IT,Under Review,2026-06-22T02:36:00,emp_0179
WF-1198,Finance Approval,IT,Manager Approval,2026-06-22T10:36:00,emp_0196
WF-1198,Finance Approval,IT,Compliance Check,2026-06-23T03:36:00,emp_0031
WF-1198,Finance Approval,IT,Rejected,2026-06-23T20:36:00,emp_0045
WF-1199,HR Onboarding,Finance,Submitted,2026-07-02T04:19:00,emp_0198
WF-1199,HR Onboarding,Finance,Under Review,2026-07-03T22:19:00,emp_0079
WF-1199,HR Onboarding,Finance,Manager Approval,2026-07-05T05:19:00,emp_0103
WF-1199,HR Onboarding,Finance,Compliance Check,2026-07-07T03:19:00,emp_0106
WF-1199,HR Onboarding,Finance,Approved,2026-07-08T16:19:00,emp_0174
WF-1200,HR Onboarding,IT,Submitted,2026-06-15T13:55:00,emp_0111
WF-1200,HR Onboarding,IT,Under Review,2026-06-17T04:55:00,emp_0106
WF-1200,HR Onboarding,IT,Manager Approval,2026-06-18T06:55:00,emp_0126
WF-1200,HR Onboarding,IT,Rejected,2026-06-19T00:55:00,emp_0113
WF-1201,Legal Review,Sales,Submitted,2026-06-13T21:23:00,emp_0092
WF-1201,Legal Review,Sales,Under Review,2026-06-15T08:23:00,emp_0115
WF-1201,Legal Review,Sales,Manager Approval,2026-06-17T00:23:00,emp_0059
WF-1201,Legal Review,Sales,Rejected,2026-06-17T10:23:00,emp_0106
WF-1202,Finance Approval,IT,Submitted,2026-06-22T05:33:00,emp_0178
WF-1202,Finance Approval,IT,Under Review,2026-06-22T16:33:00,emp_0170
WF-1202,Finance Approval,IT,Manager Approval,2026-06-24T12:33:00,emp_0054
WF-1202,Finance Approval,IT,Compliance Check,2026-06-26T04:33:00,emp_0085
WF-1202,Finance Approval,IT,Approved,2026-06-27T04:33:00,emp_0177
WF-1203,HR Onboarding,Operations,Submitted,2026-06-23T09:42:00,emp_0180
WF-1203,HR Onboarding,Operations,Under Review,2026-06-24T12:42:00,emp_0069
WF-1203,HR Onboarding,Operations,Manager Approval,2026-06-26T02:42:00,emp_0020
WF-1203,HR Onboarding,Operations,Approved,2026-06-27T13:42:00,emp_0045
WF-1204,HR Onboarding,Legal,Submitted,2026-06-19T16:50:00,emp_0197
WF-1204,HR Onboarding,Legal,Under Review,2026-06-21T06:50:00,emp_0077
WF-1204,HR Onboarding,Legal,Manager Approval,2026-06-23T04:50:00,emp_0004
WF-1204,HR Onboarding,Legal,Approved,2026-06-23T19:50:00,emp_0034
WF-1205,Procurement,Operations,Submitted,2026-06-11T12:52:00,emp_0188
WF-1205,Procurement,Operations,Under Review,2026-06-13T11:52:00,emp_0135
WF-1205,Procurement,Operations,Manager Approval,2026-06-14T23:52:00,emp_0109
WF-1205,Procurement,Operations,Approved,2026-06-16T07:52:00,emp_0101
WF-1206,HR Onboarding,Sales,Submitted,2026-06-12T02:51:00,emp_0128
WF-1206,HR Onboarding,Sales,Under Review,2026-06-13T01:51:00,emp_0006
WF-1206,HR Onboarding,Sales,Manager Approval,2026-06-14T14:51:00,emp_0062
WF-1206,HR Onboarding,Sales,Compliance Check,2026-06-16T04:51:00,emp_0021
WF-1206,HR Onboarding,Sales,Approved,2026-06-17T10:51:00,emp_0108
WF-1207,Procurement,Human Resources,Submitted,2026-06-19T11:20:00,emp_0125
WF-1207,Procurement,Human Resources,Under Review,2026-06-19T19:20:00,emp_0112
WF-1207,Procurement,Human Resources,Manager Approval,2026-06-21T12:20:00,emp_0171
WF-1207,Procurement,Human Resources,Approved,2026-06-23T09:20:00,emp_0153
WF-1208,HR Onboarding,IT,Submitted,2026-07-03T01:16:00,emp_0044
WF-1208,HR Onboarding,IT,Under Review,2026-07-04T10:16:00,emp_0128
WF-1208,HR Onboarding,IT,Approved,2026-07-05T09:16:00,emp_0057
WF-1209,Finance Approval,Finance,Submitted,2026-07-02T17:29:00,emp_0065
WF-1209,Finance Approval,Finance,Under Review,2026-07-03T17:29:00,emp_0119
WF-1209,Finance Approval,Finance,Manager Approval,2026-07-05T13:29:00,emp_0057
WF-1209,Finance Approval,Finance,Rejected,2026-07-05T18:29:00,emp_0124
WF-1210,HR Onboarding,Operations,Submitted,2026-06-09T12:58:00,emp_0120
WF-1210,HR Onboarding,Operations,Under Review,2026-06-10T11:58:00,emp_0082
WF-1210,HR Onboarding,Operations,Manager Approval,2026-06-10T12:58:00,emp_0009
WF-1210,HR Onboarding,Operations,Compliance Check,2026-06-12T00:58:00,emp_0034
WF-1210,HR Onboarding,Operations,Approved,2026-06-13T09:58:00,emp_0172
WF-1211,IT Service Request,Supply Chain,Submitted,2026-06-29T11:56:00,emp_0146
WF-1211,IT Service Request,Supply Chain,Under Review,2026-07-01T04:56:00,emp_0159
WF-1211,IT Service Request,Supply Chain,Manager Approval,2026-07-01T16:56:00,emp_0029
WF-1211,IT Service Request,Supply Chain,Compliance Check,2026-07-02T15:56:00,emp_0175
WF-1211,IT Service Request,Supply Chain,Approved,2026-07-04T07:56:00,emp_0123
WF-1212,Procurement,Operations,Submitted,2026-06-03T17:15:00,emp_0195
WF-1212,Procurement,Operations,Under Review,2026-06-04T21:15:00,emp_0129
WF-1212,Procurement,Operations,Rejected,2026-06-05T07:15:00,emp_0027
WF-1213,IT Service Request,Operations,Submitted,2026-06-03T00:33:00,emp_0089
WF-1213,IT Service Request,Operations,Under Review,2026-06-04T18:33:00,emp_0006
WF-1213,IT Service Request,Operations,Manager Approval,2026-06-04T22:33:00,emp_0102
WF-1213,IT Service Request,Operations,Compliance Check,2026-06-05T06:33:00,emp_0153
WF-1213,IT Service Request,Operations,Approved,2026-06-06T08:33:00,emp_0044
WF-1214,Finance Approval,Human Resources,Submitted,2026-06-07T13:51:00,emp_0189
WF-1214,Finance Approval,Human Resources,Under Review,2026-06-07T17:51:00,emp_0100
WF-1214,Finance Approval,Human Resources,Compliance Check,2026-06-07T20:51:00,emp_0002
WF-1214,Finance Approval,Human Resources,Rejected,2026-06-09T01:51:00,emp_0189
WF-1215,Legal Review,Human Resources,Submitted,2026-06-29T09:52:00,emp_0171
WF-1215,Legal Review,Human Resources,Under Review,2026-07-01T03:52:00,emp_0092
WF-1215,Legal Review,Human Resources,Manager Approval,2026-07-02T11:52:00,emp_0183
WF-1215,Legal Review,Human Resources,Compliance Check,2026-07-03T19:52:00,emp_0068
WF-1215,Legal Review,Human Resources,Rejected,2026-07-05T12:52:00,emp_0165
WF-1216,Procurement,Human Resources,Submitted,2026-06-22T23:55:00,emp_0141
WF-1216,Procurement,Human Resources,Under Review,2026-06-24T09:55:00,emp_0089
WF-1216,Procurement,Human Resources,Compliance Check,2026-06-25T03:55:00,emp_0187
WF-1216,Procurement,Human Resources,Approved,2026-06-26T07:55:00,emp_0031
WF-1217,HR Onboarding,Human Resources,Submitted,2026-06-04T18:55:00,emp_0093
WF-1217,HR Onboarding,Human Resources,Under Review,2026-06-06T08:55:00,emp_0195
WF-1217,HR Onboarding,Human Resources,Manager Approval,2026-06-06T19:55:00,emp_0035
WF-1217,HR Onboarding,Human Resources,Compliance Check,2026-06-06T22:55:00,emp_0108
WF-1217,HR Onboarding,Human Resources,Approved,2026-06-07T09:55:00,emp_0004
WF-1218,IT Service Request,Finance,Submitted,2026-06-13T21:44:00,emp_0185
WF-1218,IT Service Request,Finance,Under Review,2026-06-15T00:44:00,emp_0167
WF-1218,IT Service Request,Finance,Manager Approval,2026-06-16T15:44:00,emp_0124
WF-1218,IT Service Request,Finance,Rejected,2026-06-18T11:44:00,emp_0013
WF-1219,Procurement,Operations,Submitted,2026-06-21T16:07:00,emp_0042
WF-1219,Procurement,Operations,Under Review,2026-06-23T11:07:00,emp_0015
WF-1219,Procurement,Operations,Manager Approval,2026-06-24T04:07:00,emp_0051
WF-1219,Procurement,Operations,Compliance Check,2026-06-25T13:07:00,emp_0185
WF-1219,Procurement,Operations,Rejected,2026-06-27T06:07:00,emp_0066
WF-1220,Legal Review,IT,Submitted,2026-06-22T08:26:00,emp_0116
WF-1220,Legal Review,IT,Under Review,2026-06-23T22:26:00,emp_0064
WF-1220,Legal Review,IT,Manager Approval,2026-06-25T20:26:00,emp_0025
WF-1220,Legal Review,IT,Compliance Check,2026-06-27T00:26:00,emp_0169
WF-1220,Legal Review,IT,Rejected,2026-06-27T05:26:00,emp_0046
WF-1221,IT Service Request,Legal,Submitted,2026-06-26T01:36:00,emp_0111
WF-1221,IT Service Request,Legal,Under Review,2026-06-28T01:36:00,emp_0073
WF-1221,IT Service Request,Legal,Manager Approval,2026-06-28T16:36:00,emp_0003
WF-1221,IT Service Request,Legal,Compliance Check,2026-06-30T01:36:00,emp_0067
WF-1221,IT Service Request,Legal,Approved,2026-07-01T05:36:00,emp_0046
WF-1222,Finance Approval,IT,Submitted,2026-06-29T05:47:00,emp_0021
WF-1222,Finance Approval,IT,Under Review,2026-07-01T05:47:00,emp_0003
WF-1222,Finance Approval,IT,Manager Approval,2026-07-02T16:47:00,emp_0128
WF-1222,Finance Approval,IT,Rejected,2026-07-02T17:47:00,emp_0032
WF-1223,IT Service Request,Finance,Submitted,2026-06-09T14:06:00,emp_0123
WF-1223,IT Service Request,Finance,Under Review,2026-06-09T17:06:00,emp_0094
WF-1223,IT Service Request,Finance,Manager Approval,2026-06-10T04:06:00,emp_0127
WF-1223,IT Service Request,Finance,Compliance Check,2026-06-11T16:06:00,emp_0088
WF-1223,IT Service Request,Finance,Approved,2026-06-12T23:06:00,emp_0165
WF-1224,HR Onboarding,IT,Submitted,2026-06-27T03:33:00,emp_0164
WF-1224,HR Onboarding,IT,Under Review,2026-06-28T17:33:00,emp_0012
WF-1224,HR Onboarding,IT,Approved,2026-06-30T12:33:00,emp_0194
WF-1225,Finance Approval,Legal,Submitted,2026-06-19T00:58:00,emp_0011
WF-1225,Finance Approval,Legal,Under Review,2026-06-19T21:58:00,emp_0141
WF-1225,Finance Approval,Legal,Approved,2026-06-21T20:58:00,emp_0056
WF-1226,HR Onboarding,Finance,Submitted,2026-06-10T15:14:00,emp_0014
WF-1226,HR Onboarding,Finance,Under Review,2026-06-12T06:14:00,emp_0113
WF-1226,HR Onboarding,Finance,Compliance Check,2026-06-12T08:14:00,emp_0147
WF-1226,HR Onboarding,Finance,Approved,2026-06-12T21:14:00,emp_0164
WF-1227,IT Service Request,Sales,Submitted,2026-06-19T01:05:00,emp_0005
WF-1227,IT Service Request,Sales,Under Review,2026-06-20T20:05:00,emp_0077
WF-1227,IT Service Request,Sales,Compliance Check,2026-06-20T22:05:00,emp_0186
WF-1227,IT Service Request,Sales,Approved,2026-06-21T06:05:00,emp_0114
WF-1228,Finance Approval,Legal,Submitted,2026-06-29T06:17:00,emp_0129
WF-1228,Finance Approval,Legal,Under Review,2026-06-30T09:17:00,emp_0182
WF-1228,Finance Approval,Legal,Manager Approval,2026-06-30T23:17:00,emp_0077
WF-1228,Finance Approval,Legal,Approved,2026-07-02T15:17:00,emp_0200
WF-1229,Finance Approval,IT,Submitted,2026-06-13T19:29:00,emp_0142
WF-1229,Finance Approval,IT,Under Review,2026-06-14T10:29:00,emp_0149
WF-1229,Finance Approval,IT,Manager Approval,2026-06-15T10:29:00,emp_0139
WF-1229,Finance Approval,IT,Approved,2026-06-16T18:29:00,emp_0132
WF-1230,IT Service Request,Supply Chain,Submitted,2026-06-14T01:31:00,emp_0096
WF-1230,IT Service Request,Supply Chain,Under Review,2026-06-15T14:31:00,emp_0079
WF-1230,IT Service Request,Supply Chain,Approved,2026-06-16T00:31:00,emp_0189
WF-1231,Finance Approval,Sales,Submitted,2026-06-06T20:03:00,emp_0042
WF-1231,Finance Approval,Sales,Under Review,2026-06-07T07:03:00,emp_0009
WF-1231,Finance Approval,Sales,Manager Approval,2026-06-08T05:03:00,emp_0054
WF-1231,Finance Approval,Sales,Compliance Check,2026-06-09T20:03:00,emp_0021
WF-1231,Finance Approval,Sales,Approved,2026-06-11T07:03:00,emp_0165
WF-1232,HR Onboarding,IT,Submitted,2026-06-23T17:09:00,emp_0022
WF-1232,HR Onboarding,IT,Under Review,2026-06-25T07:09:00,emp_0066
WF-1232,HR Onboarding,IT,Manager Approval,2026-06-27T04:09:00,emp_0181
WF-1232,HR Onboarding,IT,Approved,2026-06-28T02:09:00,emp_0116
WF-1233,IT Service Request,Sales,Submitted,2026-06-21T17:57:00,emp_0039
WF-1233,IT Service Request,Sales,Under Review,2026-06-23T16:57:00,emp_0165
WF-1233,IT Service Request,Sales,Compliance Check,2026-06-24T14:57:00,emp_0128
WF-1233,IT Service Request,Sales,Rejected,2026-06-25T21:57:00,emp_0026
WF-1234,Procurement,IT,Submitted,2026-06-25T19:54:00,emp_0126
WF-1234,Procurement,IT,Under Review,2026-06-27T10:54:00,emp_0185
WF-1234,Procurement,IT,Manager Approval,2026-06-27T16:54:00,emp_0162
WF-1234,Procurement,IT,Approved,2026-06-28T16:54:00,emp_0108
WF-1235,IT Service Request,Supply Chain,Submitted,2026-06-20T22:26:00,emp_0102
WF-1235,IT Service Request,Supply Chain,Under Review,2026-06-21T12:26:00,emp_0032
WF-1235,IT Service Request,Supply Chain,Manager Approval,2026-06-23T03:26:00,emp_0008
WF-1235,IT Service Request,Supply Chain,Approved,2026-06-24T01:26:00,emp_0192
WF-1236,Legal Review,Operations,Submitted,2026-06-17T01:41:00,emp_0180
WF-1236,Legal Review,Operations,Under Review,2026-06-17T08:41:00,emp_0188
WF-1236,Legal Review,Operations,Manager Approval,2026-06-19T08:41:00,emp_0078
WF-1236,Legal Review,Operations,Compliance Check,2026-06-21T07:41:00,emp_0124
WF-1236,Legal Review,Operations,Approved,2026-06-22T15:41:00,emp_0048
WF-1237,Finance Approval,Supply Chain,Submitted,2026-06-21T06:54:00,emp_0057
WF-1237,Finance Approval,Supply Chain,Under Review,2026-06-22T00:54:00,emp_0113
WF-1237,Finance Approval,Supply Chain,Manager Approval,2026-06-22T04:54:00,emp_0173
WF-1237,Finance Approval,Supply Chain,Compliance Check,2026-06-23T07:54:00,emp_0019
WF-1237,Finance Approval,Supply Chain,Rejected,2026-06-24T12:54:00,emp_0179
WF-1238,IT Service Request,Sales,Submitted,2026-06-12T22:53:00,emp_0007
WF-1238,IT Service Request,Sales,Under Review,2026-06-13T10:53:00,emp_0014
WF-1238,IT Service Request,Sales,Manager Approval,2026-06-14T09:53:00,emp_0099
WF-1238,IT Service Request,Sales,Compliance Check,2026-06-15T11:53:00,emp_0152
WF-1238,IT Service Request,Sales,Rejected,2026-06-16T04:53:00,emp_0052
WF-1239,IT Service Request,Operations,Submitted,2026-06-09T20:16:00,emp_0034
WF-1239,IT Service Request,Operations,Under Review,2026-06-10T20:16:00,emp_0143
WF-1239,IT Service Request,Operations,Manager Approval,2026-06-10T23:16:00,emp_0122
WF-1239,IT Service Request,Operations,Rejected,2026-06-11T03:16:00,emp_0036
WF-1240,Finance Approval,Sales,Submitted,2026-06-11T22:25:00,emp_0120
WF-1240,Finance Approval,Sales,Under Review,2026-06-13T07:25:00,emp_0029
WF-1240,Finance Approval,Sales,Manager Approval,2026-06-13T18:25:00,emp_0098
WF-1240,Finance Approval,Sales,Rejected,2026-06-14T09:25:00,emp_0145
WF-1241,Procurement,Finance,Submitted,2026-06-28T02:06:00,emp_0117
WF-1241,Procurement,Finance,Under Review,2026-06-28T17:06:00,emp_0066
WF-1241,Procurement,Finance,Rejected,2026-06-29T10:06:00,emp_0034
WF-1242,Finance Approval,Legal,Submitted,2026-06-10T17:47:00,emp_0025
WF-1242,Finance Approval,Legal,Under Review,2026-06-11T13:47:00,emp_0152
WF-1242,Finance Approval,Legal,Manager Approval,2026-06-12T21:47:00,emp_0063
WF-1242,Finance Approval,Legal,Approved,2026-06-14T07:47:00,emp_0161
WF-1243,IT Service Request,Human Resources,Submitted,2026-06-09T22:50:00,emp_0178
WF-1243,IT Service Request,Human Resources,Under Review,2026-06-11T04:50:00,emp_0069
WF-1243,IT Service Request,Human Resources,Rejected,2026-06-12T18:50:00,emp_0062
WF-1244,Finance Approval,Operations,Submitted,2026-06-24T22:28:00,emp_0036
WF-1244,Finance Approval,Operations,Under Review,2026-06-26T01:28:00,emp_0072
WF-1244,Finance Approval,Operations,Manager Approval,2026-06-27T17:28:00,emp_0118
WF-1244,Finance Approval,Operations,Rejected,2026-06-29T00:28:00,emp_0057
WF-1245,IT Service Request,IT,Submitted,2026-06-12T00:53:00,emp_0120
WF-1245,IT Service Request,IT,Under Review,2026-06-12T06:53:00,emp_0122
WF-1245,IT Service Request,IT,Manager Approval,2026-06-12T18:53:00,emp_0026
WF-1245,IT Service Request,IT,Rejected,2026-06-13T08:53:00,emp_0036
WF-1246,Finance Approval,IT,Submitted,2026-06-13T21:48:00,emp_0006
WF-1246,Finance Approval,IT,Under Review,2026-06-15T20:48:00,emp_0177
WF-1246,Finance Approval,IT,Manager Approval,2026-06-16T16:48:00,emp_0053
WF-1246,Finance Approval,IT,Compliance Check,2026-06-17T04:48:00,emp_0173
WF-1246,Finance Approval,IT,Rejected,2026-06-18T06:48:00,emp_0155
WF-1247,HR Onboarding,Operations,Submitted,2026-06-28T14:33:00,emp_0162
WF-1247,HR Onboarding,Operations,Under Review,2026-06-28T17:33:00,emp_0093
WF-1247,HR Onboarding,Operations,Approved,2026-06-30T16:33:00,emp_0190
WF-1248,IT Service Request,Finance,Submitted,2026-06-04T04:08:00,emp_0080
WF-1248,IT Service Request,Finance,Under Review,2026-06-05T08:08:00,emp_0056
WF-1248,IT Service Request,Finance,Manager Approval,2026-06-06T00:08:00,emp_0050
WF-1248,IT Service Request,Finance,Compliance Check,2026-06-06T03:08:00,emp_0131
WF-1248,IT Service Request,Finance,Approved,2026-06-06T08:08:00,emp_0018
WF-1249,Finance Approval,IT,Submitted,2026-06-14T14:50:00,emp_0137
WF-1249,Finance Approval,IT,Under Review,2026-06-15T21:50:00,emp_0173
WF-1249,Finance Approval,IT,Manager Approval,2026-06-17T11:50:00,emp_0020
WF-1249,Finance Approval,IT,Rejected,2026-06-18T04:50:00,emp_0197
WF-1250,Legal Review,Human Resources,Submitted,2026-06-10T12:15:00,emp_0023
WF-1250,Legal Review,Human Resources,Under Review,2026-06-11T03:15:00,emp_0073
WF-1250,Legal Review,Human Resources,Manager Approval,2026-06-11T18:15:00,emp_0101
WF-1250,Legal Review,Human Resources,Compliance Check,2026-06-13T06:15:00,emp_0166
WF-1250,Legal Review,Human Resources,Rejected,2026-06-14T00:15:00,emp_0058
WF-1251,Procurement,Finance,Submitted,2026-06-08T10:00:00,emp_0059
WF-1251,Procurement,Finance,Under Review,2026-06-09T04:00:00,emp_0046
WF-1251,Procurement,Finance,Manager Approval,2026-06-09T11:00:00,emp_0108
WF-1251,Procurement,Finance,Approved,2026-06-09T21:00:00,emp_0126
WF-1252,HR Onboarding,Legal,Submitted,2026-06-28T06:51:00,emp_0163
WF-1252,HR Onboarding,Legal,Under Review,2026-06-28T19:51:00,emp_0005
WF-1252,HR Onboarding,Legal,Manager Approval,2026-06-29T05:51:00,emp_0096
WF-1252,HR Onboarding,Legal,Rejected,2026-06-29T13:51:00,emp_0200
WF-1253,HR Onboarding,IT,Submitted,2026-06-21T13:59:00,emp_0105
WF-1253,HR Onboarding,IT,Under Review,2026-06-23T13:59:00,emp_0056
WF-1253,HR Onboarding,IT,Manager Approval,2026-06-25T09:59:00,emp_0090
WF-1253,HR Onboarding,IT,Approved,2026-06-26T11:59:00,emp_0115
WF-1254,IT Service Request,Sales,Submitted,2026-06-29T08:32:00,emp_0196
WF-1254,IT Service Request,Sales,Under Review,2026-06-29T22:32:00,emp_0169
WF-1254,IT Service Request,Sales,Rejected,2026-06-29T23:32:00,emp_0105
WF-1255,Procurement,Human Resources,Submitted,2026-07-02T12:47:00,emp_0017
WF-1255,Procurement,Human Resources,Under Review,2026-07-03T22:47:00,emp_0183
WF-1255,Procurement,Human Resources,Manager Approval,2026-07-04T15:47:00,emp_0128
WF-1255,Procurement,Human Resources,Approved,2026-07-04T16:47:00,emp_0182
WF-1256,HR Onboarding,Operations,Submitted,2026-06-06T11:00:00,emp_0151
WF-1256,HR Onboarding,Operations,Under Review,2026-06-06T23:00:00,emp_0171
WF-1256,HR Onboarding,Operations,Manager Approval,2026-06-08T00:00:00,emp_0048
WF-1256,HR Onboarding,Operations,Compliance Check,2026-06-08T01:00:00,emp_0120
WF-1256,HR Onboarding,Operations,Rejected,2026-06-08T14:00:00,emp_0156
WF-1257,Procurement,Supply Chain,Submitted,2026-06-19T23:29:00,emp_0122
WF-1257,Procurement,Supply Chain,Under Review,2026-06-21T23:29:00,emp_0083
WF-1257,Procurement,Supply Chain,Rejected,2026-06-23T21:29:00,emp_0114
WF-1258,IT Service Request,Legal,Submitted,2026-06-14T23:03:00,emp_0022
WF-1258,IT Service Request,Legal,Under Review,2026-06-15T20:03:00,emp_0152
WF-1258,IT Service Request,Legal,Rejected,2026-06-16T18:03:00,emp_0081
WF-1259,Finance Approval,Legal,Submitted,2026-06-07T13:59:00,emp_0064
WF-1259,Finance Approval,Legal,Under Review,2026-06-09T13:59:00,emp_0082
WF-1259,Finance Approval,Legal,Manager Approval,2026-06-10T16:59:00,emp_0056
WF-1259,Finance Approval,Legal,Compliance Check,2026-06-12T11:59:00,emp_0132
WF-1259,Finance Approval,Legal,Approved,2026-06-12T15:59:00,emp_0179
WF-1260,Procurement,Supply Chain,Submitted,2026-06-22T16:51:00,emp_0142
WF-1260,Procurement,Supply Chain,Under Review,2026-06-23T10:51:00,emp_0104
WF-1260,Procurement,Supply Chain,Manager Approval,2026-06-24T02:51:00,emp_0011
WF-1260,Procurement,Supply Chain,Approved,2026-06-25T15:51:00,emp_0107
WF-1261,Finance Approval,Sales,Submitted,2026-06-08T11:58:00,emp_0157
WF-1261,Finance Approval,Sales,Under Review,2026-06-09T03:58:00,emp_0072
WF-1261,Finance Approval,Sales,Manager Approval,2026-06-09T22:58:00,emp_0147
WF-1261,Finance Approval,Sales,Approved,2026-06-11T20:58:00,emp_0064
WF-1262,Procurement,Finance,Submitted,2026-06-24T12:56:00,emp_0099
WF-1262,Procurement,Finance,Under Review,2026-06-25T04:56:00,emp_0014
WF-1262,Procurement,Finance,Manager Approval,2026-06-27T04:56:00,emp_0069
WF-1262,Procurement,Finance,Compliance Check,2026-06-28T19:56:00,emp_0026
WF-1262,Procurement,Finance,Approved,2026-06-30T08:56:00,emp_0080
WF-1263,Procurement,Legal,Submitted,2026-06-28T22:47:00,emp_0005
WF-1263,Procurement,Legal,Under Review,2026-06-30T21:47:00,emp_0099
WF-1263,Procurement,Legal,Manager Approval,2026-07-02T10:47:00,emp_0098
WF-1263,Procurement,Legal,Compliance Check,2026-07-03T12:47:00,emp_0022
WF-1263,Procurement,Legal,Approved,2026-07-05T10:47:00,emp_0061
WF-1264,Procurement,Sales,Submitted,2026-06-27T10:16:00,emp_0139
WF-1264,Procurement,Sales,Under Review,2026-06-27T11:16:00,emp_0162
WF-1264,Procurement,Sales,Manager Approval,2026-06-29T10:16:00,emp_0097
WF-1264,Procurement,Sales,Compliance Check,2026-06-30T19:16:00,emp_0047
WF-1264,Procurement,Sales,Rejected,2026-07-01T15:16:00,emp_0038
WF-1265,Legal Review,Finance,Submitted,2026-06-16T05:29:00,emp_0082
WF-1265,Legal Review,Finance,Under Review,2026-06-18T04:29:00,emp_0179
WF-1265,Legal Review,Finance,Manager Approval,2026-06-18T15:29:00,emp_0020
WF-1265,Legal Review,Finance,Compliance Check,2026-06-19T03:29:00,emp_0069
WF-1265,Legal Review,Finance,Rejected,2026-06-19T12:29:00,emp_0180
WF-1266,Finance Approval,IT,Submitted,2026-06-27T19:39:00,emp_0155
WF-1266,Finance Approval,IT,Under Review,2026-06-29T11:39:00,emp_0103
WF-1266,Finance Approval,IT,Manager Approval,2026-06-30T01:39:00,emp_0081
WF-1266,Finance Approval,IT,Approved,2026-07-01T11:39:00,emp_0049
WF-1267,HR Onboarding,Human Resources,Submitted,2026-07-01T18:00:00,emp_0118
WF-1267,HR Onboarding,Human Resources,Under Review,2026-07-02T10:00:00,emp_0184
WF-1267,HR Onboarding,Human Resources,Manager Approval,2026-07-03T17:00:00,emp_0033
WF-1267,HR Onboarding,Human Resources,Rejected,2026-07-04T16:00:00,emp_0075
WF-1268,Legal Review,Sales,Submitted,2026-07-02T14:20:00,emp_0036
WF-1268,Legal Review,Sales,Under Review,2026-07-03T07:20:00,emp_0113
WF-1268,Legal Review,Sales,Manager Approval,2026-07-04T19:20:00,emp_0004
WF-1268,Legal Review,Sales,Compliance Check,2026-07-05T03:20:00,emp_0113
WF-1268,Legal Review,Sales,Approved,2026-07-05T11:20:00,emp_0177
WF-1269,IT Service Request,Sales,Submitted,2026-06-14T12:11:00,emp_0073
WF-1269,IT Service Request,Sales,Under Review,2026-06-16T12:11:00,emp_0152
WF-1269,IT Service Request,Sales,Manager Approval,2026-06-18T04:11:00,emp_0023
WF-1269,IT Service Request,Sales,Compliance Check,2026-06-18T09:11:00,emp_0144
WF-1269,IT Service Request,Sales,Rejected,2026-06-19T19:11:00,emp_0140
WF-1270,IT Service Request,Finance,Submitted,2026-06-04T03:19:00,emp_0154
WF-1270,IT Service Request,Finance,Under Review,2026-06-05T03:19:00,emp_0069
WF-1270,IT Service Request,Finance,Manager Approval,2026-06-05T10:19:00,emp_0135
WF-1270,IT Service Request,Finance,Compliance Check,2026-06-06T01:19:00,emp_0089
WF-1270,IT Service Request,Finance,Rejected,2026-06-07T22:19:00,emp_0028
WF-1271,Procurement,Operations,Submitted,2026-06-29T03:09:00,emp_0166
WF-1271,Procurement,Operations,Under Review,2026-06-30T20:09:00,emp_0145
WF-1271,Procurement,Operations,Manager Approval,2026-06-30T22:09:00,emp_0179
WF-1271,Procurement,Operations,Rejected,2026-07-02T16:09:00,emp_0016
WF-1272,HR Onboarding,IT,Submitted,2026-06-21T17:36:00,emp_0161
WF-1272,HR Onboarding,IT,Under Review,2026-06-22T20:36:00,emp_0168
WF-1272,HR Onboarding,IT,Manager Approval,2026-06-23T15:36:00,emp_0196
WF-1272,HR Onboarding,IT,Approved,2026-06-23T17:36:00,emp_0124
WF-1273,Legal Review,Supply Chain,Submitted,2026-06-12T18:52:00,emp_0030
WF-1273,Legal Review,Supply Chain,Under Review,2026-06-13T16:52:00,emp_0129
WF-1273,Legal Review,Supply Chain,Manager Approval,2026-06-15T13:52:00,emp_0047
WF-1273,Legal Review,Supply Chain,Approved,2026-06-16T19:52:00,emp_0066
WF-1274,Procurement,Sales,Submitted,2026-06-16T20:23:00,emp_0125
WF-1274,Procurement,Sales,Under Review,2026-06-16T21:23:00,emp_0087
WF-1274,Procurement,Sales,Manager Approval,2026-06-17T10:23:00,emp_0025
WF-1274,Procurement,Sales,Compliance Check,2026-06-19T04:23:00,emp_0136
WF-1274,Procurement,Sales,Approved,2026-06-19T17:23:00,emp_0055
WF-1275,Legal Review,IT,Submitted,2026-06-13T12:04:00,emp_0175
WF-1275,Legal Review,IT,Under Review,2026-06-13T13:04:00,emp_0006
WF-1275,Legal Review,IT,Manager Approval,2026-06-14T09:04:00,emp_0181
WF-1275,Legal Review,IT,Rejected,2026-06-15T06:04:00,emp_0111
WF-1276,Procurement,Supply Chain,Submitted,2026-06-07T07:28:00,emp_0179
WF-1276,Procurement,Supply Chain,Under Review,2026-06-08T09:28:00,emp_0134
WF-1276,Procurement,Supply Chain,Manager Approval,2026-06-10T05:28:00,emp_0025
WF-1276,Procurement,Supply Chain,Rejected,2026-06-10T14:28:00,emp_0008
WF-1277,HR Onboarding,Sales,Submitted,2026-06-17T11:32:00,emp_0100
WF-1277,HR Onboarding,Sales,Under Review,2026-06-19T09:32:00,emp_0093
WF-1277,HR Onboarding,Sales,Manager Approval,2026-06-19T21:32:00,emp_0160
WF-1277,HR Onboarding,Sales,Rejected,2026-06-20T08:32:00,emp_0073
WF-1278,Finance Approval,Human Resources,Submitted,2026-06-22T15:53:00,emp_0099
WF-1278,Finance Approval,Human Resources,Under Review,2026-06-23T04:53:00,emp_0141
WF-1278,Finance Approval,Human Resources,Manager Approval,2026-06-24T14:53:00,emp_0148
WF-1278,Finance Approval,Human Resources,Approved,2026-06-25T11:53:00,emp_0054
WF-1279,HR Onboarding,Legal,Submitted,2026-07-01T01:32:00,emp_0115
WF-1279,HR Onboarding,Legal,Under Review,2026-07-01T11:32:00,emp_0118
WF-1279,HR Onboarding,Legal,Compliance Check,2026-07-02T20:32:00,emp_0134
WF-1279,HR Onboarding,Legal,Rejected,2026-07-03T00:32:00,emp_0109
WF-1280,HR Onboarding,Finance,Submitted,2026-06-15T03:05:00,emp_0185
WF-1280,HR Onboarding,Finance,Under Review,2026-06-15T06:05:00,emp_0042
WF-1280,HR Onboarding,Finance,Manager Approval,2026-06-15T15:05:00,emp_0068
WF-1280,HR Onboarding,Finance,Approved,2026-06-16T05:05:00,emp_0112
WF-1281,Finance Approval,Sales,Submitted,2026-06-17T10:14:00,emp_0071
WF-1281,Finance Approval,Sales,Under Review,2026-06-19T05:14:00,emp_0038
WF-1281,Finance Approval,Sales,Manager Approval,2026-06-19T16:14:00,emp_0110
WF-1281,Finance Approval,Sales,Rejected,2026-06-20T18:14:00,emp_0056
WF-1282,Finance Approval,Supply Chain,Submitted,2026-06-28T20:17:00,emp_0016
WF-1282,Finance Approval,Supply Chain,Under Review,2026-06-30T00:17:00,emp_0001
WF-1282,Finance Approval,Supply Chain,Manager Approval,2026-07-01T15:17:00,emp_0077
WF-1282,Finance Approval,Supply Chain,Compliance Check,2026-07-02T01:17:00,emp_0100
WF-1282,Finance Approval,Supply Chain,Rejected,2026-07-03T07:17:00,emp_0035
WF-1283,IT Service Request,Legal,Submitted,2026-06-03T12:29:00,emp_0149
WF-1283,IT Service Request,Legal,Under Review,2026-06-05T09:29:00,emp_0057
WF-1283,IT Service Request,Legal,Manager Approval,2026-06-05T19:29:00,emp_0016
WF-1283,IT Service Request,Legal,Approved,2026-06-07T09:29:00,emp_0022
WF-1284,Legal Review,Operations,Submitted,2026-06-30T22:39:00,emp_0132
WF-1284,Legal Review,Operations,Under Review,2026-07-01T22:39:00,emp_0107
WF-1284,Legal Review,Operations,Manager Approval,2026-07-03T22:39:00,emp_0005
WF-1284,Legal Review,Operations,Compliance Check,2026-07-04T10:39:00,emp_0046
WF-1284,Legal Review,Operations,Rejected,2026-07-05T11:39:00,emp_0004
WF-1285,Legal Review,Supply Chain,Submitted,2026-06-19T23:41:00,emp_0081
WF-1285,Legal Review,Supply Chain,Under Review,2026-06-21T10:41:00,emp_0037
WF-1285,Legal Review,Supply Chain,Manager Approval,2026-06-23T08:41:00,emp_0190
WF-1285,Legal Review,Supply Chain,Rejected,2026-06-23T10:41:00,emp_0193
WF-1286,Finance Approval,Operations,Submitted,2026-07-02T18:36:00,emp_0012
WF-1286,Finance Approval,Operations,Under Review,2026-07-04T14:36:00,emp_0124
WF-1286,Finance Approval,Operations,Manager Approval,2026-07-04T18:36:00,emp_0194
WF-1286,Finance Approval,Operations,Compliance Check,2026-07-06T10:36:00,emp_0108
WF-1286,Finance Approval,Operations,Rejected,2026-07-06T23:36:00,emp_0015
WF-1287,Legal Review,Operations,Submitted,2026-06-25T21:34:00,emp_0059
WF-1287,Legal Review,Operations,Under Review,2026-06-26T18:34:00,emp_0128
WF-1287,Legal Review,Operations,Compliance Check,2026-06-26T21:34:00,emp_0073
WF-1287,Legal Review,Operations,Approved,2026-06-27T00:34:00,emp_0005
WF-1288,HR Onboarding,Human Resources,Submitted,2026-06-09T04:15:00,emp_0165
WF-1288,HR Onboarding,Human Resources,Under Review,2026-06-11T03:15:00,emp_0060
WF-1288,HR Onboarding,Human Resources,Rejected,2026-06-12T12:15:00,emp_0014
WF-1289,Legal Review,Finance,Submitted,2026-06-28T04:01:00,emp_0011
WF-1289,Legal Review,Finance,Under Review,2026-06-28T22:01:00,emp_0111
WF-1289,Legal Review,Finance,Manager Approval,2026-06-30T04:01:00,emp_0078
WF-1289,Legal Review,Finance,Rejected,2026-07-01T02:01:00,emp_0014
WF-1290,Procurement,IT,Submitted,2026-06-27T18:10:00,emp_0180
WF-1290,Procurement,IT,Under Review,2026-06-29T12:10:00,emp_0081
WF-1290,Procurement,IT,Manager Approval,2026-06-29T18:10:00,emp_0023
WF-1290,Procurement,IT,Compliance Check,2026-06-30T16:10:00,emp_0135
WF-1290,Procurement,IT,Approved,2026-07-02T14:10:00,emp_0152
WF-1291,Procurement,Finance,Submitted,2026-06-11T17:00:00,emp_0011
WF-1291,Procurement,Finance,Under Review,2026-06-13T15:00:00,emp_0002
WF-1291,Procurement,Finance,Manager Approval,2026-06-15T04:00:00,emp_0108
WF-1291,Procurement,Finance,Compliance Check,2026-06-15T13:00:00,emp_0035
WF-1291,Procurement,Finance,Rejected,2026-06-16T19:00:00,emp_0102
WF-1292,Finance Approval,Sales,Submitted,2026-06-07T16:45:00,emp_0104
WF-1292,Finance Approval,Sales,Under Review,2026-06-09T10:45:00,emp_0097
WF-1292,Finance Approval,Sales,Manager Approval,2026-06-09T12:45:00,emp_0106
WF-1292,Finance Approval,Sales,Compliance Check,2026-06-10T15:45:00,emp_0134
WF-1292,Finance Approval,Sales,Approved,2026-06-11T11:45:00,emp_0139
WF-1293,HR Onboarding,Sales,Submitted,2026-06-27T14:36:00,emp_0171
WF-1293,HR Onboarding,Sales,Under Review,2026-06-27T17:36:00,emp_0141
WF-1293,HR Onboarding,Sales,Manager Approval,2026-06-29T13:36:00,emp_0189
WF-1293,HR Onboarding,Sales,Rejected,2026-06-30T18:36:00,emp_0051
WF-1294,Procurement,Operations,Submitted,2026-06-02T12:24:00,emp_0011
WF-1294,Procurement,Operations,Under Review,2026-06-04T10:24:00,emp_0022
WF-1294,Procurement,Operations,Compliance Check,2026-06-05T01:24:00,emp_0152
WF-1294,Procurement,Operations,Approved,2026-06-06T12:24:00,emp_0197
WF-1295,Procurement,Human Resources,Submitted,2026-06-04T17:01:00,emp_0193
WF-1295,Procurement,Human Resources,Under Review,2026-06-05T19:01:00,emp_0052
WF-1295,Procurement,Human Resources,Compliance Check,2026-06-06T21:01:00,emp_0182
WF-1295,Procurement,Human Resources,Approved,2026-06-07T03:01:00,emp_0193
WF-1296,IT Service Request,Human Resources,Submitted,2026-07-02T20:03:00,emp_0068
WF-1296,IT Service Request,Human Resources,Under Review,2026-07-03T08:03:00,emp_0186
WF-1296,IT Service Request,Human Resources,Manager Approval,2026-07-04T14:03:00,emp_0107
WF-1296,IT Service Request,Human Resources,Compliance Check,2026-07-06T09:03:00,emp_0054
WF-1296,IT Service Request,Human Resources,Rejected,2026-07-08T08:03:00,emp_0109
WF-1297,IT Service Request,Finance,Submitted,2026-06-07T15:26:00,emp_0065
WF-1297,IT Service Request,Finance,Under Review,2026-06-07T22:26:00,emp_0081
WF-1297,IT Service Request,Finance,Manager Approval,2026-06-09T16:26:00,emp_0177
WF-1297,IT Service Request,Finance,Rejected,2026-06-09T23:26:00,emp_0079
WF-1298,Legal Review,Operations,Submitted,2026-06-21T21:55:00,emp_0124
WF-1298,Legal Review,Operations,Under Review,2026-06-23T17:55:00,emp_0040
WF-1298,Legal Review,Operations,Compliance Check,2026-06-23T23:55:00,emp_0098
WF-1298,Legal Review,Operations,Rejected,2026-06-24T13:55:00,emp_0174
WF-1299,Legal Review,Finance,Submitted,2026-06-21T17:29:00,emp_0091
WF-1299,Legal Review,Finance,Under Review,2026-06-22T21:29:00,emp_0191
WF-1299,Legal Review,Finance,Manager Approval,2026-06-23T05:29:00,emp_0129
WF-1299,Legal Review,Finance,Compliance Check,2026-06-24T09:29:00,emp_0026
WF-1299,Legal Review,Finance,Approved,2026-06-24T20:29:00,emp_0199
WF-1300,HR Onboarding,Finance,Submitted,2026-06-20T03:09:00,emp_0147
WF-1300,HR Onboarding,Finance,Under Review,2026-06-21T15:09:00,emp_0127
WF-1300,HR Onboarding,Finance,Manager Approval,2026-06-23T12:09:00,emp_0046
WF-1300,HR Onboarding,Finance,Rejected,2026-06-23T23:09:00,emp_0124
WF-1301,IT Service Request,Operations,Submitted,2026-06-08T07:06:00,emp_0143
WF-1301,IT Service Request,Operations,Under Review,2026-06-09T20:06:00,emp_0030
WF-1301,IT Service Request,Operations,Manager Approval,2026-06-11T17:06:00,emp_0184
WF-1301,IT Service Request,Operations,Rejected,2026-06-12T18:06:00,emp_0184
WF-1302,Procurement,Operations,Submitted,2026-06-14T08:59:00,emp_0066
WF-1302,Procurement,Operations,Under Review,2026-06-16T06:59:00,emp_0121
WF-1302,Procurement,Operations,Manager Approval,2026-06-17T13:59:00,emp_0196
WF-1302,Procurement,Operations,Rejected,2026-06-17T17:59:00,emp_0133
WF-1303,HR Onboarding,Operations,Submitted,2026-06-18T07:52:00,emp_0143
WF-1303,HR Onboarding,Operations,Under Review,2026-06-19T18:52:00,emp_0090
WF-1303,HR Onboarding,Operations,Compliance Check,2026-06-19T20:52:00,emp_0057
WF-1303,HR Onboarding,Operations,Rejected,2026-06-20T12:52:00,emp_0139
WF-1304,IT Service Request,Human Resources,Submitted,2026-06-19T05:17:00,emp_0196
WF-1304,IT Service Request,Human Resources,Under Review,2026-06-20T13:17:00,emp_0115
WF-1304,IT Service Request,Human Resources,Rejected,2026-06-22T02:17:00,emp_0145
WF-1305,IT Service Request,Human Resources,Submitted,2026-06-17T14:10:00,emp_0198
WF-1305,IT Service Request,Human Resources,Under Review,2026-06-18T00:10:00,emp_0141
WF-1305,IT Service Request,Human Resources,Manager Approval,2026-06-18T22:10:00,emp_0189
WF-1305,IT Service Request,Human Resources,Rejected,2026-06-19T20:10:00,emp_0103
WF-1306,Legal Review,Human Resources,Submitted,2026-06-22T10:27:00,emp_0028
WF-1306,Legal Review,Human Resources,Under Review,2026-06-23T06:27:00,emp_0086
WF-1306,Legal Review,Human Resources,Compliance Check,2026-06-24T08:27:00,emp_0115
WF-1306,Legal Review,Human Resources,Rejected,2026-06-26T08:27:00,emp_0038
WF-1307,HR Onboarding,Operations,Submitted,2026-06-19T09:54:00,emp_0040
WF-1307,HR Onboarding,Operations,Under Review,2026-06-20T09:54:00,emp_0080
WF-1307,HR Onboarding,Operations,Manager Approval,2026-06-22T09:54:00,emp_0125
WF-1307,HR Onboarding,Operations,Rejected,2026-06-23T09:54:00,emp_0050
WF-1308,Procurement,Sales,Submitted,2026-06-28T15:46:00,emp_0146
WF-1308,Procurement,Sales,Under Review,2026-06-29T13:46:00,emp_0157
WF-1308,Procurement,Sales,Manager Approval,2026-07-01T10:46:00,emp_0136
WF-1308,Procurement,Sales,Compliance Check,2026-07-02T02:46:00,emp_0091
WF-1308,Procurement,Sales,Rejected,2026-07-02T23:46:00,emp_0066
WF-1309,Legal Review,Supply Chain,Submitted,2026-06-26T19:04:00,emp_0138
WF-1309,Legal Review,Supply Chain,Under Review,2026-06-28T17:04:00,emp_0128
WF-1309,Legal Review,Supply Chain,Manager Approval,2026-06-29T22:04:00,emp_0156
WF-1309,Legal Review,Supply Chain,Rejected,2026-06-30T05:04:00,emp_0110
WF-1310,IT Service Request,Legal,Submitted,2026-06-17T01:09:00,emp_0183
WF-1310,IT Service Request,Legal,Under Review,2026-06-18T12:09:00,emp_0055
WF-1310,IT Service Request,Legal,Manager Approval,2026-06-20T09:09:00,emp_0137
WF-1310,IT Service Request,Legal,Compliance Check,2026-06-22T08:09:00,emp_0037
WF-1310,IT Service Request,Legal,Approved,2026-06-23T23:09:00,emp_0017
WF-1311,IT Service Request,Human Resources,Submitted,2026-06-21T20:33:00,emp_0026
WF-1311,IT Service Request,Human Resources,Under Review,2026-06-23T04:33:00,emp_0105
WF-1311,IT Service Request,Human Resources,Manager Approval,2026-06-24T12:33:00,emp_0103
WF-1311,IT Service Request,Human Resources,Approved,2026-06-26T10:33:00,emp_0140
WF-1312,HR Onboarding,Operations,Submitted,2026-06-29T06:43:00,emp_0064
WF-1312,HR Onboarding,Operations,Under Review,2026-06-29T14:43:00,emp_0119
WF-1312,HR Onboarding,Operations,Manager Approval,2026-06-30T08:43:00,emp_0135
WF-1312,HR Onboarding,Operations,Approved,2026-06-30T23:43:00,emp_0171
WF-1313,HR Onboarding,Finance,Submitted,2026-06-25T12:23:00,emp_0180
WF-1313,HR Onboarding,Finance,Under Review,2026-06-27T00:23:00,emp_0054
WF-1313,HR Onboarding,Finance,Manager Approval,2026-06-28T16:23:00,emp_0081
WF-1313,HR Onboarding,Finance,Compliance Check,2026-06-29T05:23:00,emp_0013
WF-1313,HR Onboarding,Finance,Approved,2026-07-01T05:23:00,emp_0121
WF-1314,Legal Review,Legal,Submitted,2026-06-30T16:04:00,emp_0040
WF-1314,Legal Review,Legal,Under Review,2026-07-02T03:04:00,emp_0061
WF-1314,Legal Review,Legal,Manager Approval,2026-07-03T22:04:00,emp_0182
WF-1314,Legal Review,Legal,Approved,2026-07-05T00:04:00,emp_0027
WF-1315,IT Service Request,Supply Chain,Submitted,2026-06-01T22:13:00,emp_0063
WF-1315,IT Service Request,Supply Chain,Under Review,2026-06-02T06:13:00,emp_0017
WF-1315,IT Service Request,Supply Chain,Manager Approval,2026-06-03T02:13:00,emp_0080
WF-1315,IT Service Request,Supply Chain,Compliance Check,2026-06-03T06:13:00,emp_0001
WF-1315,IT Service Request,Supply Chain,Approved,2026-06-04T15:13:00,emp_0107
WF-1316,IT Service Request,Human Resources,Submitted,2026-06-04T00:20:00,emp_0059
WF-1316,IT Service Request,Human Resources,Under Review,2026-06-04T05:20:00,emp_0020
WF-1316,IT Service Request,Human Resources,Compliance Check,2026-06-04T22:20:00,emp_0123
WF-1316,IT Service Request,Human Resources,Approved,2026-06-06T00:20:00,emp_0129
WF-1317,Procurement,Finance,Submitted,2026-06-30T13:04:00,emp_0081
WF-1317,Procurement,Finance,Under Review,2026-07-01T03:04:00,emp_0146
WF-1317,Procurement,Finance,Manager Approval,2026-07-01T17:04:00,emp_0096
WF-1317,Procurement,Finance,Compliance Check,2026-07-03T05:04:00,emp_0176
WF-1317,Procurement,Finance,Approved,2026-07-04T10:04:00,emp_0122
WF-1318,Procurement,IT,Submitted,2026-06-11T20:18:00,emp_0060
WF-1318,Procurement,IT,Under Review,2026-06-13T15:18:00,emp_0112
WF-1318,Procurement,IT,Manager Approval,2026-06-15T13:18:00,emp_0040
WF-1318,Procurement,IT,Compliance Check,2026-06-16T06:18:00,emp_0173
WF-1318,Procurement,IT,Approved,2026-06-16T14:18:00,emp_0151
WF-1319,Procurement,Human Resources,Submitted,2026-06-25T22:21:00,emp_0110
WF-1319,Procurement,Human Resources,Under Review,2026-06-27T13:21:00,emp_0022
WF-1319,Procurement,Human Resources,Manager Approval,2026-06-29T00:21:00,emp_0144
WF-1319,Procurement,Human Resources,Compliance Check,2026-06-30T08:21:00,emp_0059
WF-1319,Procurement,Human Resources,Approved,2026-06-30T12:21:00,emp_0144
WF-1320,HR Onboarding,Sales,Submitted,2026-06-09T21:02:00,emp_0121
WF-1320,HR Onboarding,Sales,Under Review,2026-06-09T22:02:00,emp_0122
WF-1320,HR Onboarding,Sales,Manager Approval,2026-06-11T09:02:00,emp_0068
WF-1320,HR Onboarding,Sales,Compliance Check,2026-06-12T02:02:00,emp_0042
WF-1320,HR Onboarding,Sales,Approved,2026-06-13T08:02:00,emp_0023
WF-1321,Procurement,Human Resources,Submitted,2026-06-03T08:25:00,emp_0075
WF-1321,Procurement,Human Resources,Under Review,2026-06-03T20:25:00,emp_0114
WF-1321,Procurement,Human Resources,Manager Approval,2026-06-04T02:25:00,emp_0027
WF-1321,Procurement,Human Resources,Rejected,2026-06-04T06:25:00,emp_0124
WF-1322,Finance Approval,Finance,Submitted,2026-06-08T17:29:00,emp_0020
WF-1322,Finance Approval,Finance,Under Review,2026-06-10T11:29:00,emp_0112
WF-1322,Finance Approval,Finance,Manager Approval,2026-06-11T13:29:00,emp_0045
WF-1322,Finance Approval,Finance,Compliance Check,2026-06-12T00:29:00,emp_0081
WF-1322,Finance Approval,Finance,Approved,2026-06-13T09:29:00,emp_0168
WF-1323,Procurement,Human Resources,Submitted,2026-06-09T19:59:00,emp_0081
WF-1323,Procurement,Human Resources,Under Review,2026-06-10T09:59:00,emp_0149
WF-1323,Procurement,Human Resources,Manager Approval,2026-06-11T22:59:00,emp_0102
WF-1323,Procurement,Human Resources,Compliance Check,2026-06-12T03:59:00,emp_0078
WF-1323,Procurement,Human Resources,Approved,2026-06-12T17:59:00,emp_0150
WF-1324,Finance Approval,Human Resources,Submitted,2026-06-16T13:32:00,emp_0096
WF-1324,Finance Approval,Human Resources,Under Review,2026-06-17T11:32:00,emp_0016
WF-1324,Finance Approval,Human Resources,Manager Approval,2026-06-19T04:32:00,emp_0089
WF-1324,Finance Approval,Human Resources,Rejected,2026-06-19T17:32:00,emp_0077
WF-1325,Procurement,Human Resources,Submitted,2026-06-12T03:13:00,emp_0132
WF-1325,Procurement,Human Resources,Under Review,2026-06-12T05:13:00,emp_0007
WF-1325,Procurement,Human Resources,Manager Approval,2026-06-13T12:13:00,emp_0112
WF-1325,Procurement,Human Resources,Compliance Check,2026-06-14T22:13:00,emp_0142
WF-1325,Procurement,Human Resources,Rejected,2026-06-16T19:13:00,emp_0102
WF-1326,Legal Review,Supply Chain,Submitted,2026-06-14T06:25:00,emp_0171
WF-1326,Legal Review,Supply Chain,Under Review,2026-06-16T02:25:00,emp_0052
WF-1326,Legal Review,Supply Chain,Compliance Check,2026-06-17T18:25:00,emp_0005
WF-1326,Legal Review,Supply Chain,Rejected,2026-06-18T17:25:00,emp_0141
WF-1327,Procurement,IT,Submitted,2026-06-18T06:52:00,emp_0111
WF-1327,Procurement,IT,Under Review,2026-06-18T11:52:00,emp_0029
WF-1327,Procurement,IT,Rejected,2026-06-18T17:52:00,emp_0032
WF-1328,Legal Review,Operations,Submitted,2026-06-05T14:40:00,emp_0115
WF-1328,Legal Review,Operations,Under Review,2026-06-07T06:40:00,emp_0180
WF-1328,Legal Review,Operations,Manager Approval,2026-06-07T17:40:00,emp_0001
WF-1328,Legal Review,Operations,Rejected,2026-06-07T21:40:00,emp_0029
WF-1329,IT Service Request,Operations,Submitted,2026-06-04T15:33:00,emp_0164
WF-1329,IT Service Request,Operations,Under Review,2026-06-06T05:33:00,emp_0183
WF-1329,IT Service Request,Operations,Manager Approval,2026-06-07T20:33:00,emp_0047
WF-1329,IT Service Request,Operations,Approved,2026-06-08T07:33:00,emp_0005
WF-1330,HR Onboarding,Sales,Submitted,2026-06-04T03:20:00,emp_0103
WF-1330,HR Onboarding,Sales,Under Review,2026-06-04T05:20:00,emp_0030
WF-1330,HR Onboarding,Sales,Manager Approval,2026-06-06T00:20:00,emp_0162
WF-1330,HR Onboarding,Sales,Rejected,2026-06-07T12:20:00,emp_0153
WF-1331,Procurement,Supply Chain,Submitted,2026-06-20T15:42:00,emp_0016
WF-1331,Procurement,Supply Chain,Under Review,2026-06-22T11:42:00,emp_0129
WF-1331,Procurement,Supply Chain,Manager Approval,2026-06-24T03:42:00,emp_0108
WF-1331,Procurement,Supply Chain,Compliance Check,2026-06-24T10:42:00,emp_0059
WF-1331,Procurement,Supply Chain,Approved,2026-06-26T05:42:00,emp_0157
WF-1332,Finance Approval,Sales,Submitted,2026-06-07T10:23:00,emp_0055
WF-1332,Finance Approval,Sales,Under Review,2026-06-08T03:23:00,emp_0011
WF-1332,Finance Approval,Sales,Approved,2026-06-09T16:23:00,emp_0001
WF-1333,Legal Review,Finance,Submitted,2026-06-21T19:31:00,emp_0087
WF-1333,Legal Review,Finance,Under Review,2026-06-23T08:31:00,emp_0026
WF-1333,Legal Review,Finance,Manager Approval,2026-06-24T11:31:00,emp_0189
WF-1333,Legal Review,Finance,Approved,2026-06-25T21:31:00,emp_0127
WF-1334,Procurement,Human Resources,Submitted,2026-06-16T19:28:00,emp_0070
WF-1334,Procurement,Human Resources,Under Review,2026-06-18T04:28:00,emp_0093
WF-1334,Procurement,Human Resources,Manager Approval,2026-06-18T07:28:00,emp_0006
WF-1334,Procurement,Human Resources,Approved,2026-06-18T14:28:00,emp_0041
WF-1335,Procurement,Operations,Submitted,2026-06-28T10:45:00,emp_0124
WF-1335,Procurement,Operations,Under Review,2026-06-28T13:45:00,emp_0001
WF-1335,Procurement,Operations,Manager Approval,2026-06-30T07:45:00,emp_0138
WF-1335,Procurement,Operations,Compliance Check,2026-07-02T00:45:00,emp_0050
WF-1335,Procurement,Operations,Rejected,2026-07-03T11:45:00,emp_0039
WF-1336,IT Service Request,Finance,Submitted,2026-06-26T08:53:00,emp_0183
WF-1336,IT Service Request,Finance,Under Review,2026-06-27T03:53:00,emp_0067
WF-1336,IT Service Request,Finance,Rejected,2026-06-27T11:53:00,emp_0105
WF-1337,Procurement,Finance,Submitted,2026-06-06T13:55:00,emp_0057
WF-1337,Procurement,Finance,Under Review,2026-06-08T02:55:00,emp_0131
WF-1337,Procurement,Finance,Manager Approval,2026-06-08T11:55:00,emp_0071
WF-1337,Procurement,Finance,Rejected,2026-06-08T22:55:00,emp_0039
WF-1338,Finance Approval,IT,Submitted,2026-06-22T10:31:00,emp_0014
WF-1338,Finance Approval,IT,Under Review,2026-06-22T20:31:00,emp_0184
WF-1338,Finance Approval,IT,Manager Approval,2026-06-23T18:31:00,emp_0034
WF-1338,Finance Approval,IT,Approved,2026-06-24T16:31:00,emp_0079
WF-1339,IT Service Request,Finance,Submitted,2026-06-04T01:09:00,emp_0071
WF-1339,IT Service Request,Finance,Under Review,2026-06-04T20:09:00,emp_0088
WF-1339,IT Service Request,Finance,Manager Approval,2026-06-06T00:09:00,emp_0132
WF-1339,IT Service Request,Finance,Compliance Check,2026-06-06T02:09:00,emp_0196
WF-1339,IT Service Request,Finance,Approved,2026-06-07T17:09:00,emp_0096
WF-1340,HR Onboarding,IT,Submitted,2026-06-14T18:50:00,emp_0042
WF-1340,HR Onboarding,IT,Under Review,2026-06-15T20:50:00,emp_0177
WF-1340,HR Onboarding,IT,Manager Approval,2026-06-16T01:50:00,emp_0108
WF-1340,HR Onboarding,IT,Compliance Check,2026-06-17T21:50:00,emp_0152
WF-1340,HR Onboarding,IT,Approved,2026-06-18T06:50:00,emp_0141
WF-1341,Legal Review,Operations,Submitted,2026-06-13T01:45:00,emp_0176
WF-1341,Legal Review,Operations,Under Review,2026-06-14T18:45:00,emp_0010
WF-1341,Legal Review,Operations,Manager Approval,2026-06-15T17:45:00,emp_0086
WF-1341,Legal Review,Operations,Compliance Check,2026-06-17T10:45:00,emp_0191
WF-1341,Legal Review,Operations,Rejected,2026-06-18T02:45:00,emp_0008
WF-1342,HR Onboarding,Finance,Submitted,2026-06-04T07:29:00,emp_0022
WF-1342,HR Onboarding,Finance,Under Review,2026-06-05T18:29:00,emp_0043
WF-1342,HR Onboarding,Finance,Manager Approval,2026-06-07T16:29:00,emp_0157
WF-1342,HR Onboarding,Finance,Compliance Check,2026-06-09T10:29:00,emp_0112
WF-1342,HR Onboarding,Finance,Approved,2026-06-10T12:29:00,emp_0116
WF-1343,Finance Approval,Finance,Submitted,2026-06-06T06:20:00,emp_0024
WF-1343,Finance Approval,Finance,Under Review,2026-06-07T10:20:00,emp_0149
WF-1343,Finance Approval,Finance,Manager Approval,2026-06-08T07:20:00,emp_0070
WF-1343,Finance Approval,Finance,Approved,2026-06-08T08:20:00,emp_0200
WF-1344,HR Onboarding,Sales,Submitted,2026-06-09T16:42:00,emp_0143
WF-1344,HR Onboarding,Sales,Under Review,2026-06-11T02:42:00,emp_0083
WF-1344,HR Onboarding,Sales,Manager Approval,2026-06-12T13:42:00,emp_0152
WF-1344,HR Onboarding,Sales,Compliance Check,2026-06-14T10:42:00,emp_0056
WF-1344,HR Onboarding,Sales,Approved,2026-06-14T21:42:00,emp_0046
WF-1345,Procurement,Operations,Submitted,2026-06-09T02:40:00,emp_0052
WF-1345,Procurement,Operations,Under Review,2026-06-10T19:40:00,emp_0100
WF-1345,Procurement,Operations,Manager Approval,2026-06-11T11:40:00,emp_0100
WF-1345,Procurement,Operations,Compliance Check,2026-06-13T03:40:00,emp_0179
WF-1345,Procurement,Operations,Approved,2026-06-14T16:40:00,emp_0167
WF-1346,Procurement,Legal,Submitted,2026-06-09T02:02:00,emp_0027
WF-1346,Procurement,Legal,Under Review,2026-06-09T18:02:00,emp_0011
WF-1346,Procurement,Legal,Manager Approval,2026-06-10T03:02:00,emp_0017
WF-1346,Procurement,Legal,Rejected,2026-06-10T22:02:00,emp_0130
WF-1347,Procurement,Supply Chain,Submitted,2026-06-25T03:53:00,emp_0058
WF-1347,Procurement,Supply Chain,Under Review,2026-06-26T22:53:00,emp_0048
WF-1347,Procurement,Supply Chain,Rejected,2026-06-28T14:53:00,emp_0191
WF-1348,Legal Review,IT,Submitted,2026-06-18T01:32:00,emp_0135
WF-1348,Legal Review,IT,Under Review,2026-06-19T13:32:00,emp_0081
WF-1348,Legal Review,IT,Manager Approval,2026-06-19T21:32:00,emp_0167
WF-1348,Legal Review,IT,Compliance Check,2026-06-20T04:32:00,emp_0173
WF-1348,Legal Review,IT,Approved,2026-06-20T12:32:00,emp_0142
WF-1349,Procurement,Finance,Submitted,2026-06-03T04:04:00,emp_0165
WF-1349,Procurement,Finance,Under Review,2026-06-03T18:04:00,emp_0049
WF-1349,Procurement,Finance,Manager Approval,2026-06-04T13:04:00,emp_0052
WF-1349,Procurement,Finance,Rejected,2026-06-05T13:04:00,emp_0101
WF-1350,Legal Review,IT,Submitted,2026-06-05T09:45:00,emp_0190
WF-1350,Legal Review,IT,Under Review,2026-06-07T08:45:00,emp_0144
WF-1350,Legal Review,IT,Manager Approval,2026-06-07T14:45:00,emp_0088
WF-1350,Legal Review,IT,Compliance Check,2026-06-08T07:45:00,emp_0012
WF-1350,Legal Review,IT,Approved,2026-06-09T20:45:00,emp_0100
WF-1351,IT Service Request,Sales,Submitted,2026-06-01T10:13:00,emp_0028
WF-1351,IT Service Request,Sales,Under Review,2026-06-02T11:13:00,emp_0073
WF-1351,IT Service Request,Sales,Manager Approval,2026-06-02T19:13:00,emp_0177
WF-1351,IT Service Request,Sales,Compliance Check,2026-06-04T12:13:00,emp_0171
WF-1351,IT Service Request,Sales,Rejected,2026-06-04T18:13:00,emp_0110
WF-1352,Legal Review,Sales,Submitted,2026-06-10T18:46:00,emp_0187
WF-1352,Legal Review,Sales,Under Review,2026-06-12T04:46:00,emp_0056
WF-1352,Legal Review,Sales,Manager Approval,2026-06-13T08:46:00,emp_0069
WF-1352,Legal Review,Sales,Approved,2026-06-13T18:46:00,emp_0187
WF-1353,Legal Review,IT,Submitted,2026-06-16T08:21:00,emp_0167
WF-1353,Legal Review,IT,Under Review,2026-06-16T15:21:00,emp_0070
WF-1353,Legal Review,IT,Manager Approval,2026-06-17T11:21:00,emp_0026
WF-1353,Legal Review,IT,Approved,2026-06-18T13:21:00,emp_0011
WF-1354,Procurement,IT,Submitted,2026-06-16T14:24:00,emp_0032
WF-1354,Procurement,IT,Under Review,2026-06-18T02:24:00,emp_0050
WF-1354,Procurement,IT,Manager Approval,2026-06-19T05:24:00,emp_0049
WF-1354,Procurement,IT,Approved,2026-06-20T02:24:00,emp_0005
WF-1355,HR Onboarding,Legal,Submitted,2026-06-19T15:43:00,emp_0109
WF-1355,HR Onboarding,Legal,Under Review,2026-06-19T22:43:00,emp_0022
WF-1355,HR Onboarding,Legal,Manager Approval,2026-06-21T00:43:00,emp_0074
WF-1355,HR Onboarding,Legal,Compliance Check,2026-06-21T22:43:00,emp_0044
WF-1355,HR Onboarding,Legal,Rejected,2026-06-22T00:43:00,emp_0073
WF-1356,Finance Approval,Finance,Submitted,2026-07-01T02:34:00,emp_0115
WF-1356,Finance Approval,Finance,Under Review,2026-07-01T10:34:00,emp_0100
WF-1356,Finance Approval,Finance,Manager Approval,2026-07-01T11:34:00,emp_0172
WF-1356,Finance Approval,Finance,Rejected,2026-07-03T11:34:00,emp_0133
WF-1357,Finance Approval,Sales,Submitted,2026-07-03T20:08:00,emp_0037
WF-1357,Finance Approval,Sales,Under Review,2026-07-05T06:08:00,emp_0005
WF-1357,Finance Approval,Sales,Manager Approval,2026-07-06T05:08:00,emp_0145
WF-1357,Finance Approval,Sales,Compliance Check,2026-07-08T01:08:00,emp_0065
WF-1357,Finance Approval,Sales,Rejected,2026-07-08T02:08:00,emp_0191
WF-1358,Procurement,Finance,Submitted,2026-06-04T11:58:00,emp_0172
WF-1358,Procurement,Finance,Under Review,2026-06-05T07:58:00,emp_0034
WF-1358,Procurement,Finance,Manager Approval,2026-06-05T19:58:00,emp_0111
WF-1358,Procurement,Finance,Compliance Check,2026-06-07T13:58:00,emp_0026
WF-1358,Procurement,Finance,Approved,2026-06-07T18:58:00,emp_0117
WF-1359,IT Service Request,Supply Chain,Submitted,2026-06-17T21:04:00,emp_0160
WF-1359,IT Service Request,Supply Chain,Under Review,2026-06-19T00:04:00,emp_0021
WF-1359,IT Service Request,Supply Chain,Manager Approval,2026-06-19T15:04:00,emp_0179
WF-1359,IT Service Request,Supply Chain,Compliance Check,2026-06-21T11:04:00,emp_0053
WF-1359,IT Service Request,Supply Chain,Rejected,2026-06-22T23:04:00,emp_0063
WF-1360,Legal Review,Sales,Submitted,2026-06-24T06:55:00,emp_0062
WF-1360,Legal Review,Sales,Under Review,2026-06-24T14:55:00,emp_0109
WF-1360,Legal Review,Sales,Manager Approval,2026-06-24T23:55:00,emp_0065
WF-1360,Legal Review,Sales,Compliance Check,2026-06-25T21:55:00,emp_0081
WF-1360,Legal Review,Sales,Rejected,2026-06-27T10:55:00,emp_0185
WF-1361,IT Service Request,Human Resources,Submitted,2026-06-28T04:18:00,emp_0195
WF-1361,IT Service Request,Human Resources,Under Review,2026-06-28T11:18:00,emp_0040
WF-1361,IT Service Request,Human Resources,Manager Approval,2026-06-28T17:18:00,emp_0112
WF-1361,IT Service Request,Human Resources,Compliance Check,2026-06-30T01:18:00,emp_0034
WF-1361,IT Service Request,Human Resources,Rejected,2026-07-01T21:18:00,emp_0196
WF-1362,Legal Review,IT,Submitted,2026-06-18T21:37:00,emp_0088
WF-1362,Legal Review,IT,Under Review,2026-06-19T10:37:00,emp_0065
WF-1362,Legal Review,IT,Manager Approval,2026-06-20T16:37:00,emp_0073
WF-1362,Legal Review,IT,Compliance Check,2026-06-21T23:37:00,emp_0155
WF-1362,Legal Review,IT,Rejected,2026-06-23T07:37:00,emp_0198
WF-1363,Finance Approval,Finance,Submitted,2026-06-24T12:34:00,emp_0158
WF-1363,Finance Approval,Finance,Under Review,2026-06-25T11:34:00,emp_0155
WF-1363,Finance Approval,Finance,Manager Approval,2026-06-27T08:34:00,emp_0196
WF-1363,Finance Approval,Finance,Compliance Check,2026-06-28T12:34:00,emp_0038
WF-1363,Finance Approval,Finance,Rejected,2026-06-30T10:34:00,emp_0052
WF-1364,Procurement,Human Resources,Submitted,2026-06-14T23:32:00,emp_0047
WF-1364,Procurement,Human Resources,Under Review,2026-06-15T22:32:00,emp_0042
WF-1364,Procurement,Human Resources,Manager Approval,2026-06-17T03:32:00,emp_0048
WF-1364,Procurement,Human Resources,Compliance Check,2026-06-18T23:32:00,emp_0023
WF-1364,Procurement,Human Resources,Rejected,2026-06-19T22:32:00,emp_0003
WF-1365,Finance Approval,Human Resources,Submitted,2026-06-07T02:03:00,emp_0164
WF-1365,Finance Approval,Human Resources,Under Review,2026-06-08T20:03:00,emp_0159
WF-1365,Finance Approval,Human Resources,Manager Approval,2026-06-10T04:03:00,emp_0198
WF-1365,Finance Approval,Human Resources,Compliance Check,2026-06-12T01:03:00,emp_0052
WF-1365,Finance Approval,Human Resources,Rejected,2026-06-13T23:03:00,emp_0169
WF-1366,Procurement,Sales,Submitted,2026-06-27T11:44:00,emp_0194
WF-1366,Procurement,Sales,Under Review,2026-06-28T05:44:00,emp_0075
WF-1366,Procurement,Sales,Compliance Check,2026-06-29T23:44:00,emp_0070
WF-1366,Procurement,Sales,Approved,2026-07-01T18:44:00,emp_0055
WF-1367,IT Service Request,Legal,Submitted,2026-06-08T13:21:00,emp_0112
WF-1367,IT Service Request,Legal,Under Review,2026-06-09T05:21:00,emp_0161
WF-1367,IT Service Request,Legal,Manager Approval,2026-06-11T02:21:00,emp_0042
WF-1367,IT Service Request,Legal,Compliance Check,2026-06-13T02:21:00,emp_0095
WF-1367,IT Service Request,Legal,Rejected,2026-06-13T21:21:00,emp_0096
WF-1368,Finance Approval,Finance,Submitted,2026-06-12T04:53:00,emp_0064
WF-1368,Finance Approval,Finance,Under Review,2026-06-13T11:53:00,emp_0141
WF-1368,Finance Approval,Finance,Manager Approval,2026-06-14T01:53:00,emp_0176
WF-1368,Finance Approval,Finance,Compliance Check,2026-06-15T06:53:00,emp_0041
WF-1368,Finance Approval,Finance,Approved,2026-06-16T10:53:00,emp_0197
WF-1369,HR Onboarding,Legal,Submitted,2026-06-16T03:36:00,emp_0086
WF-1369,HR Onboarding,Legal,Under Review,2026-06-18T03:36:00,emp_0161
WF-1369,HR Onboarding,Legal,Compliance Check,2026-06-18T18:36:00,emp_0071
WF-1369,HR Onboarding,Legal,Rejected,2026-06-19T22:36:00,emp_0091
WF-1370,IT Service Request,Human Resources,Submitted,2026-06-09T22:43:00,emp_0098
WF-1370,IT Service Request,Human Resources,Under Review,2026-06-10T02:43:00,emp_0131
WF-1370,IT Service Request,Human Resources,Manager Approval,2026-06-11T16:43:00,emp_0111
WF-1370,IT Service Request,Human Resources,Compliance Check,2026-06-12T13:43:00,emp_0123
WF-1370,IT Service Request,Human Resources,Rejected,2026-06-12T23:43:00,emp_0141
WF-1371,HR Onboarding,Legal,Submitted,2026-06-18T13:45:00,emp_0131
WF-1371,HR Onboarding,Legal,Under Review,2026-06-19T19:45:00,emp_0074
WF-1371,HR Onboarding,Legal,Manager Approval,2026-06-20T20:45:00,emp_0173
WF-1371,HR Onboarding,Legal,Compliance Check,2026-06-21T06:45:00,emp_0016
WF-1371,HR Onboarding,Legal,Rejected,2026-06-22T08:45:00,emp_0145
WF-1372,HR Onboarding,Legal,Submitted,2026-06-04T13:14:00,emp_0032
WF-1372,HR Onboarding,Legal,Under Review,2026-06-05T01:14:00,emp_0089
WF-1372,HR Onboarding,Legal,Manager Approval,2026-06-06T11:14:00,emp_0040
WF-1372,HR Onboarding,Legal,Rejected,2026-06-08T03:14:00,emp_0121
WF-1373,Finance Approval,Legal,Submitted,2026-06-20T02:57:00,emp_0195
WF-1373,Finance Approval,Legal,Under Review,2026-06-21T14:57:00,emp_0173
WF-1373,Finance Approval,Legal,Manager Approval,2026-06-21T22:57:00,emp_0123
WF-1373,Finance Approval,Legal,Compliance Check,2026-06-23T11:57:00,emp_0026
WF-1373,Finance Approval,Legal,Rejected,2026-06-24T21:57:00,emp_0039
WF-1374,IT Service Request,IT,Submitted,2026-06-21T08:44:00,emp_0006
WF-1374,IT Service Request,IT,Under Review,2026-06-23T00:44:00,emp_0009
WF-1374,IT Service Request,IT,Manager Approval,2026-06-23T16:44:00,emp_0063
WF-1374,IT Service Request,IT,Approved,2026-06-25T05:44:00,emp_0114
WF-1375,Legal Review,Human Resources,Submitted,2026-06-05T21:28:00,emp_0186
WF-1375,Legal Review,Human Resources,Under Review,2026-06-06T03:28:00,emp_0181
WF-1375,Legal Review,Human Resources,Manager Approval,2026-06-06T21:28:00,emp_0144
WF-1375,Legal Review,Human Resources,Compliance Check,2026-06-08T15:28:00,emp_0041
WF-1375,Legal Review,Human Resources,Approved,2026-06-09T14:28:00,emp_0087
WF-1376,HR Onboarding,Sales,Submitted,2026-06-04T18:57:00,emp_0092
WF-1376,HR Onboarding,Sales,Under Review,2026-06-06T07:57:00,emp_0100
WF-1376,HR Onboarding,Sales,Manager Approval,2026-06-07T02:57:00,emp_0152
WF-1376,HR Onboarding,Sales,Approved,2026-06-08T21:57:00,emp_0144
WF-1377,IT Service Request,Operations,Submitted,2026-06-24T15:01:00,emp_0129
WF-1377,IT Service Request,Operations,Under Review,2026-06-24T21:01:00,emp_0138
WF-1377,IT Service Request,Operations,Manager Approval,2026-06-26T20:01:00,emp_0187
WF-1377,IT Service Request,Operations,Rejected,2026-06-26T23:01:00,emp_0160
WF-1378,Finance Approval,Operations,Submitted,2026-06-17T10:08:00,emp_0043
WF-1378,Finance Approval,Operations,Under Review,2026-06-17T14:08:00,emp_0200
WF-1378,Finance Approval,Operations,Manager Approval,2026-06-19T12:08:00,emp_0172
WF-1378,Finance Approval,Operations,Compliance Check,2026-06-20T13:08:00,emp_0187
WF-1378,Finance Approval,Operations,Rejected,2026-06-20T20:08:00,emp_0099
WF-1379,HR Onboarding,IT,Submitted,2026-06-02T18:46:00,emp_0037
WF-1379,HR Onboarding,IT,Under Review,2026-06-04T00:46:00,emp_0198
WF-1379,HR Onboarding,IT,Manager Approval,2026-06-05T08:46:00,emp_0010
WF-1379,HR Onboarding,IT,Rejected,2026-06-07T00:46:00,emp_0006
WF-1380,Legal Review,Human Resources,Submitted,2026-06-07T19:36:00,emp_0141
WF-1380,Legal Review,Human Resources,Under Review,2026-06-08T20:36:00,emp_0151
WF-1380,Legal Review,Human Resources,Manager Approval,2026-06-10T15:36:00,emp_0194
WF-1380,Legal Review,Human Resources,Compliance Check,2026-06-11T20:36:00,emp_0017
WF-1380,Legal Review,Human Resources,Approved,2026-06-13T15:36:00,emp_0177
WF-1381,Procurement,IT,Submitted,2026-06-21T07:14:00,emp_0011
WF-1381,Procurement,IT,Under Review,2026-06-23T02:14:00,emp_0180
WF-1381,Procurement,IT,Manager Approval,2026-06-24T19:14:00,emp_0198
WF-1381,Procurement,IT,Rejected,2026-06-26T00:14:00,emp_0137
WF-1382,Procurement,Finance,Submitted,2026-06-05T03:43:00,emp_0049
WF-1382,Procurement,Finance,Under Review,2026-06-05T07:43:00,emp_0193
WF-1382,Procurement,Finance,Manager Approval,2026-06-06T07:43:00,emp_0158
WF-1382,Procurement,Finance,Rejected,2026-06-07T03:43:00,emp_0110
WF-1383,Finance Approval,Sales,Submitted,2026-06-22T15:24:00,emp_0114
WF-1383,Finance Approval,Sales,Under Review,2026-06-24T13:24:00,emp_0148
WF-1383,Finance Approval,Sales,Manager Approval,2026-06-26T03:24:00,emp_0138
WF-1383,Finance Approval,Sales,Approved,2026-06-26T08:24:00,emp_0189
WF-1384,Legal Review,Human Resources,Submitted,2026-06-12T01:15:00,emp_0012
WF-1384,Legal Review,Human Resources,Under Review,2026-06-12T23:15:00,emp_0172
WF-1384,Legal Review,Human Resources,Manager Approval,2026-06-13T03:15:00,emp_0069
WF-1384,Legal Review,Human Resources,Rejected,2026-06-13T23:15:00,emp_0196
WF-1385,Legal Review,Sales,Submitted,2026-06-20T23:22:00,emp_0059
WF-1385,Legal Review,Sales,Under Review,2026-06-22T11:22:00,emp_0189
WF-1385,Legal Review,Sales,Compliance Check,2026-06-24T04:22:00,emp_0012
WF-1385,Legal Review,Sales,Rejected,2026-06-24T21:22:00,emp_0139
WF-1386,Finance Approval,Human Resources,Submitted,2026-06-22T12:01:00,emp_0071
WF-1386,Finance Approval,Human Resources,Under Review,2026-06-23T23:01:00,emp_0097
WF-1386,Finance Approval,Human Resources,Manager Approval,2026-06-24T17:01:00,emp_0158
WF-1386,Finance Approval,Human Resources,Rejected,2026-06-25T07:01:00,emp_0129
WF-1387,IT Service Request,Operations,Submitted,2026-06-19T16:05:00,emp_0076
WF-1387,IT Service Request,Operations,Under Review,2026-06-20T07:05:00,emp_0009
WF-1387,IT Service Request,Operations,Compliance Check,2026-06-21T08:05:00,emp_0041
WF-1387,IT Service Request,Operations,Approved,2026-06-21T16:05:00,emp_0097
WF-1388,Legal Review,Operations,Submitted,2026-06-23T05:54:00,emp_0112
WF-1388,Legal Review,Operations,Under Review,2026-06-23T09:54:00,emp_0140
WF-1388,Legal Review,Operations,Manager Approval,2026-06-24T20:54:00,emp_0106
WF-1388,Legal Review,Operations,Rejected,2026-06-25T14:54:00,emp_0004
WF-1389,Finance Approval,Operations,Submitted,2026-06-10T04:47:00,emp_0031
WF-1389,Finance Approval,Operations,Under Review,2026-06-11T10:47:00,emp_0068
WF-1389,Finance Approval,Operations,Manager Approval,2026-06-13T04:47:00,emp_0001
WF-1389,Finance Approval,Operations,Compliance Check,2026-06-14T18:47:00,emp_0112
WF-1389,Finance Approval,Operations,Approved,2026-06-14T20:47:00,emp_0121
WF-1390,HR Onboarding,IT,Submitted,2026-06-18T02:53:00,emp_0010
WF-1390,HR Onboarding,IT,Under Review,2026-06-20T01:53:00,emp_0021
WF-1390,HR Onboarding,IT,Compliance Check,2026-06-20T11:53:00,emp_0186
WF-1390,HR Onboarding,IT,Approved,2026-06-22T05:53:00,emp_0126
WF-1391,Procurement,Human Resources,Submitted,2026-06-07T08:37:00,emp_0073
WF-1391,Procurement,Human Resources,Under Review,2026-06-09T03:37:00,emp_0042
WF-1391,Procurement,Human Resources,Manager Approval,2026-06-09T14:37:00,emp_0122
WF-1391,Procurement,Human Resources,Approved,2026-06-10T05:37:00,emp_0043
WF-1392,Legal Review,Sales,Submitted,2026-07-01T11:09:00,emp_0002
WF-1392,Legal Review,Sales,Under Review,2026-07-01T19:09:00,emp_0147
WF-1392,Legal Review,Sales,Manager Approval,2026-07-01T22:09:00,emp_0095
WF-1392,Legal Review,Sales,Rejected,2026-07-02T01:09:00,emp_0142
WF-1393,Procurement,IT,Submitted,2026-06-19T19:51:00,emp_0081
WF-1393,Procurement,IT,Under Review,2026-06-20T15:51:00,emp_0128
WF-1393,Procurement,IT,Manager Approval,2026-06-21T07:51:00,emp_0046
WF-1393,Procurement,IT,Compliance Check,2026-06-22T22:51:00,emp_0178
WF-1393,Procurement,IT,Approved,2026-06-24T21:51:00,emp_0052
WF-1394,HR Onboarding,IT,Submitted,2026-06-08T19:37:00,emp_0059
WF-1394,HR Onboarding,IT,Under Review,2026-06-09T01:37:00,emp_0090
WF-1394,HR Onboarding,IT,Manager Approval,2026-06-09T06:37:00,emp_0003
WF-1394,HR Onboarding,IT,Compliance Check,2026-06-10T15:37:00,emp_0100
WF-1394,HR Onboarding,IT,Approved,2026-06-10T18:37:00,emp_0046
WF-1395,Procurement,IT,Submitted,2026-06-14T22:55:00,emp_0126
WF-1395,Procurement,IT,Under Review,2026-06-16T13:55:00,emp_0077
WF-1395,Procurement,IT,Compliance Check,2026-06-16T15:55:00,emp_0078
WF-1395,Procurement,IT,Approved,2026-06-17T13:55:00,emp_0161
WF-1396,Legal Review,Operations,Submitted,2026-06-16T12:09:00,emp_0072
WF-1396,Legal Review,Operations,Under Review,2026-06-16T23:09:00,emp_0146
WF-1396,Legal Review,Operations,Manager Approval,2026-06-17T22:09:00,emp_0133
WF-1396,Legal Review,Operations,Rejected,2026-06-19T02:09:00,emp_0091
WF-1397,Legal Review,Operations,Submitted,2026-06-11T19:55:00,emp_0181
WF-1397,Legal Review,Operations,Under Review,2026-06-11T20:55:00,emp_0048
WF-1397,Legal Review,Operations,Manager Approval,2026-06-13T13:55:00,emp_0165
WF-1397,Legal Review,Operations,Compliance Check,2026-06-14T09:55:00,emp_0136
WF-1397,Legal Review,Operations,Approved,2026-06-15T15:55:00,emp_0140
WF-1398,HR Onboarding,Operations,Submitted,2026-06-02T22:20:00,emp_0139
WF-1398,HR Onboarding,Operations,Under Review,2026-06-03T11:20:00,emp_0039
WF-1398,HR Onboarding,Operations,Manager Approval,2026-06-03T15:20:00,emp_0141
WF-1398,HR Onboarding,Operations,Approved,2026-06-04T11:20:00,emp_0148
WF-1399,Legal Review,Operations,Submitted,2026-07-01T22:18:00,emp_0064
WF-1399,Legal Review,Operations,Under Review,2026-07-02T22:18:00,emp_0041
WF-1399,Legal Review,Operations,Manager Approval,2026-07-03T06:18:00,emp_0093
WF-1399,Legal Review,Operations,Compliance Check,2026-07-04T08:18:00,emp_0105
WF-1399,Legal Review,Operations,Approved,2026-07-04T11:18:00,emp_0188
WF-1400,Procurement,Operations,Submitted,2026-06-27T20:37:00,emp_0034
WF-1400,Procurement,Operations,Under Review,2026-06-28T07:37:00,emp_0178
WF-1400,Procurement,Operations,Compliance Check,2026-06-28T15:37:00,emp_0184
WF-1400,Procurement,Operations,Rejected,2026-06-29T16:37:00,emp_0099
WF-1401,IT Service Request,Supply Chain,Submitted,2026-06-05T03:41:00,emp_0025
WF-1401,IT Service Request,Supply Chain,Under Review,2026-06-06T08:41:00,emp_0004
WF-1401,IT Service Request,Supply Chain,Manager Approval,2026-06-07T19:41:00,emp_0031
WF-1401,IT Service Request,Supply Chain,Rejected,2026-06-08T02:41:00,emp_0082
WF-1402,Procurement,Human Resources,Submitted,2026-06-19T12:19:00,emp_0049
WF-1402,Procurement,Human Resources,Under Review,2026-06-20T16:19:00,emp_0065
WF-1402,Procurement,Human Resources,Manager Approval,2026-06-21T15:19:00,emp_0158
WF-1402,Procurement,Human Resources,Compliance Check,2026-06-21T19:19:00,emp_0051
WF-1402,Procurement,Human Resources,Rejected,2026-06-21T22:19:00,emp_0060
WF-1403,Finance Approval,Finance,Submitted,2026-06-12T18:41:00,emp_0190
WF-1403,Finance Approval,Finance,Under Review,2026-06-14T17:41:00,emp_0022
WF-1403,Finance Approval,Finance,Compliance Check,2026-06-16T16:41:00,emp_0121
WF-1403,Finance Approval,Finance,Rejected,2026-06-17T23:41:00,emp_0069
WF-1404,IT Service Request,Supply Chain,Submitted,2026-06-21T16:42:00,emp_0079
WF-1404,IT Service Request,Supply Chain,Under Review,2026-06-21T20:42:00,emp_0086
WF-1404,IT Service Request,Supply Chain,Compliance Check,2026-06-23T13:42:00,emp_0028
WF-1404,IT Service Request,Supply Chain,Approved,2026-06-24T20:42:00,emp_0187
WF-1405,Legal Review,Operations,Submitted,2026-06-29T13:17:00,emp_0189
WF-1405,Legal Review,Operations,Under Review,2026-06-30T21:17:00,emp_0106
WF-1405,Legal Review,Operations,Manager Approval,2026-07-01T08:17:00,emp_0190
WF-1405,Legal Review,Operations,Approved,2026-07-03T08:17:00,emp_0029
WF-1406,Legal Review,Sales,Submitted,2026-06-15T14:44:00,emp_0169
WF-1406,Legal Review,Sales,Under Review,2026-06-16T19:44:00,emp_0074
WF-1406,Legal Review,Sales,Manager Approval,2026-06-17T09:44:00,emp_0129
WF-1406,Legal Review,Sales,Approved,2026-06-18T18:44:00,emp_0081
WF-1407,Procurement,Legal,Submitted,2026-07-02T05:31:00,emp_0155
WF-1407,Procurement,Legal,Under Review,2026-07-03T19:31:00,emp_0031
WF-1407,Procurement,Legal,Manager Approval,2026-07-04T20:31:00,emp_0051
WF-1407,Procurement,Legal,Compliance Check,2026-07-05T03:31:00,emp_0035
WF-1407,Procurement,Legal,Rejected,2026-07-07T03:31:00,emp_0092
WF-1408,Finance Approval,Supply Chain,Submitted,2026-06-04T22:03:00,emp_0065
WF-1408,Finance Approval,Supply Chain,Under Review,2026-06-05T16:03:00,emp_0117
WF-1408,Finance Approval,Supply Chain,Manager Approval,2026-06-07T00:03:00,emp_0053
WF-1408,Finance Approval,Supply Chain,Approved,2026-06-09T00:03:00,emp_0134
WF-1409,HR Onboarding,Legal,Submitted,2026-06-07T21:15:00,emp_0190
WF-1409,HR Onboarding,Legal,Under Review,2026-06-08T19:15:00,emp_0151
WF-1409,HR Onboarding,Legal,Compliance Check,2026-06-09T07:15:00,emp_0022
WF-1409,HR Onboarding,Legal,Approved,2026-06-11T07:15:00,emp_0079
WF-1410,Finance Approval,IT,Submitted,2026-06-14T08:21:00,emp_0198
WF-1410,Finance Approval,IT,Under Review,2026-06-15T12:21:00,emp_0130
WF-1410,Finance Approval,IT,Manager Approval,2026-06-16T11:21:00,emp_0091
WF-1410,Finance Approval,IT,Compliance Check,2026-06-18T08:21:00,emp_0019
WF-1410,Finance Approval,IT,Approved,2026-06-20T00:21:00,emp_0017
WF-1411,HR Onboarding,Supply Chain,Submitted,2026-06-21T14:53:00,emp_0058
WF-1411,HR Onboarding,Supply Chain,Under Review,2026-06-23T14:53:00,emp_0131
WF-1411,HR Onboarding,Supply Chain,Manager Approval,2026-06-23T18:53:00,emp_0148
WF-1411,HR Onboarding,Supply Chain,Compliance Check,2026-06-25T12:53:00,emp_0017
WF-1411,HR Onboarding,Supply Chain,Rejected,2026-06-26T13:53:00,emp_0105
WF-1412,HR Onboarding,Finance,Submitted,2026-06-10T23:58:00,emp_0118
WF-1412,HR Onboarding,Finance,Under Review,2026-06-12T03:58:00,emp_0091
WF-1412,HR Onboarding,Finance,Compliance Check,2026-06-12T11:58:00,emp_0073
WF-1412,HR Onboarding,Finance,Rejected,2026-06-12T16:58:00,emp_0163
WF-1413,IT Service Request,Supply Chain,Submitted,2026-06-09T12:31:00,emp_0177
WF-1413,IT Service Request,Supply Chain,Under Review,2026-06-10T19:31:00,emp_0169
WF-1413,IT Service Request,Supply Chain,Manager Approval,2026-06-12T14:31:00,emp_0157
WF-1413,IT Service Request,Supply Chain,Compliance Check,2026-06-14T00:31:00,emp_0044
WF-1413,IT Service Request,Supply Chain,Rejected,2026-06-14T19:31:00,emp_0050
WF-1414,IT Service Request,Operations,Submitted,2026-06-04T05:38:00,emp_0179
WF-1414,IT Service Request,Operations,Under Review,2026-06-05T16:38:00,emp_0080
WF-1414,IT Service Request,Operations,Manager Approval,2026-06-07T03:38:00,emp_0123
WF-1414,IT Service Request,Operations,Compliance Check,2026-06-07T10:38:00,emp_0051
WF-1414,IT Service Request,Operations,Approved,2026-06-08T18:38:00,emp_0185
WF-1415,Legal Review,Operations,Submitted,2026-06-05T21:11:00,emp_0115
WF-1415,Legal Review,Operations,Under Review,2026-06-06T15:11:00,emp_0037
WF-1415,Legal Review,Operations,Manager Approval,2026-06-07T15:11:00,emp_0053
WF-1415,Legal Review,Operations,Rejected,2026-06-07T18:11:00,emp_0195
WF-1416,HR Onboarding,Sales,Submitted,2026-06-16T11:06:00,emp_0031
WF-1416,HR Onboarding,Sales,Under Review,2026-06-16T12:06:00,emp_0148
WF-1416,HR Onboarding,Sales,Manager Approval,2026-06-18T09:06:00,emp_0116
WF-1416,HR Onboarding,Sales,Compliance Check,2026-06-19T08:06:00,emp_0115
WF-1416,HR Onboarding,Sales,Approved,2026-06-20T14:06:00,emp_0119
WF-1417,Legal Review,IT,Submitted,2026-06-20T13:28:00,emp_0185
WF-1417,Legal Review,IT,Under Review,2026-06-22T03:28:00,emp_0191
WF-1417,Legal Review,IT,Manager Approval,2026-06-22T23:28:00,emp_0062
WF-1417,Legal Review,IT,Rejected,2026-06-24T07:28:00,emp_0192
WF-1418,HR Onboarding,Legal,Submitted,2026-06-12T15:41:00,emp_0155
WF-1418,HR Onboarding,Legal,Under Review,2026-06-14T02:41:00,emp_0083
WF-1418,HR Onboarding,Legal,Manager Approval,2026-06-14T08:41:00,emp_0138
WF-1418,HR Onboarding,Legal,Rejected,2026-06-15T10:41:00,emp_0134
WF-1419,HR Onboarding,Human Resources,Submitted,2026-06-03T04:20:00,emp_0096
WF-1419,HR Onboarding,Human Resources,Under Review,2026-06-04T03:20:00,emp_0070
WF-1419,HR Onboarding,Human Resources,Manager Approval,2026-06-04T23:20:00,emp_0058
WF-1419,HR Onboarding,Human Resources,Rejected,2026-06-05T23:20:00,emp_0066
WF-1420,Finance Approval,IT,Submitted,2026-06-17T06:13:00,emp_0132
WF-1420,Finance Approval,IT,Under Review,2026-06-18T09:13:00,emp_0163
WF-1420,Finance Approval,IT,Manager Approval,2026-06-19T09:13:00,emp_0007
WF-1420,Finance Approval,IT,Compliance Check,2026-06-20T16:13:00,emp_0137
WF-1420,Finance Approval,IT,Approved,2026-06-21T01:13:00,emp_0073
WF-1421,Legal Review,IT,Submitted,2026-06-09T08:52:00,emp_0176
WF-1421,Legal Review,IT,Under Review,2026-06-10T09:52:00,emp_0155
WF-1421,Legal Review,IT,Manager Approval,2026-06-12T01:52:00,emp_0130
WF-1421,Legal Review,IT,Compliance Check,2026-06-13T01:52:00,emp_0168
WF-1421,Legal Review,IT,Approved,2026-06-14T09:52:00,emp_0068
WF-1422,IT Service Request,Human Resources,Submitted,2026-06-12T19:12:00,emp_0086
WF-1422,IT Service Request,Human Resources,Under Review,2026-06-14T12:12:00,emp_0013
WF-1422,IT Service Request,Human Resources,Manager Approval,2026-06-15T16:12:00,emp_0148
WF-1422,IT Service Request,Human Resources,Compliance Check,2026-06-16T10:12:00,emp_0013
WF-1422,IT Service Request,Human Resources,Approved,2026-06-16T16:12:00,emp_0078
WF-1423,Legal Review,Operations,Submitted,2026-06-11T09:43:00,emp_0185
WF-1423,Legal Review,Operations,Under Review,2026-06-11T22:43:00,emp_0140
WF-1423,Legal Review,Operations,Manager Approval,2026-06-13T18:43:00,emp_0038
WF-1423,Legal Review,Operations,Compliance Check,2026-06-15T16:43:00,emp_0026
WF-1423,Legal Review,Operations,Rejected,2026-06-16T16:43:00,emp_0070
WF-1424,HR Onboarding,Legal,Submitted,2026-06-20T03:58:00,emp_0131
WF-1424,HR Onboarding,Legal,Under Review,2026-06-20T05:58:00,emp_0142
WF-1424,HR Onboarding,Legal,Manager Approval,2026-06-20T19:58:00,emp_0092
WF-1424,HR Onboarding,Legal,Compliance Check,2026-06-22T13:58:00,emp_0123
WF-1424,HR Onboarding,Legal,Rejected,2026-06-23T05:58:00,emp_0075
WF-1425,IT Service Request,IT,Submitted,2026-06-07T21:15:00,emp_0179
WF-1425,IT Service Request,IT,Under Review,2026-06-08T11:15:00,emp_0005
WF-1425,IT Service Request,IT,Rejected,2026-06-08T16:15:00,emp_0158
WF-1426,Procurement,Legal,Submitted,2026-06-04T23:47:00,emp_0181
WF-1426,Procurement,Legal,Under Review,2026-06-06T11:47:00,emp_0171
WF-1426,Procurement,Legal,Manager Approval,2026-06-07T19:47:00,emp_0046
WF-1426,Procurement,Legal,Approved,2026-06-08T04:47:00,emp_0048
WF-1427,HR Onboarding,Finance,Submitted,2026-06-11T00:45:00,emp_0038
WF-1427,HR Onboarding,Finance,Under Review,2026-06-12T22:45:00,emp_0055
WF-1427,HR Onboarding,Finance,Rejected,2026-06-13T01:45:00,emp_0119
WF-1428,Finance Approval,IT,Submitted,2026-06-13T23:27:00,emp_0025
WF-1428,Finance Approval,IT,Under Review,2026-06-14T07:27:00,emp_0061
WF-1428,Finance Approval,IT,Manager Approval,2026-06-15T14:27:00,emp_0162
WF-1428,Finance Approval,IT,Compliance Check,2026-06-17T14:27:00,emp_0156
WF-1428,Finance Approval,IT,Rejected,2026-06-17T19:27:00,emp_0049
WF-1429,HR Onboarding,Human Resources,Submitted,2026-06-07T16:46:00,emp_0075
WF-1429,HR Onboarding,Human Resources,Under Review,2026-06-09T10:46:00,emp_0130
WF-1429,HR Onboarding,Human Resources,Manager Approval,2026-06-10T05:46:00,emp_0102
WF-1429,HR Onboarding,Human Resources,Compliance Check,2026-06-11T13:46:00,emp_0073
WF-1429,HR Onboarding,Human Resources,Rejected,2026-06-12T05:46:00,emp_0122
WF-1430,Procurement,Legal,Submitted,2026-06-04T17:11:00,emp_0084
WF-1430,Procurement,Legal,Under Review,2026-06-06T01:11:00,emp_0046
WF-1430,Procurement,Legal,Manager Approval,2026-06-06T18:11:00,emp_0027
WF-1430,Procurement,Legal,Compliance Check,2026-06-07T09:11:00,emp_0158
WF-1430,Procurement,Legal,Approved,2026-06-07T18:11:00,emp_0139
WF-1431,Procurement,Supply Chain,Submitted,2026-06-14T08:10:00,emp_0080
WF-1431,Procurement,Supply Chain,Under Review,2026-06-15T18:10:00,emp_0009
WF-1431,Procurement,Supply Chain,Manager Approval,2026-06-17T16:10:00,emp_0059
WF-1431,Procurement,Supply Chain,Compliance Check,2026-06-19T14:10:00,emp_0008
WF-1431,Procurement,Supply Chain,Approved,2026-06-21T12:10:00,emp_0137
WF-1432,Legal Review,Supply Chain,Submitted,2026-06-12T22:51:00,emp_0045
WF-1432,Legal Review,Supply Chain,Under Review,2026-06-14T10:51:00,emp_0138
WF-1432,Legal Review,Supply Chain,Manager Approval,2026-06-15T23:51:00,emp_0042
WF-1432,Legal Review,Supply Chain,Compliance Check,2026-06-16T15:51:00,emp_0012
WF-1432,Legal Review,Supply Chain,Rejected,2026-06-18T09:51:00,emp_0085
WF-1433,Legal Review,Human Resources,Submitted,2026-06-28T17:17:00,emp_0114
WF-1433,Legal Review,Human Resources,Under Review,2026-06-30T01:17:00,emp_0157
WF-1433,Legal Review,Human Resources,Manager Approval,2026-07-01T03:17:00,emp_0146
WF-1433,Legal Review,Human Resources,Compliance Check,2026-07-03T00:17:00,emp_0178
WF-1433,Legal Review,Human Resources,Rejected,2026-07-03T16:17:00,emp_0073
WF-1434,HR Onboarding,Supply Chain,Submitted,2026-06-10T20:16:00,emp_0056
WF-1434,HR Onboarding,Supply Chain,Under Review,2026-06-11T03:16:00,emp_0047
WF-1434,HR Onboarding,Supply Chain,Manager Approval,2026-06-11T06:16:00,emp_0157
WF-1434,HR Onboarding,Supply Chain,Rejected,2026-06-12T09:16:00,emp_0174
WF-1435,Procurement,IT,Submitted,2026-06-12T15:56:00,emp_0099
WF-1435,Procurement,IT,Under Review,2026-06-13T19:56:00,emp_0200
WF-1435,Procurement,IT,Manager Approval,2026-06-14T03:56:00,emp_0181
WF-1435,Procurement,IT,Compliance Check,2026-06-15T20:56:00,emp_0080
WF-1435,Procurement,IT,Approved,2026-06-17T15:56:00,emp_0032
WF-1436,HR Onboarding,Sales,Submitted,2026-06-27T15:27:00,emp_0018
WF-1436,HR Onboarding,Sales,Under Review,2026-06-28T02:27:00,emp_0004
WF-1436,HR Onboarding,Sales,Approved,2026-06-29T19:27:00,emp_0140
WF-1437,Finance Approval,Sales,Submitted,2026-06-26T01:31:00,emp_0136
WF-1437,Finance Approval,Sales,Under Review,2026-06-27T10:31:00,emp_0137
WF-1437,Finance Approval,Sales,Manager Approval,2026-06-28T04:31:00,emp_0062
WF-1437,Finance Approval,Sales,Approved,2026-06-29T12:31:00,emp_0074
WF-1438,Procurement,IT,Submitted,2026-06-06T20:32:00,emp_0048
WF-1438,Procurement,IT,Under Review,2026-06-08T08:32:00,emp_0057
WF-1438,Procurement,IT,Manager Approval,2026-06-08T10:32:00,emp_0143
WF-1438,Procurement,IT,Compliance Check,2026-06-08T11:32:00,emp_0154
WF-1438,Procurement,IT,Rejected,2026-06-09T16:32:00,emp_0157
WF-1439,HR Onboarding,Finance,Submitted,2026-06-30T22:41:00,emp_0082
WF-1439,HR Onboarding,Finance,Under Review,2026-07-02T08:41:00,emp_0048
WF-1439,HR Onboarding,Finance,Compliance Check,2026-07-03T21:41:00,emp_0153
WF-1439,HR Onboarding,Finance,Rejected,2026-07-05T16:41:00,emp_0072
WF-1440,HR Onboarding,Finance,Submitted,2026-06-30T18:46:00,emp_0106
WF-1440,HR Onboarding,Finance,Under Review,2026-07-01T04:46:00,emp_0060
WF-1440,HR Onboarding,Finance,Manager Approval,2026-07-02T15:46:00,emp_0152
WF-1440,HR Onboarding,Finance,Rejected,2026-07-02T22:46:00,emp_0024
WF-1441,Procurement,Legal,Submitted,2026-06-10T13:25:00,emp_0115
WF-1441,Procurement,Legal,Under Review,2026-06-11T12:25:00,emp_0038
WF-1441,Procurement,Legal,Manager Approval,2026-06-12T13:25:00,emp_0164
WF-1441,Procurement,Legal,Approved,2026-06-12T21:25:00,emp_0039
WF-1442,Legal Review,Legal,Submitted,2026-06-07T20:01:00,emp_0188
WF-1442,Legal Review,Legal,Under Review,2026-06-08T08:01:00,emp_0077
WF-1442,Legal Review,Legal,Manager Approval,2026-06-10T08:01:00,emp_0064
WF-1442,Legal Review,Legal,Compliance Check,2026-06-11T05:01:00,emp_0171
WF-1442,Legal Review,Legal,Approved,2026-06-12T11:01:00,emp_0170
WF-1443,IT Service Request,Supply Chain,Submitted,2026-06-03T03:56:00,emp_0111
WF-1443,IT Service Request,Supply Chain,Under Review,2026-06-04T17:56:00,emp_0105
WF-1443,IT Service Request,Supply Chain,Approved,2026-06-05T03:56:00,emp_0108
WF-1444,Procurement,IT,Submitted,2026-06-10T12:02:00,emp_0083
WF-1444,Procurement,IT,Under Review,2026-06-10T20:02:00,emp_0155
WF-1444,Procurement,IT,Manager Approval,2026-06-10T21:02:00,emp_0112
WF-1444,Procurement,IT,Compliance Check,2026-06-11T05:02:00,emp_0179
WF-1444,Procurement,IT,Approved,2026-06-12T08:02:00,emp_0179
WF-1445,HR Onboarding,Supply Chain,Submitted,2026-06-03T21:18:00,emp_0071
WF-1445,HR Onboarding,Supply Chain,Under Review,2026-06-05T16:18:00,emp_0169
WF-1445,HR Onboarding,Supply Chain,Approved,2026-06-07T08:18:00,emp_0076
WF-1446,IT Service Request,Human Resources,Submitted,2026-06-10T06:00:00,emp_0135
WF-1446,IT Service Request,Human Resources,Under Review,2026-06-10T15:00:00,emp_0066
WF-1446,IT Service Request,Human Resources,Compliance Check,2026-06-12T11:00:00,emp_0045
WF-1446,IT Service Request,Human Resources,Rejected,2026-06-14T03:00:00,emp_0004
WF-1447,Finance Approval,Supply Chain,Submitted,2026-06-16T06:22:00,emp_0181
WF-1447,Finance Approval,Supply Chain,Under Review,2026-06-18T06:22:00,emp_0010
WF-1447,Finance Approval,Supply Chain,Manager Approval,2026-06-20T03:22:00,emp_0057
WF-1447,Finance Approval,Supply Chain,Approved,2026-06-21T15:22:00,emp_0008
WF-1448,Legal Review,Legal,Submitted,2026-06-28T09:18:00,emp_0101
WF-1448,Legal Review,Legal,Under Review,2026-06-28T17:18:00,emp_0146
WF-1448,Legal Review,Legal,Manager Approval,2026-06-29T07:18:00,emp_0189
WF-1448,Legal Review,Legal,Compliance Check,2026-06-29T22:18:00,emp_0192
WF-1448,Legal Review,Legal,Rejected,2026-06-29T23:18:00,emp_0011
WF-1449,Finance Approval,Human Resources,Submitted,2026-06-14T13:59:00,emp_0178
WF-1449,Finance Approval,Human Resources,Under Review,2026-06-15T17:59:00,emp_0073
WF-1449,Finance Approval,Human Resources,Manager Approval,2026-06-17T12:59:00,emp_0049
WF-1449,Finance Approval,Human Resources,Rejected,2026-06-19T00:59:00,emp_0152
WF-1450,Legal Review,Legal,Submitted,2026-07-01T19:27:00,emp_0167
WF-1450,Legal Review,Legal,Under Review,2026-07-02T17:27:00,emp_0039
WF-1450,Legal Review,Legal,Manager Approval,2026-07-02T19:27:00,emp_0021
WF-1450,Legal Review,Legal,Compliance Check,2026-07-03T09:27:00,emp_0087
WF-1450,Legal Review,Legal,Approved,2026-07-04T07:27:00,emp_0172
WF-1451,HR Onboarding,Sales,Submitted,2026-06-24T08:58:00,emp_0086
WF-1451,HR Onboarding,Sales,Under Review,2026-06-25T14:58:00,emp_0080
WF-1451,HR Onboarding,Sales,Manager Approval,2026-06-25T16:58:00,emp_0011
WF-1451,HR Onboarding,Sales,Compliance Check,2026-06-26T03:58:00,emp_0075
WF-1451,HR Onboarding,Sales,Approved,2026-06-26T23:58:00,emp_0186
WF-1452,IT Service Request,Operations,Submitted,2026-06-29T14:23:00,emp_0073
WF-1452,IT Service Request,Operations,Under Review,2026-06-29T18:23:00,emp_0181
WF-1452,IT Service Request,Operations,Approved,2026-06-29T23:23:00,emp_0198
WF-1453,HR Onboarding,Operations,Submitted,2026-06-13T18:23:00,emp_0137
WF-1453,HR Onboarding,Operations,Under Review,2026-06-14T02:23:00,emp_0080
WF-1453,HR Onboarding,Operations,Manager Approval,2026-06-14T20:23:00,emp_0045
WF-1453,HR Onboarding,Operations,Rejected,2026-06-15T02:23:00,emp_0089
WF-1454,Finance Approval,Supply Chain,Submitted,2026-06-28T18:14:00,emp_0011
WF-1454,Finance Approval,Supply Chain,Under Review,2026-06-29T04:14:00,emp_0168
WF-1454,Finance Approval,Supply Chain,Manager Approval,2026-06-30T03:14:00,emp_0069
WF-1454,Finance Approval,Supply Chain,Compliance Check,2026-07-01T06:14:00,emp_0053
WF-1454,Finance Approval,Supply Chain,Rejected,2026-07-03T01:14:00,emp_0010
WF-1455,Legal Review,Sales,Submitted,2026-06-08T16:58:00,emp_0128
WF-1455,Legal Review,Sales,Under Review,2026-06-09T00:58:00,emp_0068
WF-1455,Legal Review,Sales,Manager Approval,2026-06-09T11:58:00,emp_0173
WF-1455,Legal Review,Sales,Compliance Check,2026-06-10T16:58:00,emp_0046
WF-1455,Legal Review,Sales,Rejected,2026-06-10T21:58:00,emp_0178
WF-1456,HR Onboarding,Sales,Submitted,2026-06-13T16:14:00,emp_0149
WF-1456,HR Onboarding,Sales,Under Review,2026-06-14T10:14:00,emp_0172
WF-1456,HR Onboarding,Sales,Manager Approval,2026-06-15T00:14:00,emp_0145
WF-1456,HR Onboarding,Sales,Compliance Check,2026-06-15T18:14:00,emp_0196
WF-1456,HR Onboarding,Sales,Approved,2026-06-16T21:14:00,emp_0182
WF-1457,IT Service Request,Human Resources,Submitted,2026-06-23T06:18:00,emp_0145
WF-1457,IT Service Request,Human Resources,Under Review,2026-06-24T15:18:00,emp_0146
WF-1457,IT Service Request,Human Resources,Manager Approval,2026-06-26T07:18:00,emp_0169
WF-1457,IT Service Request,Human Resources,Rejected,2026-06-26T17:18:00,emp_0015
WF-1458,HR Onboarding,Operations,Submitted,2026-06-06T18:25:00,emp_0123
WF-1458,HR Onboarding,Operations,Under Review,2026-06-08T14:25:00,emp_0065
WF-1458,HR Onboarding,Operations,Manager Approval,2026-06-10T10:25:00,emp_0106
WF-1458,HR Onboarding,Operations,Compliance Check,2026-06-10T13:25:00,emp_0194
WF-1458,HR Onboarding,Operations,Rejected,2026-06-11T05:25:00,emp_0105
WF-1459,Procurement,Supply Chain,Submitted,2026-06-16T19:13:00,emp_0137
WF-1459,Procurement,Supply Chain,Under Review,2026-06-16T20:13:00,emp_0082
WF-1459,Procurement,Supply Chain,Manager Approval,2026-06-17T19:13:00,emp_0104
WF-1459,Procurement,Supply Chain,Approved,2026-06-18T10:13:00,emp_0038
WF-1460,HR Onboarding,Operations,Submitted,2026-07-02T18:02:00,emp_0004
WF-1460,HR Onboarding,Operations,Under Review,2026-07-02T22:02:00,emp_0085
WF-1460,HR Onboarding,Operations,Manager Approval,2026-07-04T05:02:00,emp_0068
WF-1460,HR Onboarding,Operations,Rejected,2026-07-04T13:02:00,emp_0069
WF-1461,Procurement,Sales,Submitted,2026-07-02T03:01:00,emp_0002
WF-1461,Procurement,Sales,Under Review,2026-07-02T20:01:00,emp_0124
WF-1461,Procurement,Sales,Rejected,2026-07-03T16:01:00,emp_0055
WF-1462,Procurement,Legal,Submitted,2026-06-21T01:41:00,emp_0091
WF-1462,Procurement,Legal,Under Review,2026-06-21T05:41:00,emp_0119
WF-1462,Procurement,Legal,Manager Approval,2026-06-22T08:41:00,emp_0004
WF-1462,Procurement,Legal,Approved,2026-06-24T04:41:00,emp_0096
WF-1463,Finance Approval,Human Resources,Submitted,2026-06-26T20:57:00,emp_0007
WF-1463,Finance Approval,Human Resources,Under Review,2026-06-28T06:57:00,emp_0094
WF-1463,Finance Approval,Human Resources,Manager Approval,2026-06-29T21:57:00,emp_0130
WF-1463,Finance Approval,Human Resources,Compliance Check,2026-07-01T13:57:00,emp_0055
WF-1463,Finance Approval,Human Resources,Rejected,2026-07-02T06:57:00,emp_0062
WF-1464,IT Service Request,Finance,Submitted,2026-06-03T12:21:00,emp_0152
WF-1464,IT Service Request,Finance,Under Review,2026-06-05T05:21:00,emp_0078
WF-1464,IT Service Request,Finance,Manager Approval,2026-06-05T06:21:00,emp_0055
WF-1464,IT Service Request,Finance,Rejected,2026-06-06T00:21:00,emp_0140
WF-1465,Procurement,Supply Chain,Submitted,2026-06-21T01:32:00,emp_0025
WF-1465,Procurement,Supply Chain,Under Review,2026-06-22T00:32:00,emp_0056
WF-1465,Procurement,Supply Chain,Compliance Check,2026-06-22T03:32:00,emp_0139
WF-1465,Procurement,Supply Chain,Approved,2026-06-23T04:32:00,emp_0063
WF-1466,HR Onboarding,Legal,Submitted,2026-06-23T04:52:00,emp_0130
WF-1466,HR Onboarding,Legal,Under Review,2026-06-24T06:52:00,emp_0073
WF-1466,HR Onboarding,Legal,Manager Approval,2026-06-24T23:52:00,emp_0099
WF-1466,HR Onboarding,Legal,Compliance Check,2026-06-26T15:52:00,emp_0006
WF-1466,HR Onboarding,Legal,Approved,2026-06-27T11:52:00,emp_0067
WF-1467,Legal Review,IT,Submitted,2026-06-08T20:16:00,emp_0015
WF-1467,Legal Review,IT,Under Review,2026-06-09T07:16:00,emp_0049
WF-1467,Legal Review,IT,Manager Approval,2026-06-10T21:16:00,emp_0159
WF-1467,Legal Review,IT,Approved,2026-06-12T12:16:00,emp_0080
WF-1468,HR Onboarding,Human Resources,Submitted,2026-06-28T20:36:00,emp_0184
WF-1468,HR Onboarding,Human Resources,Under Review,2026-06-28T22:36:00,emp_0162
WF-1468,HR Onboarding,Human Resources,Compliance Check,2026-06-30T09:36:00,emp_0169
WF-1468,HR Onboarding,Human Resources,Rejected,2026-07-01T01:36:00,emp_0014
WF-1469,Finance Approval,Supply Chain,Submitted,2026-06-13T10:58:00,emp_0038
WF-1469,Finance Approval,Supply Chain,Under Review,2026-06-15T03:58:00,emp_0176
WF-1469,Finance Approval,Supply Chain,Manager Approval,2026-06-15T21:58:00,emp_0172
WF-1469,Finance Approval,Supply Chain,Rejected,2026-06-17T01:58:00,emp_0009
WF-1470,Procurement,Sales,Submitted,2026-06-29T05:16:00,emp_0082
WF-1470,Procurement,Sales,Under Review,2026-06-29T23:16:00,emp_0135
WF-1470,Procurement,Sales,Manager Approval,2026-06-30T06:16:00,emp_0069
WF-1470,Procurement,Sales,Compliance Check,2026-06-30T09:16:00,emp_0162
WF-1470,Procurement,Sales,Approved,2026-07-02T06:16:00,emp_0170
WF-1471,Finance Approval,IT,Submitted,2026-06-12T07:53:00,emp_0041
WF-1471,Finance Approval,IT,Under Review,2026-06-14T01:53:00,emp_0089
WF-1471,Finance Approval,IT,Manager Approval,2026-06-15T03:53:00,emp_0137
WF-1471,Finance Approval,IT,Approved,2026-06-16T01:53:00,emp_0070
WF-1472,IT Service Request,Legal,Submitted,2026-06-21T21:22:00,emp_0188
WF-1472,IT Service Request,Legal,Under Review,2026-06-23T04:22:00,emp_0141
WF-1472,IT Service Request,Legal,Manager Approval,2026-06-24T11:22:00,emp_0154
WF-1472,IT Service Request,Legal,Compliance Check,2026-06-26T03:22:00,emp_0089
WF-1472,IT Service Request,Legal,Approved,2026-06-27T02:22:00,emp_0192
WF-1473,Legal Review,Human Resources,Submitted,2026-06-16T19:47:00,emp_0127
WF-1473,Legal Review,Human Resources,Under Review,2026-06-18T11:47:00,emp_0199
WF-1473,Legal Review,Human Resources,Rejected,2026-06-18T22:47:00,emp_0161
WF-1474,Legal Review,Human Resources,Submitted,2026-06-07T13:07:00,emp_0067
WF-1474,Legal Review,Human Resources,Under Review,2026-06-08T20:07:00,emp_0127
WF-1474,Legal Review,Human Resources,Manager Approval,2026-06-09T11:07:00,emp_0143
WF-1474,Legal Review,Human Resources,Compliance Check,2026-06-10T11:07:00,emp_0192
WF-1474,Legal Review,Human Resources,Rejected,2026-06-11T02:07:00,emp_0132
WF-1475,IT Service Request,Sales,Submitted,2026-06-12T04:00:00,emp_0035
WF-1475,IT Service Request,Sales,Under Review,2026-06-13T14:00:00,emp_0114
WF-1475,IT Service Request,Sales,Approved,2026-06-14T05:00:00,emp_0168
WF-1476,HR Onboarding,Sales,Submitted,2026-06-12T02:23:00,emp_0188
WF-1476,HR Onboarding,Sales,Under Review,2026-06-13T12:23:00,emp_0041
WF-1476,HR Onboarding,Sales,Manager Approval,2026-06-14T13:23:00,emp_0111
WF-1476,HR Onboarding,Sales,Compliance Check,2026-06-16T06:23:00,emp_0008
WF-1476,HR Onboarding,Sales,Approved,2026-06-18T03:23:00,emp_0085
WF-1477,Legal Review,Legal,Submitted,2026-07-02T07:56:00,emp_0054
WF-1477,Legal Review,Legal,Under Review,2026-07-02T11:56:00,emp_0081
WF-1477,Legal Review,Legal,Manager Approval,2026-07-02T23:56:00,emp_0080
WF-1477,Legal Review,Legal,Approved,2026-07-04T06:56:00,emp_0016
WF-1478,Procurement,Finance,Submitted,2026-06-04T08:18:00,emp_0096
WF-1478,Procurement,Finance,Under Review,2026-06-05T03:18:00,emp_0165
WF-1478,Procurement,Finance,Rejected,2026-06-06T02:18:00,emp_0110
WF-1479,Finance Approval,Legal,Submitted,2026-06-20T05:07:00,emp_0043
WF-1479,Finance Approval,Legal,Under Review,2026-06-20T13:07:00,emp_0162
WF-1479,Finance Approval,Legal,Manager Approval,2026-06-22T07:07:00,emp_0042
WF-1479,Finance Approval,Legal,Approved,2026-06-22T22:07:00,emp_0043
WF-1480,Procurement,Supply Chain,Submitted,2026-06-06T23:10:00,emp_0105
WF-1480,Procurement,Supply Chain,Under Review,2026-06-07T10:10:00,emp_0149
WF-1480,Procurement,Supply Chain,Manager Approval,2026-06-07T16:10:00,emp_0036
WF-1480,Procurement,Supply Chain,Rejected,2026-06-09T07:10:00,emp_0173
WF-1481,Legal Review,Supply Chain,Submitted,2026-06-04T02:49:00,emp_0102
WF-1481,Legal Review,Supply Chain,Under Review,2026-06-05T07:49:00,emp_0131
WF-1481,Legal Review,Supply Chain,Manager Approval,2026-06-07T07:49:00,emp_0187
WF-1481,Legal Review,Supply Chain,Compliance Check,2026-06-08T03:49:00,emp_0026
WF-1481,Legal Review,Supply Chain,Rejected,2026-06-08T06:49:00,emp_0063
WF-1482,HR Onboarding,Sales,Submitted,2026-06-14T19:32:00,emp_0181
WF-1482,HR Onboarding,Sales,Under Review,2026-06-15T05:32:00,emp_0059
WF-1482,HR Onboarding,Sales,Manager Approval,2026-06-17T04:32:00,emp_0016
WF-1482,HR Onboarding,Sales,Compliance Check,2026-06-18T04:32:00,emp_0065
WF-1482,HR Onboarding,Sales,Approved,2026-06-19T07:32:00,emp_0154
WF-1483,Finance Approval,Legal,Submitted,2026-06-13T21:57:00,emp_0099
WF-1483,Finance Approval,Legal,Under Review,2026-06-14T07:57:00,emp_0109
WF-1483,Finance Approval,Legal,Manager Approval,2026-06-14T12:57:00,emp_0051
WF-1483,Finance Approval,Legal,Compliance Check,2026-06-15T10:57:00,emp_0126
WF-1483,Finance Approval,Legal,Approved,2026-06-16T19:57:00,emp_0041
WF-1484,Finance Approval,Legal,Submitted,2026-07-02T05:18:00,emp_0106
WF-1484,Finance Approval,Legal,Under Review,2026-07-03T05:18:00,emp_0152
WF-1484,Finance Approval,Legal,Manager Approval,2026-07-03T21:18:00,emp_0080
WF-1484,Finance Approval,Legal,Compliance Check,2026-07-04T11:18:00,emp_0017
WF-1484,Finance Approval,Legal,Approved,2026-07-05T21:18:00,emp_0120
WF-1485,Finance Approval,Operations,Submitted,2026-06-24T14:56:00,emp_0145
WF-1485,Finance Approval,Operations,Under Review,2026-06-25T04:56:00,emp_0063
WF-1485,Finance Approval,Operations,Manager Approval,2026-06-26T21:56:00,emp_0002
WF-1485,Finance Approval,Operations,Approved,2026-06-28T06:56:00,emp_0102
WF-1486,Finance Approval,Supply Chain,Submitted,2026-06-29T00:39:00,emp_0137
WF-1486,Finance Approval,Supply Chain,Under Review,2026-06-30T00:39:00,emp_0092
WF-1486,Finance Approval,Supply Chain,Compliance Check,2026-07-01T11:39:00,emp_0020
WF-1486,Finance Approval,Supply Chain,Rejected,2026-07-03T03:39:00,emp_0033
WF-1487,Finance Approval,Legal,Submitted,2026-06-25T19:25:00,emp_0132
WF-1487,Finance Approval,Legal,Under Review,2026-06-27T17:25:00,emp_0098
WF-1487,Finance Approval,Legal,Rejected,2026-06-29T04:25:00,emp_0081
WF-1488,Procurement,Operations,Submitted,2026-06-26T13:55:00,emp_0198
WF-1488,Procurement,Operations,Under Review,2026-06-28T00:55:00,emp_0102
WF-1488,Procurement,Operations,Manager Approval,2026-06-28T23:55:00,emp_0010
WF-1488,Procurement,Operations,Compliance Check,2026-06-29T18:55:00,emp_0141
WF-1488,Procurement,Operations,Rejected,2026-06-30T13:55:00,emp_0051
WF-1489,HR Onboarding,Sales,Submitted,2026-07-02T05:57:00,emp_0173
WF-1489,HR Onboarding,Sales,Under Review,2026-07-04T04:57:00,emp_0146
WF-1489,HR Onboarding,Sales,Manager Approval,2026-07-04T07:57:00,emp_0025
WF-1489,HR Onboarding,Sales,Approved,2026-07-05T01:57:00,emp_0023
WF-1490,Procurement,IT,Submitted,2026-06-20T09:47:00,emp_0010
WF-1490,Procurement,IT,Under Review,2026-06-21T04:47:00,emp_0087
WF-1490,Procurement,IT,Manager Approval,2026-06-21T19:47:00,emp_0072
WF-1490,Procurement,IT,Approved,2026-06-22T23:47:00,emp_0184
WF-1491,HR Onboarding,Legal,Submitted,2026-06-11T19:29:00,emp_0015
WF-1491,HR Onboarding,Legal,Under Review,2026-06-13T17:29:00,emp_0045
WF-1491,HR Onboarding,Legal,Manager Approval,2026-06-15T03:29:00,emp_0018
WF-1491,HR Onboarding,Legal,Approved,2026-06-15T05:29:00,emp_0102
WF-1492,IT Service Request,Legal,Submitted,2026-06-07T01:00:00,emp_0154
WF-1492,IT Service Request,Legal,Under Review,2026-06-08T09:00:00,emp_0181
WF-1492,IT Service Request,Legal,Manager Approval,2026-06-10T08:00:00,emp_0177
WF-1492,IT Service Request,Legal,Rejected,2026-06-11T20:00:00,emp_0113
WF-1493,Finance Approval,Finance,Submitted,2026-06-18T09:17:00,emp_0125
WF-1493,Finance Approval,Finance,Under Review,2026-06-18T12:17:00,emp_0198
WF-1493,Finance Approval,Finance,Manager Approval,2026-06-19T23:17:00,emp_0055
WF-1493,Finance Approval,Finance,Approved,2026-06-20T17:17:00,emp_0160
WF-1494,IT Service Request,Legal,Submitted,2026-06-24T14:18:00,emp_0054
WF-1494,IT Service Request,Legal,Under Review,2026-06-25T06:18:00,emp_0175
WF-1494,IT Service Request,Legal,Manager Approval,2026-06-25T15:18:00,emp_0072
WF-1494,IT Service Request,Legal,Rejected,2026-06-26T16:18:00,emp_0122
WF-1495,Procurement,Legal,Submitted,2026-06-03T06:58:00,emp_0175
WF-1495,Procurement,Legal,Under Review,2026-06-03T20:58:00,emp_0062
WF-1495,Procurement,Legal,Compliance Check,2026-06-04T18:58:00,emp_0160
WF-1495,Procurement,Legal,Approved,2026-06-05T20:58:00,emp_0120
WF-1496,HR Onboarding,Human Resources,Submitted,2026-06-12T17:54:00,emp_0108
WF-1496,HR Onboarding,Human Resources,Under Review,2026-06-14T16:54:00,emp_0157
WF-1496,HR Onboarding,Human Resources,Compliance Check,2026-06-16T03:54:00,emp_0125
WF-1496,HR Onboarding,Human Resources,Rejected,2026-06-16T18:54:00,emp_0150
WF-1497,HR Onboarding,Sales,Submitted,2026-06-26T16:34:00,emp_0179
WF-1497,HR Onboarding,Sales,Under Review,2026-06-27T12:34:00,emp_0135
WF-1497,HR Onboarding,Sales,Manager Approval,2026-06-29T11:34:00,emp_0147
WF-1497,HR Onboarding,Sales,Compliance Check,2026-06-30T14:34:00,emp_0086
WF-1497,HR Onboarding,Sales,Rejected,2026-07-01T03:34:00,emp_0011
WF-1498,Procurement,Operations,Submitted,2026-06-19T18:07:00,emp_0092
WF-1498,Procurement,Operations,Under Review,2026-06-20T21:07:00,emp_0172
WF-1498,Procurement,Operations,Manager Approval,2026-06-22T20:07:00,emp_0116
WF-1498,Procurement,Operations,Approved,2026-06-24T02:07:00,emp_0062
WF-1499,IT Service Request,IT,Submitted,2026-06-05T18:09:00,emp_0080
WF-1499,IT Service Request,IT,Under Review,2026-06-07T17:09:00,emp_0059
WF-1499,IT Service Request,IT,Approved,2026-06-09T16:09:00,emp_0058
WF-1500,IT Service Request,Operations,Submitted,2026-06-26T11:57:00,emp_0058
WF-1500,IT Service Request,Operations,Under Review,2026-06-26T21:57:00,emp_0070
WF-1500,IT Service Request,Operations,Manager Approval,2026-06-28T16:57:00,emp_0109
WF-1500,IT Service Request,Operations,Compliance Check,2026-06-30T05:57:00,emp_0048
WF-1500,IT Service Request,Operations,Approved,2026-06-30T23:57:00,emp_0073
WF-1501,IT Service Request,Legal,Submitted,2026-07-01T10:16:00,emp_0176
WF-1501,IT Service Request,Legal,Under Review,2026-07-02T21:16:00,emp_0042
WF-1501,IT Service Request,Legal,Manager Approval,2026-07-03T15:16:00,emp_0113
WF-1501,IT Service Request,Legal,Compliance Check,2026-07-05T10:16:00,emp_0070
WF-1501,IT Service Request,Legal,Approved,2026-07-06T20:16:00,emp_0024
WF-1502,HR Onboarding,IT,Submitted,2026-06-08T20:37:00,emp_0198
WF-1502,HR Onboarding,IT,Under Review,2026-06-09T04:37:00,emp_0056
WF-1502,HR Onboarding,IT,Manager Approval,2026-06-10T08:37:00,emp_0045
WF-1502,HR Onboarding,IT,Compliance Check,2026-06-11T22:37:00,emp_0093
WF-1502,HR Onboarding,IT,Approved,2026-06-13T19:37:00,emp_0014
WF-1503,Procurement,Finance,Submitted,2026-06-21T16:06:00,emp_0084
WF-1503,Procurement,Finance,Under Review,2026-06-22T22:06:00,emp_0025
WF-1503,Procurement,Finance,Compliance Check,2026-06-24T22:06:00,emp_0068
WF-1503,Procurement,Finance,Rejected,2026-06-26T21:06:00,emp_0007
WF-1504,Legal Review,Sales,Submitted,2026-06-04T11:05:00,emp_0177
WF-1504,Legal Review,Sales,Under Review,2026-06-05T03:05:00,emp_0008
WF-1504,Legal Review,Sales,Manager Approval,2026-06-06T00:05:00,emp_0180
WF-1504,Legal Review,Sales,Approved,2026-06-06T05:05:00,emp_0164
WF-1505,HR Onboarding,Sales,Submitted,2026-06-16T18:57:00,emp_0054
WF-1505,HR Onboarding,Sales,Under Review,2026-06-16T21:57:00,emp_0095
WF-1505,HR Onboarding,Sales,Manager Approval,2026-06-18T14:57:00,emp_0085
WF-1505,HR Onboarding,Sales,Approved,2026-06-19T19:57:00,emp_0195
WF-1506,Legal Review,Human Resources,Submitted,2026-06-03T10:55:00,emp_0091
WF-1506,Legal Review,Human Resources,Under Review,2026-06-05T02:55:00,emp_0043
WF-1506,Legal Review,Human Resources,Manager Approval,2026-06-05T20:55:00,emp_0126
WF-1506,Legal Review,Human Resources,Approved,2026-06-05T22:55:00,emp_0060
WF-1507,Procurement,Supply Chain,Submitted,2026-06-27T14:11:00,emp_0068
WF-1507,Procurement,Supply Chain,Under Review,2026-06-28T05:11:00,emp_0001
WF-1507,Procurement,Supply Chain,Manager Approval,2026-06-29T23:11:00,emp_0029
WF-1507,Procurement,Supply Chain,Compliance Check,2026-07-01T21:11:00,emp_0198
WF-1507,Procurement,Supply Chain,Approved,2026-07-03T02:11:00,emp_0130
WF-1508,IT Service Request,IT,Submitted,2026-06-05T17:40:00,emp_0113
WF-1508,IT Service Request,IT,Under Review,2026-06-06T17:40:00,emp_0147
WF-1508,IT Service Request,IT,Manager Approval,2026-06-07T19:40:00,emp_0073
WF-1508,IT Service Request,IT,Rejected,2026-06-09T19:40:00,emp_0087
WF-1509,IT Service Request,IT,Submitted,2026-06-17T17:00:00,emp_0019
WF-1509,IT Service Request,IT,Under Review,2026-06-17T22:00:00,emp_0159
WF-1509,IT Service Request,IT,Manager Approval,2026-06-19T03:00:00,emp_0144
WF-1509,IT Service Request,IT,Approved,2026-06-19T21:00:00,emp_0047
WF-1510,Finance Approval,Legal,Submitted,2026-06-25T04:01:00,emp_0194
WF-1510,Finance Approval,Legal,Under Review,2026-06-26T14:01:00,emp_0005
WF-1510,Finance Approval,Legal,Manager Approval,2026-06-27T23:01:00,emp_0175
WF-1510,Finance Approval,Legal,Rejected,2026-06-29T07:01:00,emp_0013
WF-1511,IT Service Request,Finance,Submitted,2026-06-08T02:21:00,emp_0065
WF-1511,IT Service Request,Finance,Under Review,2026-06-08T03:21:00,emp_0069
WF-1511,IT Service Request,Finance,Manager Approval,2026-06-08T15:21:00,emp_0005
WF-1511,IT Service Request,Finance,Compliance Check,2026-06-09T00:21:00,emp_0096
WF-1511,IT Service Request,Finance,Approved,2026-06-10T05:21:00,emp_0035
WF-1512,IT Service Request,Supply Chain,Submitted,2026-06-16T19:40:00,emp_0088
WF-1512,IT Service Request,Supply Chain,Under Review,2026-06-18T00:40:00,emp_0073
WF-1512,IT Service Request,Supply Chain,Manager Approval,2026-06-19T06:40:00,emp_0038
WF-1512,IT Service Request,Supply Chain,Approved,2026-06-21T05:40:00,emp_0096
WF-1513,Finance Approval,IT,Submitted,2026-06-25T01:57:00,emp_0054
WF-1513,Finance Approval,IT,Under Review,2026-06-26T02:57:00,emp_0041
WF-1513,Finance Approval,IT,Approved,2026-06-27T11:57:00,emp_0077
WF-1514,Legal Review,Legal,Submitted,2026-06-27T16:42:00,emp_0039
WF-1514,Legal Review,Legal,Under Review,2026-06-29T15:42:00,emp_0021
WF-1514,Legal Review,Legal,Manager Approval,2026-07-01T07:42:00,emp_0125
WF-1514,Legal Review,Legal,Compliance Check,2026-07-01T22:42:00,emp_0114
WF-1514,Legal Review,Legal,Rejected,2026-07-03T08:42:00,emp_0028
WF-1515,Legal Review,Supply Chain,Submitted,2026-06-26T02:34:00,emp_0122
WF-1515,Legal Review,Supply Chain,Under Review,2026-06-26T15:34:00,emp_0169
WF-1515,Legal Review,Supply Chain,Manager Approval,2026-06-26T20:34:00,emp_0057
WF-1515,Legal Review,Supply Chain,Rejected,2026-06-28T16:34:00,emp_0176
WF-1516,Procurement,Sales,Submitted,2026-06-19T22:52:00,emp_0199
WF-1516,Procurement,Sales,Under Review,2026-06-20T14:52:00,emp_0072
WF-1516,Procurement,Sales,Approved,2026-06-21T11:52:00,emp_0013
WF-1517,Finance Approval,IT,Submitted,2026-06-03T16:21:00,emp_0147
WF-1517,Finance Approval,IT,Under Review,2026-06-04T08:21:00,emp_0017
WF-1517,Finance Approval,IT,Manager Approval,2026-06-05T23:21:00,emp_0136
WF-1517,Finance Approval,IT,Compliance Check,2026-06-06T11:21:00,emp_0100
WF-1517,Finance Approval,IT,Approved,2026-06-07T14:21:00,emp_0043
WF-1518,Finance Approval,Supply Chain,Submitted,2026-06-08T03:49:00,emp_0066
WF-1518,Finance Approval,Supply Chain,Under Review,2026-06-09T09:49:00,emp_0182
WF-1518,Finance Approval,Supply Chain,Manager Approval,2026-06-10T08:49:00,emp_0024
WF-1518,Finance Approval,Supply Chain,Compliance Check,2026-06-11T04:49:00,emp_0102
WF-1518,Finance Approval,Supply Chain,Rejected,2026-06-12T19:49:00,emp_0062
WF-1519,HR Onboarding,Legal,Submitted,2026-06-10T02:55:00,emp_0073
WF-1519,HR Onboarding,Legal,Under Review,2026-06-10T22:55:00,emp_0157
WF-1519,HR Onboarding,Legal,Manager Approval,2026-06-12T21:55:00,emp_0114
WF-1519,HR Onboarding,Legal,Approved,2026-06-14T10:55:00,emp_0187
WF-1520,Finance Approval,Sales,Submitted,2026-06-20T02:53:00,emp_0093
WF-1520,Finance Approval,Sales,Under Review,2026-06-21T00:53:00,emp_0175
WF-1520,Finance Approval,Sales,Manager Approval,2026-06-21T21:53:00,emp_0009
WF-1520,Finance Approval,Sales,Compliance Check,2026-06-23T19:53:00,emp_0122
WF-1520,Finance Approval,Sales,Approved,2026-06-24T21:53:00,emp_0060
WF-1521,Legal Review,Supply Chain,Submitted,2026-06-20T22:32:00,emp_0112
WF-1521,Legal Review,Supply Chain,Under Review,2026-06-21T14:32:00,emp_0097
WF-1521,Legal Review,Supply Chain,Manager Approval,2026-06-22T11:32:00,emp_0130
WF-1521,Legal Review,Supply Chain,Rejected,2026-06-24T10:32:00,emp_0096
WF-1522,HR Onboarding,Operations,Submitted,2026-06-17T00:16:00,emp_0078
WF-1522,HR Onboarding,Operations,Under Review,2026-06-18T06:16:00,emp_0060
WF-1522,HR Onboarding,Operations,Manager Approval,2026-06-18T22:16:00,emp_0016
WF-1522,HR Onboarding,Operations,Approved,2026-06-19T08:16:00,emp_0190
WF-1523,Procurement,Human Resources,Submitted,2026-06-22T23:18:00,emp_0117
WF-1523,Procurement,Human Resources,Under Review,2026-06-23T12:18:00,emp_0033
WF-1523,Procurement,Human Resources,Compliance Check,2026-06-25T05:18:00,emp_0194
WF-1523,Procurement,Human Resources,Approved,2026-06-25T10:18:00,emp_0166
WF-1524,IT Service Request,Supply Chain,Submitted,2026-06-23T11:12:00,emp_0090
WF-1524,IT Service Request,Supply Chain,Under Review,2026-06-24T23:12:00,emp_0023
WF-1524,IT Service Request,Supply Chain,Manager Approval,2026-06-25T22:12:00,emp_0121
WF-1524,IT Service Request,Supply Chain,Rejected,2026-06-26T20:12:00,emp_0190
WF-1525,Procurement,Operations,Submitted,2026-06-08T23:59:00,emp_0042
WF-1525,Procurement,Operations,Under Review,2026-06-10T02:59:00,emp_0090
WF-1525,Procurement,Operations,Manager Approval,2026-06-10T05:59:00,emp_0153
WF-1525,Procurement,Operations,Rejected,2026-06-10T23:59:00,emp_0088
WF-1526,IT Service Request,Finance,Submitted,2026-06-18T09:23:00,emp_0170
WF-1526,IT Service Request,Finance,Under Review,2026-06-18T14:23:00,emp_0160
WF-1526,IT Service Request,Finance,Manager Approval,2026-06-18T23:23:00,emp_0174
WF-1526,IT Service Request,Finance,Approved,2026-06-19T22:23:00,emp_0066
WF-1527,HR Onboarding,Legal,Submitted,2026-06-11T16:03:00,emp_0171
WF-1527,HR Onboarding,Legal,Under Review,2026-06-11T21:03:00,emp_0096
WF-1527,HR Onboarding,Legal,Manager Approval,2026-06-12T18:03:00,emp_0186
WF-1527,HR Onboarding,Legal,Approved,2026-06-14T14:03:00,emp_0151
WF-1528,HR Onboarding,Supply Chain,Submitted,2026-06-24T11:14:00,emp_0072
WF-1528,HR Onboarding,Supply Chain,Under Review,2026-06-24T22:14:00,emp_0067
WF-1528,HR Onboarding,Supply Chain,Manager Approval,2026-06-26T12:14:00,emp_0020
WF-1528,HR Onboarding,Supply Chain,Compliance Check,2026-06-28T06:14:00,emp_0029
WF-1528,HR Onboarding,Supply Chain,Approved,2026-06-29T01:14:00,emp_0021
WF-1529,HR Onboarding,Sales,Submitted,2026-06-23T02:29:00,emp_0062
WF-1529,HR Onboarding,Sales,Under Review,2026-06-24T21:29:00,emp_0166
WF-1529,HR Onboarding,Sales,Manager Approval,2026-06-26T02:29:00,emp_0017
WF-1529,HR Onboarding,Sales,Rejected,2026-06-26T05:29:00,emp_0173
WF-1530,Finance Approval,Legal,Submitted,2026-06-10T17:54:00,emp_0032
WF-1530,Finance Approval,Legal,Under Review,2026-06-11T06:54:00,emp_0098
WF-1530,Finance Approval,Legal,Manager Approval,2026-06-12T05:54:00,emp_0175
WF-1530,Finance Approval,Legal,Compliance Check,2026-06-12T20:54:00,emp_0077
WF-1530,Finance Approval,Legal,Rejected,2026-06-13T10:54:00,emp_0022
WF-1531,Legal Review,Supply Chain,Submitted,2026-06-09T18:23:00,emp_0146
WF-1531,Legal Review,Supply Chain,Under Review,2026-06-10T10:23:00,emp_0037
WF-1531,Legal Review,Supply Chain,Manager Approval,2026-06-12T03:23:00,emp_0145
WF-1531,Legal Review,Supply Chain,Approved,2026-06-12T13:23:00,emp_0041
WF-1532,Procurement,Supply Chain,Submitted,2026-06-11T18:15:00,emp_0032
WF-1532,Procurement,Supply Chain,Under Review,2026-06-12T12:15:00,emp_0013
WF-1532,Procurement,Supply Chain,Manager Approval,2026-06-14T08:15:00,emp_0073
WF-1532,Procurement,Supply Chain,Rejected,2026-06-15T00:15:00,emp_0185
WF-1533,Finance Approval,Operations,Submitted,2026-06-24T13:05:00,emp_0148
WF-1533,Finance Approval,Operations,Under Review,2026-06-25T05:05:00,emp_0001
WF-1533,Finance Approval,Operations,Manager Approval,2026-06-27T00:05:00,emp_0009
WF-1533,Finance Approval,Operations,Compliance Check,2026-06-27T16:05:00,emp_0090
WF-1533,Finance Approval,Operations,Approved,2026-06-28T09:05:00,emp_0077
WF-1534,Procurement,IT,Submitted,2026-06-23T19:28:00,emp_0070
WF-1534,Procurement,IT,Under Review,2026-06-25T13:28:00,emp_0028
WF-1534,Procurement,IT,Manager Approval,2026-06-27T13:28:00,emp_0074
WF-1534,Procurement,IT,Rejected,2026-06-29T05:28:00,emp_0131
WF-1535,IT Service Request,Operations,Submitted,2026-06-27T13:57:00,emp_0033
WF-1535,IT Service Request,Operations,Under Review,2026-06-28T04:57:00,emp_0079
WF-1535,IT Service Request,Operations,Manager Approval,2026-06-30T02:57:00,emp_0022
WF-1535,IT Service Request,Operations,Compliance Check,2026-06-30T08:57:00,emp_0123
WF-1535,IT Service Request,Operations,Rejected,2026-07-01T15:57:00,emp_0078
WF-1536,Procurement,Finance,Submitted,2026-06-19T13:45:00,emp_0098
WF-1536,Procurement,Finance,Under Review,2026-06-19T16:45:00,emp_0130
WF-1536,Procurement,Finance,Manager Approval,2026-06-19T18:45:00,emp_0067
WF-1536,Procurement,Finance,Compliance Check,2026-06-21T04:45:00,emp_0175
WF-1536,Procurement,Finance,Approved,2026-06-22T11:45:00,emp_0160
WF-1537,HR Onboarding,Legal,Submitted,2026-06-23T06:27:00,emp_0173
WF-1537,HR Onboarding,Legal,Under Review,2026-06-24T14:27:00,emp_0075
WF-1537,HR Onboarding,Legal,Manager Approval,2026-06-24T19:27:00,emp_0114
WF-1537,HR Onboarding,Legal,Compliance Check,2026-06-26T06:27:00,emp_0197
WF-1537,HR Onboarding,Legal,Approved,2026-06-26T07:27:00,emp_0182
WF-1538,HR Onboarding,Human Resources,Submitted,2026-06-11T16:23:00,emp_0132
WF-1538,HR Onboarding,Human Resources,Under Review,2026-06-13T10:23:00,emp_0036
WF-1538,HR Onboarding,Human Resources,Manager Approval,2026-06-14T10:23:00,emp_0098
WF-1538,HR Onboarding,Human Resources,Compliance Check,2026-06-16T00:23:00,emp_0135
WF-1538,HR Onboarding,Human Resources,Approved,2026-06-16T21:23:00,emp_0044
WF-1539,Legal Review,Finance,Submitted,2026-06-10T23:11:00,emp_0139
WF-1539,Legal Review,Finance,Under Review,2026-06-11T07:11:00,emp_0193
WF-1539,Legal Review,Finance,Compliance Check,2026-06-12T16:11:00,emp_0059
WF-1539,Legal Review,Finance,Rejected,2026-06-14T13:11:00,emp_0032
WF-1540,Finance Approval,Legal,Submitted,2026-06-18T23:22:00,emp_0139
WF-1540,Finance Approval,Legal,Under Review,2026-06-20T23:22:00,emp_0188
WF-1540,Finance Approval,Legal,Manager Approval,2026-06-21T07:22:00,emp_0156
WF-1540,Finance Approval,Legal,Compliance Check,2026-06-21T22:22:00,emp_0144
WF-1540,Finance Approval,Legal,Rejected,2026-06-22T08:22:00,emp_0172
WF-1541,Legal Review,Supply Chain,Submitted,2026-07-02T18:30:00,emp_0047
WF-1541,Legal Review,Supply Chain,Under Review,2026-07-04T04:30:00,emp_0188
WF-1541,Legal Review,Supply Chain,Approved,2026-07-04T19:30:00,emp_0112
WF-1542,Procurement,Supply Chain,Submitted,2026-06-05T14:34:00,emp_0015
WF-1542,Procurement,Supply Chain,Under Review,2026-06-06T04:34:00,emp_0040
WF-1542,Procurement,Supply Chain,Manager Approval,2026-06-06T05:34:00,emp_0170
WF-1542,Procurement,Supply Chain,Compliance Check,2026-06-08T03:34:00,emp_0152
WF-1542,Procurement,Supply Chain,Approved,2026-06-08T10:34:00,emp_0033
WF-1543,Procurement,Operations,Submitted,2026-06-24T15:36:00,emp_0167
WF-1543,Procurement,Operations,Under Review,2026-06-24T17:36:00,emp_0142
WF-1543,Procurement,Operations,Manager Approval,2026-06-25T10:36:00,emp_0029
WF-1543,Procurement,Operations,Compliance Check,2026-06-26T23:36:00,emp_0148
WF-1543,Procurement,Operations,Rejected,2026-06-28T02:36:00,emp_0199
WF-1544,IT Service Request,Operations,Submitted,2026-06-27T02:40:00,emp_0142
WF-1544,IT Service Request,Operations,Under Review,2026-06-27T04:40:00,emp_0107
WF-1544,IT Service Request,Operations,Manager Approval,2026-06-28T09:40:00,emp_0161
WF-1544,IT Service Request,Operations,Approved,2026-06-28T14:40:00,emp_0029
WF-1545,Legal Review,Supply Chain,Submitted,2026-06-24T15:54:00,emp_0157
WF-1545,Legal Review,Supply Chain,Under Review,2026-06-25T10:54:00,emp_0156
WF-1545,Legal Review,Supply Chain,Manager Approval,2026-06-27T08:54:00,emp_0001
WF-1545,Legal Review,Supply Chain,Approved,2026-06-29T01:54:00,emp_0102
WF-1546,HR Onboarding,Operations,Submitted,2026-06-03T17:42:00,emp_0085
WF-1546,HR Onboarding,Operations,Under Review,2026-06-03T21:42:00,emp_0085
WF-1546,HR Onboarding,Operations,Manager Approval,2026-06-05T05:42:00,emp_0008
WF-1546,HR Onboarding,Operations,Rejected,2026-06-06T17:42:00,emp_0128
WF-1547,Procurement,Operations,Submitted,2026-06-27T05:42:00,emp_0180
WF-1547,Procurement,Operations,Under Review,2026-06-29T01:42:00,emp_0180
WF-1547,Procurement,Operations,Manager Approval,2026-06-30T20:42:00,emp_0136
WF-1547,Procurement,Operations,Rejected,2026-07-02T10:42:00,emp_0133
WF-1548,Procurement,IT,Submitted,2026-06-29T12:08:00,emp_0103
WF-1548,Procurement,IT,Under Review,2026-06-29T15:08:00,emp_0032
WF-1548,Procurement,IT,Manager Approval,2026-07-01T13:08:00,emp_0177
WF-1548,Procurement,IT,Compliance Check,2026-07-02T21:08:00,emp_0193
WF-1548,Procurement,IT,Approved,2026-07-03T06:08:00,emp_0020
WF-1549,Finance Approval,Human Resources,Submitted,2026-06-23T07:47:00,emp_0145
WF-1549,Finance Approval,Human Resources,Under Review,2026-06-24T14:47:00,emp_0187
WF-1549,Finance Approval,Human Resources,Manager Approval,2026-06-24T16:47:00,emp_0088
WF-1549,Finance Approval,Human Resources,Rejected,2026-06-26T13:47:00,emp_0059
WF-1550,Procurement,Finance,Submitted,2026-06-17T18:09:00,emp_0116
WF-1550,Procurement,Finance,Under Review,2026-06-18T20:09:00,emp_0185
WF-1550,Procurement,Finance,Manager Approval,2026-06-20T01:09:00,emp_0129
WF-1550,Procurement,Finance,Rejected,2026-06-22T00:09:00,emp_0003
WF-1551,Finance Approval,IT,Submitted,2026-06-20T20:41:00,emp_0157
WF-1551,Finance Approval,IT,Under Review,2026-06-22T00:41:00,emp_0026
WF-1551,Finance Approval,IT,Manager Approval,2026-06-22T08:41:00,emp_0094
WF-1551,Finance Approval,IT,Compliance Check,2026-06-23T18:41:00,emp_0042
WF-1551,Finance Approval,IT,Rejected,2026-06-24T21:41:00,emp_0180
WF-1552,Procurement,Finance,Submitted,2026-06-05T09:53:00,emp_0166
WF-1552,Procurement,Finance,Under Review,2026-06-06T20:53:00,emp_0169
WF-1552,Procurement,Finance,Manager Approval,2026-06-08T12:53:00,emp_0143
WF-1552,Procurement,Finance,Approved,2026-06-09T21:53:00,emp_0199
WF-1553,IT Service Request,Supply Chain,Submitted,2026-06-26T23:54:00,emp_0196
WF-1553,IT Service Request,Supply Chain,Under Review,2026-06-28T06:54:00,emp_0177
WF-1553,IT Service Request,Supply Chain,Compliance Check,2026-06-28T21:54:00,emp_0044
WF-1553,IT Service Request,Supply Chain,Rejected,2026-06-29T19:54:00,emp_0061
WF-1554,HR Onboarding,Legal,Submitted,2026-06-28T16:25:00,emp_0030
WF-1554,HR Onboarding,Legal,Under Review,2026-06-29T03:25:00,emp_0016
WF-1554,HR Onboarding,Legal,Manager Approval,2026-06-29T11:25:00,emp_0168
WF-1554,HR Onboarding,Legal,Compliance Check,2026-06-30T19:25:00,emp_0184
WF-1554,HR Onboarding,Legal,Approved,2026-06-30T20:25:00,emp_0091
WF-1555,IT Service Request,Human Resources,Submitted,2026-06-15T15:56:00,emp_0128
WF-1555,IT Service Request,Human Resources,Under Review,2026-06-16T18:56:00,emp_0137
WF-1555,IT Service Request,Human Resources,Manager Approval,2026-06-17T11:56:00,emp_0112
WF-1555,IT Service Request,Human Resources,Compliance Check,2026-06-19T06:56:00,emp_0199
WF-1555,IT Service Request,Human Resources,Approved,2026-06-19T12:56:00,emp_0070
WF-1556,HR Onboarding,Human Resources,Submitted,2026-06-24T22:21:00,emp_0167
WF-1556,HR Onboarding,Human Resources,Under Review,2026-06-25T15:21:00,emp_0064
WF-1556,HR Onboarding,Human Resources,Approved,2026-06-27T09:21:00,emp_0059
WF-1557,Procurement,Human Resources,Submitted,2026-06-07T22:40:00,emp_0155
WF-1557,Procurement,Human Resources,Under Review,2026-06-09T12:40:00,emp_0123
WF-1557,Procurement,Human Resources,Manager Approval,2026-06-11T04:40:00,emp_0177
WF-1557,Procurement,Human Resources,Compliance Check,2026-06-12T15:40:00,emp_0028
WF-1557,Procurement,Human Resources,Rejected,2026-06-13T17:40:00,emp_0007
WF-1558,Legal Review,Sales,Submitted,2026-06-18T06:43:00,emp_0119
WF-1558,Legal Review,Sales,Under Review,2026-06-19T12:43:00,emp_0145
WF-1558,Legal Review,Sales,Manager Approval,2026-06-20T07:43:00,emp_0100
WF-1558,Legal Review,Sales,Approved,2026-06-21T13:43:00,emp_0022
WF-1559,Legal Review,Human Resources,Submitted,2026-06-18T17:11:00,emp_0052
WF-1559,Legal Review,Human Resources,Under Review,2026-06-20T07:11:00,emp_0035
WF-1559,Legal Review,Human Resources,Manager Approval,2026-06-21T15:11:00,emp_0131
WF-1559,Legal Review,Human Resources,Compliance Check,2026-06-23T01:11:00,emp_0010
WF-1559,Legal Review,Human Resources,Rejected,2026-06-24T16:11:00,emp_0040
WF-1560,Legal Review,IT,Submitted,2026-06-24T05:53:00,emp_0036
WF-1560,Legal Review,IT,Under Review,2026-06-25T08:53:00,emp_0199
WF-1560,Legal Review,IT,Manager Approval,2026-06-26T14:53:00,emp_0006
WF-1560,Legal Review,IT,Rejected,2026-06-27T23:53:00,emp_0001
WF-1561,HR Onboarding,IT,Submitted,2026-06-17T05:51:00,emp_0147
WF-1561,HR Onboarding,IT,Under Review,2026-06-17T12:51:00,emp_0009
WF-1561,HR Onboarding,IT,Manager Approval,2026-06-18T06:51:00,emp_0146
WF-1561,HR Onboarding,IT,Approved,2026-06-19T11:51:00,emp_0091
WF-1562,Legal Review,IT,Submitted,2026-06-27T09:52:00,emp_0033
WF-1562,Legal Review,IT,Under Review,2026-06-28T05:52:00,emp_0163
WF-1562,Legal Review,IT,Manager Approval,2026-06-28T16:52:00,emp_0121
WF-1562,Legal Review,IT,Compliance Check,2026-06-29T10:52:00,emp_0118
WF-1562,Legal Review,IT,Approved,2026-06-30T11:52:00,emp_0027
WF-1563,IT Service Request,Finance,Submitted,2026-06-27T12:34:00,emp_0092
WF-1563,IT Service Request,Finance,Under Review,2026-06-28T19:34:00,emp_0110
WF-1563,IT Service Request,Finance,Rejected,2026-06-29T14:34:00,emp_0122
WF-1564,IT Service Request,Sales,Submitted,2026-06-16T13:57:00,emp_0057
WF-1564,IT Service Request,Sales,Under Review,2026-06-17T01:57:00,emp_0016
WF-1564,IT Service Request,Sales,Compliance Check,2026-06-18T19:57:00,emp_0096
WF-1564,IT Service Request,Sales,Rejected,2026-06-20T09:57:00,emp_0072
WF-1565,Procurement,Operations,Submitted,2026-06-15T18:58:00,emp_0057
WF-1565,Procurement,Operations,Under Review,2026-06-15T23:58:00,emp_0139
WF-1565,Procurement,Operations,Manager Approval,2026-06-17T19:58:00,emp_0122
WF-1565,Procurement,Operations,Compliance Check,2026-06-19T02:58:00,emp_0158
WF-1565,Procurement,Operations,Rejected,2026-06-19T15:58:00,emp_0048
WF-1566,Procurement,Human Resources,Submitted,2026-07-01T07:04:00,emp_0155
WF-1566,Procurement,Human Resources,Under Review,2026-07-02T21:04:00,emp_0132
WF-1566,Procurement,Human Resources,Manager Approval,2026-07-04T08:04:00,emp_0173
WF-1566,Procurement,Human Resources,Compliance Check,2026-07-05T20:04:00,emp_0112
WF-1566,Procurement,Human Resources,Rejected,2026-07-07T11:04:00,emp_0093
WF-1567,IT Service Request,Finance,Submitted,2026-06-26T19:10:00,emp_0155
WF-1567,IT Service Request,Finance,Under Review,2026-06-28T04:10:00,emp_0046
WF-1567,IT Service Request,Finance,Manager Approval,2026-06-29T15:10:00,emp_0020
WF-1567,IT Service Request,Finance,Rejected,2026-06-30T11:10:00,emp_0076
WF-1568,HR Onboarding,Supply Chain,Submitted,2026-06-21T06:54:00,emp_0056
WF-1568,HR Onboarding,Supply Chain,Under Review,2026-06-21T07:54:00,emp_0067
WF-1568,HR Onboarding,Supply Chain,Manager Approval,2026-06-21T21:54:00,emp_0176
WF-1568,HR Onboarding,Supply Chain,Compliance Check,2026-06-22T07:54:00,emp_0116
WF-1568,HR Onboarding,Supply Chain,Rejected,2026-06-24T06:54:00,emp_0179
WF-1569,IT Service Request,Operations,Submitted,2026-06-21T19:55:00,emp_0027
WF-1569,IT Service Request,Operations,Under Review,2026-06-23T10:55:00,emp_0061
WF-1569,IT Service Request,Operations,Manager Approval,2026-06-23T20:55:00,emp_0109
WF-1569,IT Service Request,Operations,Compliance Check,2026-06-24T03:55:00,emp_0124
WF-1569,IT Service Request,Operations,Approved,2026-06-24T22:55:00,emp_0002
WF-1570,IT Service Request,Supply Chain,Submitted,2026-06-29T11:02:00,emp_0125
WF-1570,IT Service Request,Supply Chain,Under Review,2026-06-30T01:02:00,emp_0187
WF-1570,IT Service Request,Supply Chain,Manager Approval,2026-06-30T23:02:00,emp_0094
WF-1570,IT Service Request,Supply Chain,Approved,2026-07-02T04:02:00,emp_0084
WF-1571,Procurement,Finance,Submitted,2026-06-04T14:09:00,emp_0016
WF-1571,Procurement,Finance,Under Review,2026-06-05T16:09:00,emp_0186
WF-1571,Procurement,Finance,Manager Approval,2026-06-06T00:09:00,emp_0145
WF-1571,Procurement,Finance,Compliance Check,2026-06-06T22:09:00,emp_0095
WF-1571,Procurement,Finance,Approved,2026-06-07T22:09:00,emp_0045
WF-1572,Finance Approval,Legal,Submitted,2026-06-14T06:42:00,emp_0129
WF-1572,Finance Approval,Legal,Under Review,2026-06-14T16:42:00,emp_0071
WF-1572,Finance Approval,Legal,Manager Approval,2026-06-16T11:42:00,emp_0198
WF-1572,Finance Approval,Legal,Compliance Check,2026-06-17T10:42:00,emp_0051
WF-1572,Finance Approval,Legal,Approved,2026-06-18T22:42:00,emp_0193
WF-1573,Legal Review,Operations,Submitted,2026-06-23T18:01:00,emp_0096
WF-1573,Legal Review,Operations,Under Review,2026-06-24T06:01:00,emp_0048
WF-1573,Legal Review,Operations,Manager Approval,2026-06-24T22:01:00,emp_0093
WF-1573,Legal Review,Operations,Compliance Check,2026-06-25T16:01:00,emp_0012
WF-1573,Legal Review,Operations,Approved,2026-06-26T01:01:00,emp_0172
WF-1574,Procurement,Human Resources,Submitted,2026-06-25T23:42:00,emp_0041
WF-1574,Procurement,Human Resources,Under Review,2026-06-26T13:42:00,emp_0121
WF-1574,Procurement,Human Resources,Compliance Check,2026-06-26T14:42:00,emp_0079
WF-1574,Procurement,Human Resources,Approved,2026-06-27T02:42:00,emp_0158
WF-1575,Legal Review,Legal,Submitted,2026-06-25T01:41:00,emp_0138
WF-1575,Legal Review,Legal,Under Review,2026-06-26T03:41:00,emp_0072
WF-1575,Legal Review,Legal,Rejected,2026-06-27T18:41:00,emp_0176
WF-1576,Legal Review,Sales,Submitted,2026-06-14T17:13:00,emp_0112
WF-1576,Legal Review,Sales,Under Review,2026-06-16T10:13:00,emp_0068
WF-1576,Legal Review,Sales,Manager Approval,2026-06-17T07:13:00,emp_0171
WF-1576,Legal Review,Sales,Compliance Check,2026-06-18T01:13:00,emp_0055
WF-1576,Legal Review,Sales,Approved,2026-06-18T03:13:00,emp_0185
WF-1577,Finance Approval,Legal,Submitted,2026-07-01T13:46:00,emp_0100
WF-1577,Finance Approval,Legal,Under Review,2026-07-02T22:46:00,emp_0195
WF-1577,Finance Approval,Legal,Manager Approval,2026-07-04T06:46:00,emp_0110
WF-1577,Finance Approval,Legal,Compliance Check,2026-07-06T02:46:00,emp_0031
WF-1577,Finance Approval,Legal,Rejected,2026-07-06T17:46:00,emp_0144
WF-1578,Finance Approval,Legal,Submitted,2026-06-17T23:45:00,emp_0152
WF-1578,Finance Approval,Legal,Under Review,2026-06-18T18:45:00,emp_0124
WF-1578,Finance Approval,Legal,Manager Approval,2026-06-20T14:45:00,emp_0072
WF-1578,Finance Approval,Legal,Rejected,2026-06-22T13:45:00,emp_0030
WF-1579,Legal Review,Legal,Submitted,2026-06-28T22:41:00,emp_0054
WF-1579,Legal Review,Legal,Under Review,2026-06-29T05:41:00,emp_0045
WF-1579,Legal Review,Legal,Rejected,2026-06-30T07:41:00,emp_0044
WF-1580,IT Service Request,IT,Submitted,2026-06-06T16:23:00,emp_0113
WF-1580,IT Service Request,IT,Under Review,2026-06-07T17:23:00,emp_0114
WF-1580,IT Service Request,IT,Manager Approval,2026-06-08T08:23:00,emp_0132
WF-1580,IT Service Request,IT,Approved,2026-06-08T15:23:00,emp_0158
WF-1581,IT Service Request,Legal,Submitted,2026-06-20T02:06:00,emp_0188
WF-1581,IT Service Request,Legal,Under Review,2026-06-20T16:06:00,emp_0097
WF-1581,IT Service Request,Legal,Manager Approval,2026-06-21T14:06:00,emp_0181
WF-1581,IT Service Request,Legal,Compliance Check,2026-06-22T01:06:00,emp_0095
WF-1581,IT Service Request,Legal,Approved,2026-06-23T09:06:00,emp_0062
WF-1582,Finance Approval,IT,Submitted,2026-06-04T22:51:00,emp_0119
WF-1582,Finance Approval,IT,Under Review,2026-06-06T10:51:00,emp_0022
WF-1582,Finance Approval,IT,Manager Approval,2026-06-08T10:51:00,emp_0133
WF-1582,Finance Approval,IT,Approved,2026-06-09T22:51:00,emp_0046
WF-1583,IT Service Request,IT,Submitted,2026-06-23T16:52:00,emp_0161
WF-1583,IT Service Request,IT,Under Review,2026-06-24T05:52:00,emp_0045
WF-1583,IT Service Request,IT,Manager Approval,2026-06-24T15:52:00,emp_0102
WF-1583,IT Service Request,IT,Rejected,2026-06-26T12:52:00,emp_0081
WF-1584,Legal Review,Finance,Submitted,2026-06-09T11:11:00,emp_0076
WF-1584,Legal Review,Finance,Under Review,2026-06-11T10:11:00,emp_0199
WF-1584,Legal Review,Finance,Manager Approval,2026-06-13T10:11:00,emp_0167
WF-1584,Legal Review,Finance,Compliance Check,2026-06-13T15:11:00,emp_0070
WF-1584,Legal Review,Finance,Rejected,2026-06-14T19:11:00,emp_0131
WF-1585,IT Service Request,Sales,Submitted,2026-06-17T06:53:00,emp_0035
WF-1585,IT Service Request,Sales,Under Review,2026-06-18T08:53:00,emp_0035
WF-1585,IT Service Request,Sales,Manager Approval,2026-06-19T20:53:00,emp_0124
WF-1585,IT Service Request,Sales,Rejected,2026-06-21T06:53:00,emp_0063
WF-1586,Procurement,IT,Submitted,2026-06-14T23:14:00,emp_0160
WF-1586,Procurement,IT,Under Review,2026-06-16T01:14:00,emp_0112
WF-1586,Procurement,IT,Compliance Check,2026-06-16T03:14:00,emp_0005
WF-1586,Procurement,IT,Rejected,2026-06-16T21:14:00,emp_0130
WF-1587,Procurement,Supply Chain,Submitted,2026-07-01T16:08:00,emp_0084
WF-1587,Procurement,Supply Chain,Under Review,2026-07-01T20:08:00,emp_0064
WF-1587,Procurement,Supply Chain,Manager Approval,2026-07-03T05:08:00,emp_0125
WF-1587,Procurement,Supply Chain,Compliance Check,2026-07-04T14:08:00,emp_0157
WF-1587,Procurement,Supply Chain,Approved,2026-07-04T19:08:00,emp_0016
WF-1588,Legal Review,Human Resources,Submitted,2026-06-13T15:38:00,emp_0113
WF-1588,Legal Review,Human Resources,Under Review,2026-06-13T20:38:00,emp_0118
WF-1588,Legal Review,Human Resources,Manager Approval,2026-06-15T09:38:00,emp_0153
WF-1588,Legal Review,Human Resources,Compliance Check,2026-06-17T01:38:00,emp_0047
WF-1588,Legal Review,Human Resources,Approved,2026-06-17T17:38:00,emp_0119
WF-1589,HR Onboarding,Supply Chain,Submitted,2026-06-15T07:29:00,emp_0019
WF-1589,HR Onboarding,Supply Chain,Under Review,2026-06-16T02:29:00,emp_0195
WF-1589,HR Onboarding,Supply Chain,Manager Approval,2026-06-17T09:29:00,emp_0067
WF-1589,HR Onboarding,Supply Chain,Compliance Check,2026-06-18T17:29:00,emp_0056
WF-1589,HR Onboarding,Supply Chain,Rejected,2026-06-19T01:29:00,emp_0049
WF-1590,Procurement,Sales,Submitted,2026-06-26T02:45:00,emp_0172
WF-1590,Procurement,Sales,Under Review,2026-06-28T00:45:00,emp_0085
WF-1590,Procurement,Sales,Manager Approval,2026-06-29T12:45:00,emp_0009
WF-1590,Procurement,Sales,Rejected,2026-06-29T13:45:00,emp_0029
WF-1591,IT Service Request,Sales,Submitted,2026-06-08T09:37:00,emp_0127
WF-1591,IT Service Request,Sales,Under Review,2026-06-10T01:37:00,emp_0095
WF-1591,IT Service Request,Sales,Manager Approval,2026-06-10T16:37:00,emp_0037
WF-1591,IT Service Request,Sales,Rejected,2026-06-11T01:37:00,emp_0115
WF-1592,Legal Review,Human Resources,Submitted,2026-06-06T17:06:00,emp_0007
WF-1592,Legal Review,Human Resources,Under Review,2026-06-07T02:06:00,emp_0121
WF-1592,Legal Review,Human Resources,Manager Approval,2026-06-08T09:06:00,emp_0100
WF-1592,Legal Review,Human Resources,Approved,2026-06-10T05:06:00,emp_0066
WF-1593,IT Service Request,Operations,Submitted,2026-06-17T18:51:00,emp_0121
WF-1593,IT Service Request,Operations,Under Review,2026-06-18T15:51:00,emp_0121
WF-1593,IT Service Request,Operations,Manager Approval,2026-06-19T17:51:00,emp_0062
WF-1593,IT Service Request,Operations,Compliance Check,2026-06-20T13:51:00,emp_0127
WF-1593,IT Service Request,Operations,Approved,2026-06-22T01:51:00,emp_0007
WF-1594,HR Onboarding,Sales,Submitted,2026-06-30T07:59:00,emp_0030
WF-1594,HR Onboarding,Sales,Under Review,2026-07-01T10:59:00,emp_0128
WF-1594,HR Onboarding,Sales,Manager Approval,2026-07-01T20:59:00,emp_0018
WF-1594,HR Onboarding,Sales,Compliance Check,2026-07-03T16:59:00,emp_0011
WF-1594,HR Onboarding,Sales,Approved,2026-07-03T20:59:00,emp_0125
WF-1595,Finance Approval,IT,Submitted,2026-06-09T01:47:00,emp_0029
WF-1595,Finance Approval,IT,Under Review,2026-06-10T22:47:00,emp_0087
WF-1595,Finance Approval,IT,Manager Approval,2026-06-12T04:47:00,emp_0051
WF-1595,Finance Approval,IT,Compliance Check,2026-06-12T17:47:00,emp_0002
WF-1595,Finance Approval,IT,Rejected,2026-06-14T05:47:00,emp_0118
WF-1596,HR Onboarding,IT,Submitted,2026-06-24T09:40:00,emp_0093
WF-1596,HR Onboarding,IT,Under Review,2026-06-25T21:40:00,emp_0046
WF-1596,HR Onboarding,IT,Manager Approval,2026-06-27T20:40:00,emp_0024
WF-1596,HR Onboarding,IT,Compliance Check,2026-06-29T16:40:00,emp_0032
WF-1596,HR Onboarding,IT,Rejected,2026-06-30T02:40:00,emp_0157
WF-1597,Finance Approval,Finance,Submitted,2026-06-24T13:59:00,emp_0047
WF-1597,Finance Approval,Finance,Under Review,2026-06-25T04:59:00,emp_0198
WF-1597,Finance Approval,Finance,Manager Approval,2026-06-26T15:59:00,emp_0031
WF-1597,Finance Approval,Finance,Approved,2026-06-27T01:59:00,emp_0183
WF-1598,Finance Approval,Finance,Submitted,2026-06-03T20:26:00,emp_0163
WF-1598,Finance Approval,Finance,Under Review,2026-06-05T07:26:00,emp_0146
WF-1598,Finance Approval,Finance,Rejected,2026-06-06T19:26:00,emp_0173
WF-1599,Finance Approval,Operations,Submitted,2026-06-22T03:59:00,emp_0113
WF-1599,Finance Approval,Operations,Under Review,2026-06-22T16:59:00,emp_0023
WF-1599,Finance Approval,Operations,Compliance Check,2026-06-24T02:59:00,emp_0093
WF-1599,Finance Approval,Operations,Approved,2026-06-25T19:59:00,emp_0019
WF-1600,Procurement,Human Resources,Submitted,2026-06-26T14:51:00,emp_0020
WF-1600,Procurement,Human Resources,Under Review,2026-06-27T23:51:00,emp_0133
WF-1600,Procurement,Human Resources,Manager Approval,2026-06-29T18:51:00,emp_0033
WF-1600,Procurement,Human Resources,Compliance Check,2026-06-29T20:51:00,emp_0085
WF-1600,Procurement,Human Resources,Rejected,2026-07-01T04:51:00,emp_0016
WF-1601,IT Service Request,Supply Chain,Submitted,2026-06-29T15:11:00,emp_0016
WF-1601,IT Service Request,Supply Chain,Under Review,2026-07-01T14:11:00,emp_0169
WF-1601,IT Service Request,Supply Chain,Compliance Check,2026-07-03T10:11:00,emp_0161
WF-1601,IT Service Request,Supply Chain,Rejected,2026-07-04T21:11:00,emp_0193
WF-1602,Legal Review,Operations,Submitted,2026-06-17T23:57:00,emp_0024
WF-1602,Legal Review,Operations,Under Review,2026-06-19T22:57:00,emp_0178
WF-1602,Legal Review,Operations,Manager Approval,2026-06-21T20:57:00,emp_0076
WF-1602,Legal Review,Operations,Approved,2026-06-23T02:57:00,emp_0020
WF-1603,IT Service Request,Sales,Submitted,2026-06-24T07:02:00,emp_0091
WF-1603,IT Service Request,Sales,Under Review,2026-06-25T02:02:00,emp_0014
WF-1603,IT Service Request,Sales,Manager Approval,2026-06-26T00:02:00,emp_0023
WF-1603,IT Service Request,Sales,Compliance Check,2026-06-28T00:02:00,emp_0131
WF-1603,IT Service Request,Sales,Approved,2026-06-29T02:02:00,emp_0134
WF-1604,HR Onboarding,Supply Chain,Submitted,2026-06-11T12:01:00,emp_0175
WF-1604,HR Onboarding,Supply Chain,Under Review,2026-06-12T05:01:00,emp_0144
WF-1604,HR Onboarding,Supply Chain,Manager Approval,2026-06-12T06:01:00,emp_0018
WF-1604,HR Onboarding,Supply Chain,Rejected,2026-06-12T19:01:00,emp_0102
WF-1605,Procurement,Finance,Submitted,2026-06-13T13:35:00,emp_0134
WF-1605,Procurement,Finance,Under Review,2026-06-15T07:35:00,emp_0100
WF-1605,Procurement,Finance,Manager Approval,2026-06-15T17:35:00,emp_0098
WF-1605,Procurement,Finance,Compliance Check,2026-06-16T19:35:00,emp_0173
WF-1605,Procurement,Finance,Rejected,2026-06-18T16:35:00,emp_0029
WF-1606,Procurement,IT,Submitted,2026-06-24T17:52:00,emp_0084
WF-1606,Procurement,IT,Under Review,2026-06-26T11:52:00,emp_0165
WF-1606,Procurement,IT,Manager Approval,2026-06-27T13:52:00,emp_0127
WF-1606,Procurement,IT,Approved,2026-06-28T20:52:00,emp_0170
WF-1607,IT Service Request,Supply Chain,Submitted,2026-06-25T10:26:00,emp_0083
WF-1607,IT Service Request,Supply Chain,Under Review,2026-06-26T22:26:00,emp_0165
WF-1607,IT Service Request,Supply Chain,Manager Approval,2026-06-27T00:26:00,emp_0001
WF-1607,IT Service Request,Supply Chain,Compliance Check,2026-06-28T11:26:00,emp_0083
WF-1607,IT Service Request,Supply Chain,Approved,2026-06-28T18:26:00,emp_0135
WF-1608,Legal Review,Sales,Submitted,2026-06-10T07:48:00,emp_0195
WF-1608,Legal Review,Sales,Under Review,2026-06-11T03:48:00,emp_0061
WF-1608,Legal Review,Sales,Manager Approval,2026-06-11T16:48:00,emp_0110
WF-1608,Legal Review,Sales,Approved,2026-06-12T12:48:00,emp_0113
WF-1609,Finance Approval,Supply Chain,Submitted,2026-06-05T21:13:00,emp_0153
WF-1609,Finance Approval,Supply Chain,Under Review,2026-06-06T01:13:00,emp_0089
WF-1609,Finance Approval,Supply Chain,Manager Approval,2026-06-07T17:13:00,emp_0197
WF-1609,Finance Approval,Supply Chain,Compliance Check,2026-06-08T02:13:00,emp_0158
WF-1609,Finance Approval,Supply Chain,Approved,2026-06-10T00:13:00,emp_0117
WF-1610,Finance Approval,IT,Submitted,2026-06-29T13:31:00,emp_0003
WF-1610,Finance Approval,IT,Under Review,2026-06-30T22:31:00,emp_0195
WF-1610,Finance Approval,IT,Approved,2026-07-01T09:31:00,emp_0109
WF-1611,IT Service Request,Human Resources,Submitted,2026-06-28T02:35:00,emp_0006
WF-1611,IT Service Request,Human Resources,Under Review,2026-06-29T08:35:00,emp_0191
WF-1611,IT Service Request,Human Resources,Manager Approval,2026-07-01T07:35:00,emp_0112
WF-1611,IT Service Request,Human Resources,Rejected,2026-07-02T23:35:00,emp_0187
WF-1612,Legal Review,Finance,Submitted,2026-06-10T14:58:00,emp_0156
WF-1612,Legal Review,Finance,Under Review,2026-06-11T13:58:00,emp_0002
WF-1612,Legal Review,Finance,Rejected,2026-06-11T15:58:00,emp_0055
WF-1613,HR Onboarding,Sales,Submitted,2026-06-04T15:05:00,emp_0192
WF-1613,HR Onboarding,Sales,Under Review,2026-06-05T02:05:00,emp_0193
WF-1613,HR Onboarding,Sales,Manager Approval,2026-06-05T18:05:00,emp_0014
WF-1613,HR Onboarding,Sales,Compliance Check,2026-06-07T05:05:00,emp_0122
WF-1613,HR Onboarding,Sales,Approved,2026-06-07T12:05:00,emp_0061
WF-1614,IT Service Request,IT,Submitted,2026-06-09T14:36:00,emp_0080
WF-1614,IT Service Request,IT,Under Review,2026-06-10T18:36:00,emp_0099
WF-1614,IT Service Request,IT,Manager Approval,2026-06-12T12:36:00,emp_0165
WF-1614,IT Service Request,IT,Compliance Check,2026-06-14T03:36:00,emp_0148
WF-1614,IT Service Request,IT,Approved,2026-06-15T23:36:00,emp_0016
WF-1615,HR Onboarding,Finance,Submitted,2026-06-16T00:50:00,emp_0004
WF-1615,HR Onboarding,Finance,Under Review,2026-06-16T06:50:00,emp_0103
WF-1615,HR Onboarding,Finance,Manager Approval,2026-06-18T01:50:00,emp_0077
WF-1615,HR Onboarding,Finance,Compliance Check,2026-06-18T06:50:00,emp_0130
WF-1615,HR Onboarding,Finance,Approved,2026-06-19T08:50:00,emp_0161
WF-1616,IT Service Request,Finance,Submitted,2026-06-18T12:32:00,emp_0081
WF-1616,IT Service Request,Finance,Under Review,2026-06-19T21:32:00,emp_0098
WF-1616,IT Service Request,Finance,Manager Approval,2026-06-20T04:32:00,emp_0182
WF-1616,IT Service Request,Finance,Approved,2026-06-20T09:32:00,emp_0200
WF-1617,Procurement,Supply Chain,Submitted,2026-06-10T20:25:00,emp_0177
WF-1617,Procurement,Supply Chain,Under Review,2026-06-11T21:25:00,emp_0052
WF-1617,Procurement,Supply Chain,Manager Approval,2026-06-13T12:25:00,emp_0144
WF-1617,Procurement,Supply Chain,Rejected,2026-06-14T13:25:00,emp_0144
WF-1618,HR Onboarding,Supply Chain,Submitted,2026-07-02T01:35:00,emp_0104
WF-1618,HR Onboarding,Supply Chain,Under Review,2026-07-02T11:35:00,emp_0181
WF-1618,HR Onboarding,Supply Chain,Manager Approval,2026-07-04T11:35:00,emp_0065
WF-1618,HR Onboarding,Supply Chain,Compliance Check,2026-07-05T21:35:00,emp_0190
WF-1618,HR Onboarding,Supply Chain,Rejected,2026-07-07T08:35:00,emp_0166
WF-1619,Legal Review,Sales,Submitted,2026-07-02T22:34:00,emp_0191
WF-1619,Legal Review,Sales,Under Review,2026-07-03T23:34:00,emp_0031
WF-1619,Legal Review,Sales,Compliance Check,2026-07-05T12:34:00,emp_0006
WF-1619,Legal Review,Sales,Rejected,2026-07-06T18:34:00,emp_0127
WF-1620,Finance Approval,Human Resources,Submitted,2026-06-27T07:26:00,emp_0050
WF-1620,Finance Approval,Human Resources,Under Review,2026-06-28T21:26:00,emp_0194
WF-1620,Finance Approval,Human Resources,Manager Approval,2026-06-28T23:26:00,emp_0046
WF-1620,Finance Approval,Human Resources,Rejected,2026-06-29T02:26:00,emp_0091
WF-1621,IT Service Request,Operations,Submitted,2026-06-30T15:52:00,emp_0080
WF-1621,IT Service Request,Operations,Under Review,2026-07-01T02:52:00,emp_0055
WF-1621,IT Service Request,Operations,Rejected,2026-07-01T16:52:00,emp_0059
WF-1622,Procurement,IT,Submitted,2026-06-24T03:55:00,emp_0054
WF-1622,Procurement,IT,Under Review,2026-06-26T02:55:00,emp_0133
WF-1622,Procurement,IT,Manager Approval,2026-06-27T20:55:00,emp_0192
WF-1622,Procurement,IT,Approved,2026-06-28T08:55:00,emp_0016
WF-1623,Procurement,IT,Submitted,2026-06-27T18:51:00,emp_0065
WF-1623,Procurement,IT,Under Review,2026-06-28T03:51:00,emp_0186
WF-1623,Procurement,IT,Manager Approval,2026-06-28T17:51:00,emp_0021
WF-1623,Procurement,IT,Rejected,2026-06-30T16:51:00,emp_0179
WF-1624,Finance Approval,Operations,Submitted,2026-06-21T14:04:00,emp_0110
WF-1624,Finance Approval,Operations,Under Review,2026-06-21T22:04:00,emp_0036
WF-1624,Finance Approval,Operations,Manager Approval,2026-06-22T19:04:00,emp_0156
WF-1624,Finance Approval,Operations,Rejected,2026-06-23T23:04:00,emp_0052
WF-1625,HR Onboarding,IT,Submitted,2026-06-24T13:19:00,emp_0186
WF-1625,HR Onboarding,IT,Under Review,2026-06-25T02:19:00,emp_0039
WF-1625,HR Onboarding,IT,Compliance Check,2026-06-25T16:19:00,emp_0183
WF-1625,HR Onboarding,IT,Approved,2026-06-25T19:19:00,emp_0137
WF-1626,Legal Review,Legal,Submitted,2026-06-21T11:37:00,emp_0099
WF-1626,Legal Review,Legal,Under Review,2026-06-23T10:37:00,emp_0160
WF-1626,Legal Review,Legal,Manager Approval,2026-06-24T05:37:00,emp_0170
WF-1626,Legal Review,Legal,Compliance Check,2026-06-24T10:37:00,emp_0175
WF-1626,Legal Review,Legal,Approved,2026-06-25T14:37:00,emp_0151
WF-1627,IT Service Request,Supply Chain,Submitted,2026-06-14T09:10:00,emp_0027
WF-1627,IT Service Request,Supply Chain,Under Review,2026-06-14T13:10:00,emp_0140
WF-1627,IT Service Request,Supply Chain,Compliance Check,2026-06-16T13:10:00,emp_0133
WF-1627,IT Service Request,Supply Chain,Approved,2026-06-18T02:10:00,emp_0024
WF-1628,HR Onboarding,Finance,Submitted,2026-06-11T16:10:00,emp_0179
WF-1628,HR Onboarding,Finance,Under Review,2026-06-12T23:10:00,emp_0041
WF-1628,HR Onboarding,Finance,Manager Approval,2026-06-14T10:10:00,emp_0046
WF-1628,HR Onboarding,Finance,Compliance Check,2026-06-15T12:10:00,emp_0034
WF-1628,HR Onboarding,Finance,Rejected,2026-06-17T08:10:00,emp_0032
WF-1629,HR Onboarding,Legal,Submitted,2026-06-28T11:17:00,emp_0061
WF-1629,HR Onboarding,Legal,Under Review,2026-06-29T18:17:00,emp_0081
WF-1629,HR Onboarding,Legal,Manager Approval,2026-06-29T21:17:00,emp_0114
WF-1629,HR Onboarding,Legal,Approved,2026-07-01T10:17:00,emp_0091
WF-1630,IT Service Request,Human Resources,Submitted,2026-06-07T01:16:00,emp_0029
WF-1630,IT Service Request,Human Resources,Under Review,2026-06-08T17:16:00,emp_0025
WF-1630,IT Service Request,Human Resources,Manager Approval,2026-06-09T13:16:00,emp_0179
WF-1630,IT Service Request,Human Resources,Rejected,2026-06-11T02:16:00,emp_0156
WF-1631,HR Onboarding,Legal,Submitted,2026-06-09T06:09:00,emp_0184
WF-1631,HR Onboarding,Legal,Under Review,2026-06-10T00:09:00,emp_0148
WF-1631,HR Onboarding,Legal,Compliance Check,2026-06-11T08:09:00,emp_0186
WF-1631,HR Onboarding,Legal,Rejected,2026-06-11T23:09:00,emp_0051
WF-1632,HR Onboarding,Human Resources,Submitted,2026-06-03T01:48:00,emp_0050
WF-1632,HR Onboarding,Human Resources,Under Review,2026-06-04T06:48:00,emp_0188
WF-1632,HR Onboarding,Human Resources,Compliance Check,2026-06-05T22:48:00,emp_0036
WF-1632,HR Onboarding,Human Resources,Rejected,2026-06-07T20:48:00,emp_0112
WF-1633,Finance Approval,Legal,Submitted,2026-06-08T14:40:00,emp_0009
WF-1633,Finance Approval,Legal,Under Review,2026-06-10T06:40:00,emp_0187
WF-1633,Finance Approval,Legal,Manager Approval,2026-06-11T05:40:00,emp_0156
WF-1633,Finance Approval,Legal,Rejected,2026-06-12T02:40:00,emp_0132
WF-1634,IT Service Request,Human Resources,Submitted,2026-06-29T06:58:00,emp_0039
WF-1634,IT Service Request,Human Resources,Under Review,2026-06-30T05:58:00,emp_0185
WF-1634,IT Service Request,Human Resources,Manager Approval,2026-06-30T17:58:00,emp_0098
WF-1634,IT Service Request,Human Resources,Compliance Check,2026-07-02T15:58:00,emp_0123
WF-1634,IT Service Request,Human Resources,Rejected,2026-07-03T04:58:00,emp_0025
WF-1635,HR Onboarding,Human Resources,Submitted,2026-06-10T03:41:00,emp_0061
WF-1635,HR Onboarding,Human Resources,Under Review,2026-06-11T05:41:00,emp_0115
WF-1635,HR Onboarding,Human Resources,Manager Approval,2026-06-12T04:41:00,emp_0101
WF-1635,HR Onboarding,Human Resources,Rejected,2026-06-12T16:41:00,emp_0024
WF-1636,IT Service Request,Sales,Submitted,2026-06-28T04:51:00,emp_0168
WF-1636,IT Service Request,Sales,Under Review,2026-06-28T08:51:00,emp_0080
WF-1636,IT Service Request,Sales,Manager Approval,2026-06-28T19:51:00,emp_0142
WF-1636,IT Service Request,Sales,Rejected,2026-06-30T12:51:00,emp_0116
WF-1637,Legal Review,Sales,Submitted,2026-06-13T10:37:00,emp_0036
WF-1637,Legal Review,Sales,Under Review,2026-06-13T13:37:00,emp_0129
WF-1637,Legal Review,Sales,Manager Approval,2026-06-14T10:37:00,emp_0029
WF-1637,Legal Review,Sales,Approved,2026-06-16T02:37:00,emp_0164
WF-1638,HR Onboarding,Human Resources,Submitted,2026-07-02T04:20:00,emp_0184
WF-1638,HR Onboarding,Human Resources,Under Review,2026-07-02T18:20:00,emp_0168
WF-1638,HR Onboarding,Human Resources,Manager Approval,2026-07-03T17:20:00,emp_0196
WF-1638,HR Onboarding,Human Resources,Compliance Check,2026-07-04T23:20:00,emp_0116
WF-1638,HR Onboarding,Human Resources,Approved,2026-07-06T23:20:00,emp_0038
WF-1639,Legal Review,Supply Chain,Submitted,2026-06-17T08:05:00,emp_0165
WF-1639,Legal Review,Supply Chain,Under Review,2026-06-17T11:05:00,emp_0002
WF-1639,Legal Review,Supply Chain,Manager Approval,2026-06-18T15:05:00,emp_0134
WF-1639,Legal Review,Supply Chain,Compliance Check,2026-06-19T17:05:00,emp_0171
WF-1639,Legal Review,Supply Chain,Rejected,2026-06-20T17:05:00,emp_0035
WF-1640,Finance Approval,Supply Chain,Submitted,2026-06-06T02:01:00,emp_0079
WF-1640,Finance Approval,Supply Chain,Under Review,2026-06-06T06:01:00,emp_0034
WF-1640,Finance Approval,Supply Chain,Manager Approval,2026-06-07T18:01:00,emp_0182
WF-1640,Finance Approval,Supply Chain,Compliance Check,2026-06-09T02:01:00,emp_0124
WF-1640,Finance Approval,Supply Chain,Rejected,2026-06-09T22:01:00,emp_0193
WF-1641,Legal Review,Human Resources,Submitted,2026-06-17T15:25:00,emp_0187
WF-1641,Legal Review,Human Resources,Under Review,2026-06-19T11:25:00,emp_0096
WF-1641,Legal Review,Human Resources,Manager Approval,2026-06-19T20:25:00,emp_0046
WF-1641,Legal Review,Human Resources,Compliance Check,2026-06-20T03:25:00,emp_0176
WF-1641,Legal Review,Human Resources,Approved,2026-06-21T15:25:00,emp_0175
WF-1642,IT Service Request,Human Resources,Submitted,2026-06-23T11:29:00,emp_0071
WF-1642,IT Service Request,Human Resources,Under Review,2026-06-24T09:29:00,emp_0179
WF-1642,IT Service Request,Human Resources,Manager Approval,2026-06-25T16:29:00,emp_0174
WF-1642,IT Service Request,Human Resources,Approved,2026-06-26T02:29:00,emp_0003
WF-1643,Finance Approval,IT,Submitted,2026-06-21T18:14:00,emp_0040
WF-1643,Finance Approval,IT,Under Review,2026-06-21T20:14:00,emp_0025
WF-1643,Finance Approval,IT,Manager Approval,2026-06-22T14:14:00,emp_0004
WF-1643,Finance Approval,IT,Rejected,2026-06-24T00:14:00,emp_0175
WF-1644,HR Onboarding,Human Resources,Submitted,2026-06-20T06:33:00,emp_0070
WF-1644,HR Onboarding,Human Resources,Under Review,2026-06-20T20:33:00,emp_0007
WF-1644,HR Onboarding,Human Resources,Manager Approval,2026-06-21T03:33:00,emp_0142
WF-1644,HR Onboarding,Human Resources,Approved,2026-06-22T18:33:00,emp_0001
WF-1645,Legal Review,Sales,Submitted,2026-06-10T16:05:00,emp_0095
WF-1645,Legal Review,Sales,Under Review,2026-06-12T07:05:00,emp_0187
WF-1645,Legal Review,Sales,Manager Approval,2026-06-14T01:05:00,emp_0140
WF-1645,Legal Review,Sales,Approved,2026-06-14T07:05:00,emp_0004
WF-1646,Legal Review,Operations,Submitted,2026-06-24T03:07:00,emp_0193
WF-1646,Legal Review,Operations,Under Review,2026-06-25T07:07:00,emp_0175
WF-1646,Legal Review,Operations,Manager Approval,2026-06-27T06:07:00,emp_0070
WF-1646,Legal Review,Operations,Compliance Check,2026-06-29T02:07:00,emp_0147
WF-1646,Legal Review,Operations,Approved,2026-06-29T17:07:00,emp_0158
WF-1647,Finance Approval,Human Resources,Submitted,2026-06-10T19:53:00,emp_0129
WF-1647,Finance Approval,Human Resources,Under Review,2026-06-12T04:53:00,emp_0196
WF-1647,Finance Approval,Human Resources,Manager Approval,2026-06-13T12:53:00,emp_0181
WF-1647,Finance Approval,Human Resources,Compliance Check,2026-06-15T02:53:00,emp_0153
WF-1647,Finance Approval,Human Resources,Approved,2026-06-16T06:53:00,emp_0045
WF-1648,Procurement,Finance,Submitted,2026-07-02T00:17:00,emp_0031
WF-1648,Procurement,Finance,Under Review,2026-07-02T21:17:00,emp_0183
WF-1648,Procurement,Finance,Approved,2026-07-04T03:17:00,emp_0004
WF-1649,Procurement,Sales,Submitted,2026-06-25T10:41:00,emp_0020
WF-1649,Procurement,Sales,Under Review,2026-06-26T00:41:00,emp_0098
WF-1649,Procurement,Sales,Manager Approval,2026-06-27T15:41:00,emp_0119
WF-1649,Procurement,Sales,Rejected,2026-06-27T23:41:00,emp_0141
WF-1650,Legal Review,Human Resources,Submitted,2026-06-25T02:20:00,emp_0129
WF-1650,Legal Review,Human Resources,Under Review,2026-06-25T03:20:00,emp_0019
WF-1650,Legal Review,Human Resources,Rejected,2026-06-25T13:20:00,emp_0116
WF-1651,IT Service Request,Supply Chain,Submitted,2026-06-24T13:39:00,emp_0108
WF-1651,IT Service Request,Supply Chain,Under Review,2026-06-24T23:39:00,emp_0190
WF-1651,IT Service Request,Supply Chain,Manager Approval,2026-06-25T08:39:00,emp_0118
WF-1651,IT Service Request,Supply Chain,Rejected,2026-06-26T08:39:00,emp_0002
WF-1652,Finance Approval,Supply Chain,Submitted,2026-06-28T14:02:00,emp_0068
WF-1652,Finance Approval,Supply Chain,Under Review,2026-06-30T02:02:00,emp_0179
WF-1652,Finance Approval,Supply Chain,Manager Approval,2026-07-01T13:02:00,emp_0088
WF-1652,Finance Approval,Supply Chain,Compliance Check,2026-07-02T21:02:00,emp_0035
WF-1652,Finance Approval,Supply Chain,Approved,2026-07-03T14:02:00,emp_0158
WF-1653,Procurement,IT,Submitted,2026-06-19T20:12:00,emp_0061
WF-1653,Procurement,IT,Under Review,2026-06-21T13:12:00,emp_0163
WF-1653,Procurement,IT,Manager Approval,2026-06-22T05:12:00,emp_0022
WF-1653,Procurement,IT,Approved,2026-06-22T10:12:00,emp_0121
WF-1654,Procurement,Legal,Submitted,2026-06-09T13:40:00,emp_0031
WF-1654,Procurement,Legal,Under Review,2026-06-10T17:40:00,emp_0026
WF-1654,Procurement,Legal,Manager Approval,2026-06-11T06:40:00,emp_0001
WF-1654,Procurement,Legal,Compliance Check,2026-06-11T17:40:00,emp_0167
WF-1654,Procurement,Legal,Rejected,2026-06-11T18:40:00,emp_0144
WF-1655,IT Service Request,Human Resources,Submitted,2026-06-24T10:59:00,emp_0181
WF-1655,IT Service Request,Human Resources,Under Review,2026-06-25T07:59:00,emp_0018
WF-1655,IT Service Request,Human Resources,Manager Approval,2026-06-26T02:59:00,emp_0074
WF-1655,IT Service Request,Human Resources,Compliance Check,2026-06-26T10:59:00,emp_0126
WF-1655,IT Service Request,Human Resources,Approved,2026-06-28T08:59:00,emp_0079
WF-1656,Finance Approval,Supply Chain,Submitted,2026-06-23T21:25:00,emp_0036
WF-1656,Finance Approval,Supply Chain,Under Review,2026-06-24T20:25:00,emp_0103
WF-1656,Finance Approval,Supply Chain,Manager Approval,2026-06-26T06:25:00,emp_0140
WF-1656,Finance Approval,Supply Chain,Approved,2026-06-26T07:25:00,emp_0096
WF-1657,Legal Review,IT,Submitted,2026-06-08T21:04:00,emp_0108
WF-1657,Legal Review,IT,Under Review,2026-06-09T10:04:00,emp_0077
WF-1657,Legal Review,IT,Manager Approval,2026-06-09T22:04:00,emp_0070
WF-1657,Legal Review,IT,Approved,2026-06-10T19:04:00,emp_0086
WF-1658,Legal Review,Finance,Submitted,2026-06-25T04:23:00,emp_0112
WF-1658,Legal Review,Finance,Under Review,2026-06-25T20:23:00,emp_0140
WF-1658,Legal Review,Finance,Manager Approval,2026-06-26T11:23:00,emp_0103
WF-1658,Legal Review,Finance,Compliance Check,2026-06-27T23:23:00,emp_0141
WF-1658,Legal Review,Finance,Approved,2026-06-29T10:23:00,emp_0140
WF-1659,IT Service Request,Finance,Submitted,2026-06-17T06:05:00,emp_0094
WF-1659,IT Service Request,Finance,Under Review,2026-06-18T00:05:00,emp_0104
WF-1659,IT Service Request,Finance,Manager Approval,2026-06-19T15:05:00,emp_0131
WF-1659,IT Service Request,Finance,Approved,2026-06-20T20:05:00,emp_0120
WF-1660,Finance Approval,Finance,Submitted,2026-06-06T10:24:00,emp_0002
WF-1660,Finance Approval,Finance,Under Review,2026-06-06T13:24:00,emp_0080
WF-1660,Finance Approval,Finance,Approved,2026-06-08T00:24:00,emp_0138
WF-1661,Procurement,IT,Submitted,2026-06-18T01:20:00,emp_0008
WF-1661,Procurement,IT,Under Review,2026-06-19T07:20:00,emp_0099
WF-1661,Procurement,IT,Manager Approval,2026-06-20T21:20:00,emp_0034
WF-1661,Procurement,IT,Approved,2026-06-21T02:20:00,emp_0154
WF-1662,HR Onboarding,Operations,Submitted,2026-06-12T12:47:00,emp_0080
WF-1662,HR Onboarding,Operations,Under Review,2026-06-13T16:47:00,emp_0082
WF-1662,HR Onboarding,Operations,Manager Approval,2026-06-14T10:47:00,emp_0178
WF-1662,HR Onboarding,Operations,Rejected,2026-06-15T05:47:00,emp_0023
WF-1663,IT Service Request,Supply Chain,Submitted,2026-06-28T01:17:00,emp_0031
WF-1663,IT Service Request,Supply Chain,Under Review,2026-06-28T14:17:00,emp_0051
WF-1663,IT Service Request,Supply Chain,Manager Approval,2026-06-29T06:17:00,emp_0110
WF-1663,IT Service Request,Supply Chain,Rejected,2026-07-01T05:17:00,emp_0137
WF-1664,HR Onboarding,Legal,Submitted,2026-06-09T06:18:00,emp_0047
WF-1664,HR Onboarding,Legal,Under Review,2026-06-10T20:18:00,emp_0112
WF-1664,HR Onboarding,Legal,Rejected,2026-06-11T06:18:00,emp_0113
WF-1665,Legal Review,Finance,Submitted,2026-06-21T03:30:00,emp_0018
WF-1665,Legal Review,Finance,Under Review,2026-06-22T23:30:00,emp_0067
WF-1665,Legal Review,Finance,Manager Approval,2026-06-23T22:30:00,emp_0157
WF-1665,Legal Review,Finance,Compliance Check,2026-06-25T15:30:00,emp_0057
WF-1665,Legal Review,Finance,Rejected,2026-06-25T21:30:00,emp_0030
WF-1666,Legal Review,Legal,Submitted,2026-07-02T06:48:00,emp_0006
WF-1666,Legal Review,Legal,Under Review,2026-07-03T11:48:00,emp_0160
WF-1666,Legal Review,Legal,Compliance Check,2026-07-03T20:48:00,emp_0061
WF-1666,Legal Review,Legal,Rejected,2026-07-04T06:48:00,emp_0016
WF-1667,Procurement,Human Resources,Submitted,2026-06-30T03:18:00,emp_0195
WF-1667,Procurement,Human Resources,Under Review,2026-07-02T00:18:00,emp_0104
WF-1667,Procurement,Human Resources,Manager Approval,2026-07-03T04:18:00,emp_0012
WF-1667,Procurement,Human Resources,Compliance Check,2026-07-04T05:18:00,emp_0004
WF-1667,Procurement,Human Resources,Approved,2026-07-05T19:18:00,emp_0061
WF-1668,Legal Review,Supply Chain,Submitted,2026-06-07T07:08:00,emp_0151
WF-1668,Legal Review,Supply Chain,Under Review,2026-06-07T17:08:00,emp_0095
WF-1668,Legal Review,Supply Chain,Manager Approval,2026-06-08T12:08:00,emp_0131
WF-1668,Legal Review,Supply Chain,Rejected,2026-06-09T13:08:00,emp_0097
WF-1669,HR Onboarding,Finance,Submitted,2026-06-19T00:15:00,emp_0156
WF-1669,HR Onboarding,Finance,Under Review,2026-06-19T23:15:00,emp_0066
WF-1669,HR Onboarding,Finance,Manager Approval,2026-06-21T09:15:00,emp_0182
WF-1669,HR Onboarding,Finance,Rejected,2026-06-22T04:15:00,emp_0153
WF-1670,Finance Approval,Human Resources,Submitted,2026-06-14T09:17:00,emp_0156
WF-1670,Finance Approval,Human Resources,Under Review,2026-06-15T04:17:00,emp_0073
WF-1670,Finance Approval,Human Resources,Approved,2026-06-15T18:17:00,emp_0148
WF-1671,Procurement,Finance,Submitted,2026-06-25T07:24:00,emp_0016
WF-1671,Procurement,Finance,Under Review,2026-06-25T18:24:00,emp_0107
WF-1671,Procurement,Finance,Manager Approval,2026-06-27T07:24:00,emp_0073
WF-1671,Procurement,Finance,Compliance Check,2026-06-29T05:24:00,emp_0111
WF-1671,Procurement,Finance,Rejected,2026-06-30T08:24:00,emp_0195
WF-1672,IT Service Request,Sales,Submitted,2026-07-02T06:29:00,emp_0110
WF-1672,IT Service Request,Sales,Under Review,2026-07-03T07:29:00,emp_0071
WF-1672,IT Service Request,Sales,Manager Approval,2026-07-05T07:29:00,emp_0004
WF-1672,IT Service Request,Sales,Compliance Check,2026-07-06T16:29:00,emp_0183
WF-1672,IT Service Request,Sales,Rejected,2026-07-08T05:29:00,emp_0055
WF-1673,Finance Approval,Finance,Submitted,2026-07-02T08:09:00,emp_0169
WF-1673,Finance Approval,Finance,Under Review,2026-07-02T16:09:00,emp_0180
WF-1673,Finance Approval,Finance,Manager Approval,2026-07-03T17:09:00,emp_0032
WF-1673,Finance Approval,Finance,Rejected,2026-07-04T06:09:00,emp_0178
WF-1674,Finance Approval,Supply Chain,Submitted,2026-06-03T04:40:00,emp_0187
WF-1674,Finance Approval,Supply Chain,Under Review,2026-06-03T07:40:00,emp_0103
WF-1674,Finance Approval,Supply Chain,Compliance Check,2026-06-04T22:40:00,emp_0067
WF-1674,Finance Approval,Supply Chain,Rejected,2026-06-05T14:40:00,emp_0085
WF-1675,IT Service Request,Sales,Submitted,2026-06-01T18:20:00,emp_0015
WF-1675,IT Service Request,Sales,Under Review,2026-06-02T12:20:00,emp_0098
WF-1675,IT Service Request,Sales,Manager Approval,2026-06-02T15:20:00,emp_0081
WF-1675,IT Service Request,Sales,Approved,2026-06-04T12:20:00,emp_0086
WF-1676,Finance Approval,Legal,Submitted,2026-06-22T00:28:00,emp_0075
WF-1676,Finance Approval,Legal,Under Review,2026-06-22T16:28:00,emp_0147
WF-1676,Finance Approval,Legal,Manager Approval,2026-06-24T14:28:00,emp_0156
WF-1676,Finance Approval,Legal,Compliance Check,2026-06-26T06:28:00,emp_0129
WF-1676,Finance Approval,Legal,Approved,2026-06-27T06:28:00,emp_0186
WF-1677,IT Service Request,Operations,Submitted,2026-06-17T08:11:00,emp_0153
WF-1677,IT Service Request,Operations,Under Review,2026-06-17T20:11:00,emp_0050
WF-1677,IT Service Request,Operations,Manager Approval,2026-06-19T04:11:00,emp_0009
WF-1677,IT Service Request,Operations,Rejected,2026-06-19T23:11:00,emp_0119
WF-1678,Procurement,Finance,Submitted,2026-07-02T20:51:00,emp_0053
WF-1678,Procurement,Finance,Under Review,2026-07-03T14:51:00,emp_0188
WF-1678,Procurement,Finance,Manager Approval,2026-07-04T23:51:00,emp_0148
WF-1678,Procurement,Finance,Approved,2026-07-05T12:51:00,emp_0034
WF-1679,Legal Review,Legal,Submitted,2026-06-18T08:48:00,emp_0061
WF-1679,Legal Review,Legal,Under Review,2026-06-19T22:48:00,emp_0102
WF-1679,Legal Review,Legal,Manager Approval,2026-06-20T01:48:00,emp_0025
WF-1679,Legal Review,Legal,Compliance Check,2026-06-20T04:48:00,emp_0123
WF-1679,Legal Review,Legal,Approved,2026-06-20T19:48:00,emp_0075
WF-1680,HR Onboarding,IT,Submitted,2026-06-19T08:10:00,emp_0166
WF-1680,HR Onboarding,IT,Under Review,2026-06-20T19:10:00,emp_0055
WF-1680,HR Onboarding,IT,Manager Approval,2026-06-22T10:10:00,emp_0024
WF-1680,HR Onboarding,IT,Approved,2026-06-22T20:10:00,emp_0005
WF-1681,HR Onboarding,Finance,Submitted,2026-06-30T11:13:00,emp_0177
WF-1681,HR Onboarding,Finance,Under Review,2026-07-01T17:13:00,emp_0091
WF-1681,HR Onboarding,Finance,Manager Approval,2026-07-03T11:13:00,emp_0127
WF-1681,HR Onboarding,Finance,Approved,2026-07-04T17:13:00,emp_0065
WF-1682,Legal Review,Human Resources,Submitted,2026-06-23T02:05:00,emp_0104
WF-1682,Legal Review,Human Resources,Under Review,2026-06-23T18:05:00,emp_0177
WF-1682,Legal Review,Human Resources,Manager Approval,2026-06-25T01:05:00,emp_0016
WF-1682,Legal Review,Human Resources,Compliance Check,2026-06-25T13:05:00,emp_0189
WF-1682,Legal Review,Human Resources,Rejected,2026-06-25T20:05:00,emp_0088
WF-1683,Finance Approval,Human Resources,Submitted,2026-06-29T07:33:00,emp_0089
WF-1683,Finance Approval,Human Resources,Under Review,2026-06-30T05:33:00,emp_0047
WF-1683,Finance Approval,Human Resources,Manager Approval,2026-07-01T03:33:00,emp_0016
WF-1683,Finance Approval,Human Resources,Compliance Check,2026-07-02T06:33:00,emp_0029
WF-1683,Finance Approval,Human Resources,Approved,2026-07-02T15:33:00,emp_0028
WF-1684,Legal Review,Supply Chain,Submitted,2026-06-13T20:46:00,emp_0176
WF-1684,Legal Review,Supply Chain,Under Review,2026-06-15T00:46:00,emp_0073
WF-1684,Legal Review,Supply Chain,Compliance Check,2026-06-15T14:46:00,emp_0164
WF-1684,Legal Review,Supply Chain,Rejected,2026-06-17T14:46:00,emp_0108
WF-1685,IT Service Request,Finance,Submitted,2026-06-21T00:18:00,emp_0193
WF-1685,IT Service Request,Finance,Under Review,2026-06-21T21:18:00,emp_0037
WF-1685,IT Service Request,Finance,Manager Approval,2026-06-23T05:18:00,emp_0177
WF-1685,IT Service Request,Finance,Rejected,2026-06-24T06:18:00,emp_0124
WF-1686,Legal Review,Sales,Submitted,2026-06-30T20:57:00,emp_0068
WF-1686,Legal Review,Sales,Under Review,2026-07-01T18:57:00,emp_0097
WF-1686,Legal Review,Sales,Manager Approval,2026-07-03T06:57:00,emp_0012
WF-1686,Legal Review,Sales,Compliance Check,2026-07-04T09:57:00,emp_0051
WF-1686,Legal Review,Sales,Approved,2026-07-06T00:57:00,emp_0179
WF-1687,Finance Approval,Legal,Submitted,2026-06-14T15:14:00,emp_0100
WF-1687,Finance Approval,Legal,Under Review,2026-06-15T11:14:00,emp_0079
WF-1687,Finance Approval,Legal,Manager Approval,2026-06-15T17:14:00,emp_0187
WF-1687,Finance Approval,Legal,Approved,2026-06-16T03:14:00,emp_0166
WF-1688,HR Onboarding,Legal,Submitted,2026-06-27T22:49:00,emp_0104
WF-1688,HR Onboarding,Legal,Under Review,2026-06-28T12:49:00,emp_0001
WF-1688,HR Onboarding,Legal,Manager Approval,2026-06-30T01:49:00,emp_0197
WF-1688,HR Onboarding,Legal,Compliance Check,2026-06-30T05:49:00,emp_0190
WF-1688,HR Onboarding,Legal,Rejected,2026-07-01T06:49:00,emp_0173
WF-1689,IT Service Request,Legal,Submitted,2026-06-13T21:43:00,emp_0041
WF-1689,IT Service Request,Legal,Under Review,2026-06-14T11:43:00,emp_0163
WF-1689,IT Service Request,Legal,Compliance Check,2026-06-15T01:43:00,emp_0075
WF-1689,IT Service Request,Legal,Approved,2026-06-15T19:43:00,emp_0131
WF-1690,IT Service Request,Legal,Submitted,2026-06-04T16:58:00,emp_0071
WF-1690,IT Service Request,Legal,Under Review,2026-06-06T09:58:00,emp_0041
WF-1690,IT Service Request,Legal,Manager Approval,2026-06-06T11:58:00,emp_0051
WF-1690,IT Service Request,Legal,Rejected,2026-06-07T23:58:00,emp_0119
WF-1691,Legal Review,Human Resources,Submitted,2026-06-22T18:03:00,emp_0157
WF-1691,Legal Review,Human Resources,Under Review,2026-06-23T09:03:00,emp_0120
WF-1691,Legal Review,Human Resources,Manager Approval,2026-06-25T00:03:00,emp_0012
WF-1691,Legal Review,Human Resources,Compliance Check,2026-06-26T10:03:00,emp_0165
WF-1691,Legal Review,Human Resources,Approved,2026-06-28T02:03:00,emp_0108
WF-1692,Procurement,Sales,Submitted,2026-06-02T21:56:00,emp_0124
WF-1692,Procurement,Sales,Under Review,2026-06-03T07:56:00,emp_0022
WF-1692,Procurement,Sales,Manager Approval,2026-06-04T14:56:00,emp_0050
WF-1692,Procurement,Sales,Rejected,2026-06-05T06:56:00,emp_0114
WF-1693,Finance Approval,Supply Chain,Submitted,2026-06-08T17:46:00,emp_0148
WF-1693,Finance Approval,Supply Chain,Under Review,2026-06-09T14:46:00,emp_0197
WF-1693,Finance Approval,Supply Chain,Approved,2026-06-11T03:46:00,emp_0187
WF-1694,IT Service Request,Operations,Submitted,2026-06-24T01:19:00,emp_0156
WF-1694,IT Service Request,Operations,Under Review,2026-06-24T21:19:00,emp_0089
WF-1694,IT Service Request,Operations,Manager Approval,2026-06-26T16:19:00,emp_0051
WF-1694,IT Service Request,Operations,Approved,2026-06-26T20:19:00,emp_0196
WF-1695,HR Onboarding,Supply Chain,Submitted,2026-06-10T11:52:00,emp_0080
WF-1695,HR Onboarding,Supply Chain,Under Review,2026-06-10T17:52:00,emp_0040
WF-1695,HR Onboarding,Supply Chain,Manager Approval,2026-06-11T01:52:00,emp_0062
WF-1695,HR Onboarding,Supply Chain,Approved,2026-06-11T08:52:00,emp_0175
WF-1696,HR Onboarding,Legal,Submitted,2026-06-07T03:12:00,emp_0036
WF-1696,HR Onboarding,Legal,Under Review,2026-06-08T14:12:00,emp_0092
WF-1696,HR Onboarding,Legal,Manager Approval,2026-06-10T01:12:00,emp_0150
WF-1696,HR Onboarding,Legal,Rejected,2026-06-11T01:12:00,emp_0093
WF-1697,Finance Approval,Finance,Submitted,2026-06-13T19:41:00,emp_0004
WF-1697,Finance Approval,Finance,Under Review,2026-06-14T20:41:00,emp_0092
WF-1697,Finance Approval,Finance,Manager Approval,2026-06-15T13:41:00,emp_0168
WF-1697,Finance Approval,Finance,Compliance Check,2026-06-17T11:41:00,emp_0060
WF-1697,Finance Approval,Finance,Approved,2026-06-18T01:41:00,emp_0006
WF-1698,Finance Approval,Sales,Submitted,2026-06-27T04:21:00,emp_0102
WF-1698,Finance Approval,Sales,Under Review,2026-06-28T16:21:00,emp_0084
WF-1698,Finance Approval,Sales,Approved,2026-06-30T03:21:00,emp_0066
WF-1699,Legal Review,Operations,Submitted,2026-06-24T07:43:00,emp_0005
WF-1699,Legal Review,Operations,Under Review,2026-06-24T13:43:00,emp_0089
WF-1699,Legal Review,Operations,Compliance Check,2026-06-26T11:43:00,emp_0010
WF-1699,Legal Review,Operations,Rejected,2026-06-27T08:43:00,emp_0065
WF-1700,Procurement,Operations,Submitted,2026-06-30T08:25:00,emp_0031
WF-1700,Procurement,Operations,Under Review,2026-07-01T06:25:00,emp_0037
WF-1700,Procurement,Operations,Manager Approval,2026-07-02T18:25:00,emp_0067
WF-1700,Procurement,Operations,Compliance Check,2026-07-03T19:25:00,emp_0189
WF-1700,Procurement,Operations,Rejected,2026-07-05T11:25:00,emp_0039
WF-1701,IT Service Request,Operations,Submitted,2026-06-09T00:19:00,emp_0038
WF-1701,IT Service Request,Operations,Under Review,2026-06-10T06:19:00,emp_0092
WF-1701,IT Service Request,Operations,Compliance Check,2026-06-11T05:19:00,emp_0035
WF-1701,IT Service Request,Operations,Approved,2026-06-12T02:19:00,emp_0131
WF-1702,HR Onboarding,Human Resources,Submitted,2026-06-24T21:03:00,emp_0156
WF-1702,HR Onboarding,Human Resources,Under Review,2026-06-26T17:03:00,emp_0186
WF-1702,HR Onboarding,Human Resources,Manager Approval,2026-06-27T14:03:00,emp_0069
WF-1702,HR Onboarding,Human Resources,Rejected,2026-06-28T05:03:00,emp_0081
WF-1703,Procurement,Supply Chain,Submitted,2026-06-22T03:52:00,emp_0079
WF-1703,Procurement,Supply Chain,Under Review,2026-06-23T20:52:00,emp_0102
WF-1703,Procurement,Supply Chain,Manager Approval,2026-06-25T14:52:00,emp_0117
WF-1703,Procurement,Supply Chain,Compliance Check,2026-06-27T11:52:00,emp_0056
WF-1703,Procurement,Supply Chain,Approved,2026-06-27T21:52:00,emp_0195
WF-1704,IT Service Request,Finance,Submitted,2026-06-04T07:11:00,emp_0052
WF-1704,IT Service Request,Finance,Under Review,2026-06-04T16:11:00,emp_0133
WF-1704,IT Service Request,Finance,Manager Approval,2026-06-06T16:11:00,emp_0084
WF-1704,IT Service Request,Finance,Rejected,2026-06-07T17:11:00,emp_0116
WF-1705,Finance Approval,Finance,Submitted,2026-06-16T22:17:00,emp_0154
WF-1705,Finance Approval,Finance,Under Review,2026-06-18T16:17:00,emp_0043
WF-1705,Finance Approval,Finance,Manager Approval,2026-06-19T08:17:00,emp_0070
WF-1705,Finance Approval,Finance,Compliance Check,2026-06-21T02:17:00,emp_0123
WF-1705,Finance Approval,Finance,Rejected,2026-06-21T22:17:00,emp_0046
WF-1706,HR Onboarding,Supply Chain,Submitted,2026-06-04T19:43:00,emp_0168
WF-1706,HR Onboarding,Supply Chain,Under Review,2026-06-05T14:43:00,emp_0165
WF-1706,HR Onboarding,Supply Chain,Manager Approval,2026-06-07T01:43:00,emp_0023
WF-1706,HR Onboarding,Supply Chain,Rejected,2026-06-07T12:43:00,emp_0179
WF-1707,IT Service Request,Finance,Submitted,2026-06-09T02:23:00,emp_0142
WF-1707,IT Service Request,Finance,Under Review,2026-06-10T13:23:00,emp_0050
WF-1707,IT Service Request,Finance,Manager Approval,2026-06-12T07:23:00,emp_0100
WF-1707,IT Service Request,Finance,Compliance Check,2026-06-12T17:23:00,emp_0091
WF-1707,IT Service Request,Finance,Rejected,2026-06-14T02:23:00,emp_0119
WF-1708,IT Service Request,Human Resources,Submitted,2026-06-05T12:55:00,emp_0005
WF-1708,IT Service Request,Human Resources,Under Review,2026-06-07T10:55:00,emp_0155
WF-1708,IT Service Request,Human Resources,Compliance Check,2026-06-08T05:55:00,emp_0027
WF-1708,IT Service Request,Human Resources,Approved,2026-06-09T10:55:00,emp_0051
WF-1709,HR Onboarding,Supply Chain,Submitted,2026-07-01T11:06:00,emp_0012
WF-1709,HR Onboarding,Supply Chain,Under Review,2026-07-03T01:06:00,emp_0161
WF-1709,HR Onboarding,Supply Chain,Approved,2026-07-04T07:06:00,emp_0140
WF-1710,IT Service Request,Operations,Submitted,2026-06-19T13:47:00,emp_0138
WF-1710,IT Service Request,Operations,Under Review,2026-06-21T10:47:00,emp_0125
WF-1710,IT Service Request,Operations,Manager Approval,2026-06-22T12:47:00,emp_0068
WF-1710,IT Service Request,Operations,Rejected,2026-06-23T18:47:00,emp_0189
WF-1711,HR Onboarding,Operations,Submitted,2026-06-29T16:52:00,emp_0097
WF-1711,HR Onboarding,Operations,Under Review,2026-06-30T13:52:00,emp_0078
WF-1711,HR Onboarding,Operations,Manager Approval,2026-07-01T22:52:00,emp_0191
WF-1711,HR Onboarding,Operations,Compliance Check,2026-07-02T21:52:00,emp_0110
WF-1711,HR Onboarding,Operations,Rejected,2026-07-03T03:52:00,emp_0020
WF-1712,HR Onboarding,Human Resources,Submitted,2026-06-23T11:25:00,emp_0045
WF-1712,HR Onboarding,Human Resources,Under Review,2026-06-25T11:25:00,emp_0046
WF-1712,HR Onboarding,Human Resources,Manager Approval,2026-06-26T08:25:00,emp_0115
WF-1712,HR Onboarding,Human Resources,Rejected,2026-06-26T20:25:00,emp_0014
WF-1713,HR Onboarding,Human Resources,Submitted,2026-06-30T04:35:00,emp_0097
WF-1713,HR Onboarding,Human Resources,Under Review,2026-06-30T08:35:00,emp_0128
WF-1713,HR Onboarding,Human Resources,Manager Approval,2026-06-30T12:35:00,emp_0056
WF-1713,HR Onboarding,Human Resources,Approved,2026-06-30T15:35:00,emp_0073
WF-1714,IT Service Request,Supply Chain,Submitted,2026-06-29T08:01:00,emp_0139
WF-1714,IT Service Request,Supply Chain,Under Review,2026-06-30T08:01:00,emp_0001
WF-1714,IT Service Request,Supply Chain,Manager Approval,2026-06-30T11:01:00,emp_0019
WF-1714,IT Service Request,Supply Chain,Rejected,2026-07-01T02:01:00,emp_0114
WF-1715,IT Service Request,Supply Chain,Submitted,2026-06-21T07:24:00,emp_0157
WF-1715,IT Service Request,Supply Chain,Under Review,2026-06-21T22:24:00,emp_0147
WF-1715,IT Service Request,Supply Chain,Manager Approval,2026-06-23T01:24:00,emp_0085
WF-1715,IT Service Request,Supply Chain,Approved,2026-06-24T19:24:00,emp_0163
WF-1716,IT Service Request,Legal,Submitted,2026-06-16T07:31:00,emp_0151
WF-1716,IT Service Request,Legal,Under Review,2026-06-16T20:31:00,emp_0162
WF-1716,IT Service Request,Legal,Manager Approval,2026-06-17T18:31:00,emp_0064
WF-1716,IT Service Request,Legal,Compliance Check,2026-06-18T01:31:00,emp_0034
WF-1716,IT Service Request,Legal,Rejected,2026-06-19T14:31:00,emp_0075
WF-1717,Finance Approval,Operations,Submitted,2026-06-10T05:15:00,emp_0090
WF-1717,Finance Approval,Operations,Under Review,2026-06-11T18:15:00,emp_0110
WF-1717,Finance Approval,Operations,Manager Approval,2026-06-13T05:15:00,emp_0142
WF-1717,Finance Approval,Operations,Rejected,2026-06-13T08:15:00,emp_0073
WF-1718,Finance Approval,Human Resources,Submitted,2026-06-21T13:06:00,emp_0190
WF-1718,Finance Approval,Human Resources,Under Review,2026-06-22T10:06:00,emp_0085
WF-1718,Finance Approval,Human Resources,Manager Approval,2026-06-23T09:06:00,emp_0136
WF-1718,Finance Approval,Human Resources,Approved,2026-06-25T04:06:00,emp_0087
WF-1719,Procurement,Finance,Submitted,2026-06-23T01:04:00,emp_0075
WF-1719,Procurement,Finance,Under Review,2026-06-23T04:04:00,emp_0164
WF-1719,Procurement,Finance,Manager Approval,2026-06-23T08:04:00,emp_0024
WF-1719,Procurement,Finance,Approved,2026-06-23T22:04:00,emp_0037
WF-1720,Finance Approval,Supply Chain,Submitted,2026-06-07T16:06:00,emp_0008
WF-1720,Finance Approval,Supply Chain,Under Review,2026-06-07T19:06:00,emp_0031
WF-1720,Finance Approval,Supply Chain,Compliance Check,2026-06-09T14:06:00,emp_0127
WF-1720,Finance Approval,Supply Chain,Rejected,2026-06-10T15:06:00,emp_0102
WF-1721,Legal Review,Legal,Submitted,2026-06-28T04:31:00,emp_0137
WF-1721,Legal Review,Legal,Under Review,2026-06-29T09:31:00,emp_0193
WF-1721,Legal Review,Legal,Manager Approval,2026-06-30T16:31:00,emp_0133
WF-1721,Legal Review,Legal,Rejected,2026-07-02T15:31:00,emp_0074
WF-1722,IT Service Request,Supply Chain,Submitted,2026-06-17T08:11:00,emp_0116
WF-1722,IT Service Request,Supply Chain,Under Review,2026-06-19T04:11:00,emp_0123
WF-1722,IT Service Request,Supply Chain,Manager Approval,2026-06-20T21:11:00,emp_0144
WF-1722,IT Service Request,Supply Chain,Compliance Check,2026-06-22T11:11:00,emp_0049
WF-1722,IT Service Request,Supply Chain,Approved,2026-06-22T23:11:00,emp_0124
WF-1723,IT Service Request,Sales,Submitted,2026-06-29T08:18:00,emp_0114
WF-1723,IT Service Request,Sales,Under Review,2026-06-29T09:18:00,emp_0056
WF-1723,IT Service Request,Sales,Manager Approval,2026-06-30T07:18:00,emp_0020
WF-1723,IT Service Request,Sales,Rejected,2026-06-30T23:18:00,emp_0035
WF-1724,Legal Review,IT,Submitted,2026-06-04T14:44:00,emp_0160
WF-1724,Legal Review,IT,Under Review,2026-06-05T21:44:00,emp_0077
WF-1724,Legal Review,IT,Compliance Check,2026-06-06T19:44:00,emp_0073
WF-1724,Legal Review,IT,Rejected,2026-06-07T09:44:00,emp_0007
WF-1725,Finance Approval,IT,Submitted,2026-06-09T16:26:00,emp_0016
WF-1725,Finance Approval,IT,Under Review,2026-06-09T20:26:00,emp_0023
WF-1725,Finance Approval,IT,Manager Approval,2026-06-11T02:26:00,emp_0042
WF-1725,Finance Approval,IT,Compliance Check,2026-06-12T01:26:00,emp_0105
WF-1725,Finance Approval,IT,Rejected,2026-06-12T09:26:00,emp_0042
WF-1726,Procurement,IT,Submitted,2026-06-06T21:26:00,emp_0108
WF-1726,Procurement,IT,Under Review,2026-06-08T11:26:00,emp_0164
WF-1726,Procurement,IT,Rejected,2026-06-08T16:26:00,emp_0147
WF-1727,HR Onboarding,Sales,Submitted,2026-06-09T04:48:00,emp_0079
WF-1727,HR Onboarding,Sales,Under Review,2026-06-10T00:48:00,emp_0076
WF-1727,HR Onboarding,Sales,Approved,2026-06-10T13:48:00,emp_0197
WF-1728,Legal Review,Supply Chain,Submitted,2026-06-03T06:16:00,emp_0149
WF-1728,Legal Review,Supply Chain,Under Review,2026-06-03T07:16:00,emp_0138
WF-1728,Legal Review,Supply Chain,Manager Approval,2026-06-04T19:16:00,emp_0014
WF-1728,Legal Review,Supply Chain,Approved,2026-06-05T20:16:00,emp_0094
WF-1729,HR Onboarding,Operations,Submitted,2026-07-01T02:53:00,emp_0141
WF-1729,HR Onboarding,Operations,Under Review,2026-07-01T05:53:00,emp_0069
WF-1729,HR Onboarding,Operations,Manager Approval,2026-07-01T19:53:00,emp_0175
WF-1729,HR Onboarding,Operations,Compliance Check,2026-07-01T22:53:00,emp_0053
WF-1729,HR Onboarding,Operations,Rejected,2026-07-03T17:53:00,emp_0087
WF-1730,Finance Approval,Sales,Submitted,2026-06-09T21:42:00,emp_0113
WF-1730,Finance Approval,Sales,Under Review,2026-06-10T18:42:00,emp_0185
WF-1730,Finance Approval,Sales,Compliance Check,2026-06-11T21:42:00,emp_0060
WF-1730,Finance Approval,Sales,Approved,2026-06-13T01:42:00,emp_0132
WF-1731,IT Service Request,Legal,Submitted,2026-06-15T18:26:00,emp_0187
WF-1731,IT Service Request,Legal,Under Review,2026-06-16T15:26:00,emp_0180
WF-1731,IT Service Request,Legal,Manager Approval,2026-06-17T14:26:00,emp_0011
WF-1731,IT Service Request,Legal,Approved,2026-06-19T08:26:00,emp_0137
WF-1732,Legal Review,IT,Submitted,2026-06-12T21:54:00,emp_0117
WF-1732,Legal Review,IT,Under Review,2026-06-14T07:54:00,emp_0029
WF-1732,Legal Review,IT,Compliance Check,2026-06-14T20:54:00,emp_0012
WF-1732,Legal Review,IT,Approved,2026-06-16T07:54:00,emp_0129
WF-1733,IT Service Request,Sales,Submitted,2026-06-28T16:10:00,emp_0118
WF-1733,IT Service Request,Sales,Under Review,2026-06-29T03:10:00,emp_0106
WF-1733,IT Service Request,Sales,Manager Approval,2026-06-30T23:10:00,emp_0129
WF-1733,IT Service Request,Sales,Approved,2026-07-02T15:10:00,emp_0063
WF-1734,Finance Approval,IT,Submitted,2026-06-19T21:27:00,emp_0178
WF-1734,Finance Approval,IT,Under Review,2026-06-20T19:27:00,emp_0028
WF-1734,Finance Approval,IT,Manager Approval,2026-06-21T01:27:00,emp_0092
WF-1734,Finance Approval,IT,Rejected,2026-06-22T00:27:00,emp_0116
WF-1735,IT Service Request,Supply Chain,Submitted,2026-06-30T19:43:00,emp_0192
WF-1735,IT Service Request,Supply Chain,Under Review,2026-07-01T19:43:00,emp_0111
WF-1735,IT Service Request,Supply Chain,Approved,2026-07-02T05:43:00,emp_0182
WF-1736,Legal Review,Legal,Submitted,2026-06-29T15:25:00,emp_0148
WF-1736,Legal Review,Legal,Under Review,2026-06-30T11:25:00,emp_0049
WF-1736,Legal Review,Legal,Compliance Check,2026-07-01T13:25:00,emp_0006
WF-1736,Legal Review,Legal,Approved,2026-07-01T14:25:00,emp_0094
WF-1737,HR Onboarding,Legal,Submitted,2026-06-25T12:30:00,emp_0097
WF-1737,HR Onboarding,Legal,Under Review,2026-06-27T09:30:00,emp_0033
WF-1737,HR Onboarding,Legal,Manager Approval,2026-06-29T04:30:00,emp_0176
WF-1737,HR Onboarding,Legal,Rejected,2026-07-01T02:30:00,emp_0089
WF-1738,Finance Approval,IT,Submitted,2026-06-09T15:54:00,emp_0018
WF-1738,Finance Approval,IT,Under Review,2026-06-11T01:54:00,emp_0177
WF-1738,Finance Approval,IT,Compliance Check,2026-06-12T03:54:00,emp_0080
WF-1738,Finance Approval,IT,Rejected,2026-06-13T11:54:00,emp_0037
WF-1739,HR Onboarding,Operations,Submitted,2026-07-02T03:11:00,emp_0114
WF-1739,HR Onboarding,Operations,Under Review,2026-07-04T03:11:00,emp_0113
WF-1739,HR Onboarding,Operations,Manager Approval,2026-07-05T02:11:00,emp_0057
WF-1739,HR Onboarding,Operations,Compliance Check,2026-07-06T08:11:00,emp_0096
WF-1739,HR Onboarding,Operations,Rejected,2026-07-06T15:11:00,emp_0059
WF-1740,HR Onboarding,Operations,Submitted,2026-06-02T20:27:00,emp_0170
WF-1740,HR Onboarding,Operations,Under Review,2026-06-04T12:27:00,emp_0101
WF-1740,HR Onboarding,Operations,Manager Approval,2026-06-04T14:27:00,emp_0096
WF-1740,HR Onboarding,Operations,Compliance Check,2026-06-05T02:27:00,emp_0127
WF-1740,HR Onboarding,Operations,Rejected,2026-06-06T05:27:00,emp_0036
WF-1741,IT Service Request,Operations,Submitted,2026-06-24T07:53:00,emp_0116
WF-1741,IT Service Request,Operations,Under Review,2026-06-26T01:53:00,emp_0183
WF-1741,IT Service Request,Operations,Manager Approval,2026-06-27T06:53:00,emp_0171
WF-1741,IT Service Request,Operations,Compliance Check,2026-06-27T09:53:00,emp_0059
WF-1741,IT Service Request,Operations,Approved,2026-06-28T19:53:00,emp_0186
WF-1742,HR Onboarding,Operations,Submitted,2026-06-19T17:36:00,emp_0176
WF-1742,HR Onboarding,Operations,Under Review,2026-06-20T05:36:00,emp_0071
WF-1742,HR Onboarding,Operations,Manager Approval,2026-06-20T14:36:00,emp_0078
WF-1742,HR Onboarding,Operations,Rejected,2026-06-21T07:36:00,emp_0127
WF-1743,Procurement,Finance,Submitted,2026-06-18T23:31:00,emp_0043
WF-1743,Procurement,Finance,Under Review,2026-06-20T13:31:00,emp_0070
WF-1743,Procurement,Finance,Manager Approval,2026-06-22T03:31:00,emp_0041
WF-1743,Procurement,Finance,Approved,2026-06-23T16:31:00,emp_0124
WF-1744,IT Service Request,Operations,Submitted,2026-06-11T16:27:00,emp_0122
WF-1744,IT Service Request,Operations,Under Review,2026-06-13T06:27:00,emp_0122
WF-1744,IT Service Request,Operations,Manager Approval,2026-06-13T13:27:00,emp_0154
WF-1744,IT Service Request,Operations,Approved,2026-06-14T03:27:00,emp_0081
WF-1745,IT Service Request,IT,Submitted,2026-06-18T20:41:00,emp_0152
WF-1745,IT Service Request,IT,Under Review,2026-06-19T14:41:00,emp_0058
WF-1745,IT Service Request,IT,Manager Approval,2026-06-21T13:41:00,emp_0157
WF-1745,IT Service Request,IT,Compliance Check,2026-06-21T14:41:00,emp_0134
WF-1745,IT Service Request,IT,Rejected,2026-06-22T01:41:00,emp_0120
WF-1746,HR Onboarding,Human Resources,Submitted,2026-07-01T21:23:00,emp_0032
WF-1746,HR Onboarding,Human Resources,Under Review,2026-07-02T01:23:00,emp_0183
WF-1746,HR Onboarding,Human Resources,Manager Approval,2026-07-03T22:23:00,emp_0190
WF-1746,HR Onboarding,Human Resources,Approved,2026-07-04T22:23:00,emp_0111
WF-1747,Finance Approval,Human Resources,Submitted,2026-06-23T20:40:00,emp_0107
WF-1747,Finance Approval,Human Resources,Under Review,2026-06-25T15:40:00,emp_0013
WF-1747,Finance Approval,Human Resources,Approved,2026-06-26T16:40:00,emp_0141
WF-1748,Procurement,Supply Chain,Submitted,2026-06-08T19:42:00,emp_0127
WF-1748,Procurement,Supply Chain,Under Review,2026-06-10T12:42:00,emp_0017
WF-1748,Procurement,Supply Chain,Manager Approval,2026-06-11T19:42:00,emp_0037
WF-1748,Procurement,Supply Chain,Compliance Check,2026-06-12T02:42:00,emp_0093
WF-1748,Procurement,Supply Chain,Rejected,2026-06-14T00:42:00,emp_0130
WF-1749,Finance Approval,Sales,Submitted,2026-06-28T04:19:00,emp_0084
WF-1749,Finance Approval,Sales,Under Review,2026-06-29T01:19:00,emp_0050
WF-1749,Finance Approval,Sales,Approved,2026-06-29T11:19:00,emp_0088
WF-1750,Procurement,Operations,Submitted,2026-06-28T22:45:00,emp_0176
WF-1750,Procurement,Operations,Under Review,2026-06-29T06:45:00,emp_0021
WF-1750,Procurement,Operations,Manager Approval,2026-06-30T11:45:00,emp_0106
WF-1750,Procurement,Operations,Compliance Check,2026-06-30T14:45:00,emp_0097
WF-1750,Procurement,Operations,Rejected,2026-07-01T22:45:00,emp_0013
WF-1751,Procurement,Finance,Submitted,2026-06-20T07:40:00,emp_0001
WF-1751,Procurement,Finance,Under Review,2026-06-20T14:40:00,emp_0173
WF-1751,Procurement,Finance,Manager Approval,2026-06-21T21:40:00,emp_0105
WF-1751,Procurement,Finance,Approved,2026-06-23T14:40:00,emp_0197
WF-1752,Procurement,Sales,Submitted,2026-06-09T00:21:00,emp_0144
WF-1752,Procurement,Sales,Under Review,2026-06-10T08:21:00,emp_0159
WF-1752,Procurement,Sales,Manager Approval,2026-06-12T02:21:00,emp_0200
WF-1752,Procurement,Sales,Rejected,2026-06-13T02:21:00,emp_0167
WF-1753,Procurement,Finance,Submitted,2026-06-02T01:09:00,emp_0161
WF-1753,Procurement,Finance,Under Review,2026-06-02T17:09:00,emp_0013
WF-1753,Procurement,Finance,Manager Approval,2026-06-03T16:09:00,emp_0064
WF-1753,Procurement,Finance,Compliance Check,2026-06-03T19:09:00,emp_0112
WF-1753,Procurement,Finance,Rejected,2026-06-05T15:09:00,emp_0104
WF-1754,IT Service Request,Legal,Submitted,2026-06-14T21:47:00,emp_0086
WF-1754,IT Service Request,Legal,Under Review,2026-06-15T13:47:00,emp_0021
WF-1754,IT Service Request,Legal,Manager Approval,2026-06-17T01:47:00,emp_0197
WF-1754,IT Service Request,Legal,Compliance Check,2026-06-18T18:47:00,emp_0116
WF-1754,IT Service Request,Legal,Rejected,2026-06-18T22:47:00,emp_0055
WF-1755,Procurement,IT,Submitted,2026-06-11T08:13:00,emp_0176
WF-1755,Procurement,IT,Under Review,2026-06-12T11:13:00,emp_0087
WF-1755,Procurement,IT,Manager Approval,2026-06-13T15:13:00,emp_0040
WF-1755,Procurement,IT,Compliance Check,2026-06-14T23:13:00,emp_0147
WF-1755,Procurement,IT,Rejected,2026-06-15T07:13:00,emp_0029
WF-1756,IT Service Request,Finance,Submitted,2026-06-05T01:16:00,emp_0048
WF-1756,IT Service Request,Finance,Under Review,2026-06-05T17:16:00,emp_0060
WF-1756,IT Service Request,Finance,Approved,2026-06-06T22:16:00,emp_0078
WF-1757,IT Service Request,IT,Submitted,2026-06-16T05:54:00,emp_0094
WF-1757,IT Service Request,IT,Under Review,2026-06-17T16:54:00,emp_0170
WF-1757,IT Service Request,IT,Manager Approval,2026-06-19T00:54:00,emp_0135
WF-1757,IT Service Request,IT,Compliance Check,2026-06-20T14:54:00,emp_0195
WF-1757,IT Service Request,IT,Approved,2026-06-20T19:54:00,emp_0082
WF-1758,HR Onboarding,Legal,Submitted,2026-06-05T13:01:00,emp_0079
WF-1758,HR Onboarding,Legal,Under Review,2026-06-05T17:01:00,emp_0089
WF-1758,HR Onboarding,Legal,Manager Approval,2026-06-06T12:01:00,emp_0165
WF-1758,HR Onboarding,Legal,Approved,2026-06-08T00:01:00,emp_0007
WF-1759,Procurement,Sales,Submitted,2026-06-14T08:26:00,emp_0079
WF-1759,Procurement,Sales,Under Review,2026-06-15T08:26:00,emp_0139
WF-1759,Procurement,Sales,Manager Approval,2026-06-16T04:26:00,emp_0115
WF-1759,Procurement,Sales,Compliance Check,2026-06-17T02:26:00,emp_0009
WF-1759,Procurement,Sales,Approved,2026-06-17T15:26:00,emp_0004
WF-1760,Procurement,Human Resources,Submitted,2026-06-10T02:14:00,emp_0017
WF-1760,Procurement,Human Resources,Under Review,2026-06-11T12:14:00,emp_0043
WF-1760,Procurement,Human Resources,Manager Approval,2026-06-13T08:14:00,emp_0166
WF-1760,Procurement,Human Resources,Compliance Check,2026-06-14T06:14:00,emp_0078
WF-1760,Procurement,Human Resources,Approved,2026-06-15T20:14:00,emp_0012
WF-1761,IT Service Request,Human Resources,Submitted,2026-06-20T09:28:00,emp_0037
WF-1761,IT Service Request,Human Resources,Under Review,2026-06-21T20:28:00,emp_0039
WF-1761,IT Service Request,Human Resources,Manager Approval,2026-06-22T09:28:00,emp_0053
WF-1761,IT Service Request,Human Resources,Rejected,2026-06-22T17:28:00,emp_0064
WF-1762,HR Onboarding,Supply Chain,Submitted,2026-06-10T05:15:00,emp_0173
WF-1762,HR Onboarding,Supply Chain,Under Review,2026-06-10T10:15:00,emp_0078
WF-1762,HR Onboarding,Supply Chain,Compliance Check,2026-06-11T07:15:00,emp_0190
WF-1762,HR Onboarding,Supply Chain,Approved,2026-06-11T11:15:00,emp_0171
WF-1763,IT Service Request,Supply Chain,Submitted,2026-06-12T12:40:00,emp_0094
WF-1763,IT Service Request,Supply Chain,Under Review,2026-06-13T18:40:00,emp_0111
WF-1763,IT Service Request,Supply Chain,Manager Approval,2026-06-14T13:40:00,emp_0071
WF-1763,IT Service Request,Supply Chain,Approved,2026-06-15T00:40:00,emp_0031
WF-1764,Legal Review,IT,Submitted,2026-07-02T09:33:00,emp_0130
WF-1764,Legal Review,IT,Under Review,2026-07-03T00:33:00,emp_0011
WF-1764,Legal Review,IT,Manager Approval,2026-07-04T18:33:00,emp_0073
WF-1764,Legal Review,IT,Compliance Check,2026-07-05T03:33:00,emp_0107
WF-1764,Legal Review,IT,Approved,2026-07-05T20:33:00,emp_0081
WF-1765,IT Service Request,Legal,Submitted,2026-06-01T02:51:00,emp_0158
WF-1765,IT Service Request,Legal,Under Review,2026-06-02T01:51:00,emp_0042
WF-1765,IT Service Request,Legal,Manager Approval,2026-06-02T02:51:00,emp_0199
WF-1765,IT Service Request,Legal,Compliance Check,2026-06-03T03:51:00,emp_0192
WF-1765,IT Service Request,Legal,Approved,2026-06-03T14:51:00,emp_0168
WF-1766,Procurement,Supply Chain,Submitted,2026-06-11T07:49:00,emp_0152
WF-1766,Procurement,Supply Chain,Under Review,2026-06-11T21:49:00,emp_0083
WF-1766,Procurement,Supply Chain,Manager Approval,2026-06-12T23:49:00,emp_0096
WF-1766,Procurement,Supply Chain,Compliance Check,2026-06-14T05:49:00,emp_0154
WF-1766,Procurement,Supply Chain,Approved,2026-06-15T01:49:00,emp_0164
WF-1767,HR Onboarding,Finance,Submitted,2026-06-09T09:20:00,emp_0021
WF-1767,HR Onboarding,Finance,Under Review,2026-06-11T04:20:00,emp_0194
WF-1767,HR Onboarding,Finance,Manager Approval,2026-06-12T23:20:00,emp_0162
WF-1767,HR Onboarding,Finance,Compliance Check,2026-06-14T21:20:00,emp_0022
WF-1767,HR Onboarding,Finance,Rejected,2026-06-15T11:20:00,emp_0104
WF-1768,Finance Approval,Sales,Submitted,2026-06-23T18:21:00,emp_0180
WF-1768,Finance Approval,Sales,Under Review,2026-06-25T15:21:00,emp_0018
WF-1768,Finance Approval,Sales,Manager Approval,2026-06-25T21:21:00,emp_0068
WF-1768,Finance Approval,Sales,Compliance Check,2026-06-26T08:21:00,emp_0130
WF-1768,Finance Approval,Sales,Rejected,2026-06-28T06:21:00,emp_0165
WF-1769,Legal Review,Supply Chain,Submitted,2026-06-09T05:35:00,emp_0159
WF-1769,Legal Review,Supply Chain,Under Review,2026-06-10T16:35:00,emp_0150
WF-1769,Legal Review,Supply Chain,Manager Approval,2026-06-11T21:35:00,emp_0048
WF-1769,Legal Review,Supply Chain,Rejected,2026-06-12T11:35:00,emp_0076
WF-1770,Procurement,Finance,Submitted,2026-06-27T00:46:00,emp_0008
WF-1770,Procurement,Finance,Under Review,2026-06-27T13:46:00,emp_0028
WF-1770,Procurement,Finance,Manager Approval,2026-06-29T01:46:00,emp_0138
WF-1770,Procurement,Finance,Compliance Check,2026-06-29T21:46:00,emp_0039
WF-1770,Procurement,Finance,Approved,2026-06-30T13:46:00,emp_0136
WF-1771,Procurement,Supply Chain,Submitted,2026-07-01T15:10:00,emp_0001
WF-1771,Procurement,Supply Chain,Under Review,2026-07-01T16:10:00,emp_0059
WF-1771,Procurement,Supply Chain,Manager Approval,2026-07-02T05:10:00,emp_0090
WF-1771,Procurement,Supply Chain,Compliance Check,2026-07-02T06:10:00,emp_0028
WF-1771,Procurement,Supply Chain,Rejected,2026-07-03T17:10:00,emp_0037
WF-1772,Finance Approval,Human Resources,Submitted,2026-06-12T13:41:00,emp_0006
WF-1772,Finance Approval,Human Resources,Under Review,2026-06-13T20:41:00,emp_0118
WF-1772,Finance Approval,Human Resources,Manager Approval,2026-06-14T13:41:00,emp_0025
WF-1772,Finance Approval,Human Resources,Rejected,2026-06-15T15:41:00,emp_0032
WF-1773,Procurement,Operations,Submitted,2026-06-16T10:09:00,emp_0158
WF-1773,Procurement,Operations,Under Review,2026-06-17T00:09:00,emp_0018
WF-1773,Procurement,Operations,Approved,2026-06-17T04:09:00,emp_0006
WF-1774,Procurement,IT,Submitted,2026-06-27T06:54:00,emp_0068
WF-1774,Procurement,IT,Under Review,2026-06-27T21:54:00,emp_0043
WF-1774,Procurement,IT,Manager Approval,2026-06-28T03:54:00,emp_0192
WF-1774,Procurement,IT,Rejected,2026-06-28T19:54:00,emp_0097
WF-1775,Finance Approval,Supply Chain,Submitted,2026-06-24T13:08:00,emp_0064
WF-1775,Finance Approval,Supply Chain,Under Review,2026-06-25T01:08:00,emp_0100
WF-1775,Finance Approval,Supply Chain,Manager Approval,2026-06-26T20:08:00,emp_0112
WF-1775,Finance Approval,Supply Chain,Approved,2026-06-27T22:08:00,emp_0066
WF-1776,HR Onboarding,Legal,Submitted,2026-07-01T08:48:00,emp_0029
WF-1776,HR Onboarding,Legal,Under Review,2026-07-03T02:48:00,emp_0164
WF-1776,HR Onboarding,Legal,Manager Approval,2026-07-04T10:48:00,emp_0104
WF-1776,HR Onboarding,Legal,Compliance Check,2026-07-04T11:48:00,emp_0187
WF-1776,HR Onboarding,Legal,Rejected,2026-07-06T01:48:00,emp_0075
WF-1777,IT Service Request,Human Resources,Submitted,2026-06-25T19:32:00,emp_0102
WF-1777,IT Service Request,Human Resources,Under Review,2026-06-27T04:32:00,emp_0004
WF-1777,IT Service Request,Human Resources,Manager Approval,2026-06-27T16:32:00,emp_0141
WF-1777,IT Service Request,Human Resources,Rejected,2026-06-28T14:32:00,emp_0184
WF-1778,Legal Review,Supply Chain,Submitted,2026-06-19T02:47:00,emp_0139
WF-1778,Legal Review,Supply Chain,Under Review,2026-06-20T21:47:00,emp_0105
WF-1778,Legal Review,Supply Chain,Manager Approval,2026-06-21T18:47:00,emp_0099
WF-1778,Legal Review,Supply Chain,Approved,2026-06-22T06:47:00,emp_0001
WF-1779,Legal Review,Finance,Submitted,2026-06-16T23:45:00,emp_0156
WF-1779,Legal Review,Finance,Under Review,2026-06-17T22:45:00,emp_0102
WF-1779,Legal Review,Finance,Manager Approval,2026-06-18T12:45:00,emp_0142
WF-1779,Legal Review,Finance,Compliance Check,2026-06-19T04:45:00,emp_0021
WF-1779,Legal Review,Finance,Approved,2026-06-20T02:45:00,emp_0012
WF-1780,HR Onboarding,Operations,Submitted,2026-06-17T12:59:00,emp_0004
WF-1780,HR Onboarding,Operations,Under Review,2026-06-18T23:59:00,emp_0031
WF-1780,HR Onboarding,Operations,Manager Approval,2026-06-19T23:59:00,emp_0037
WF-1780,HR Onboarding,Operations,Approved,2026-06-21T09:59:00,emp_0192
WF-1781,HR Onboarding,Operations,Submitted,2026-06-03T00:49:00,emp_0200
WF-1781,HR Onboarding,Operations,Under Review,2026-06-04T13:49:00,emp_0073
WF-1781,HR Onboarding,Operations,Manager Approval,2026-06-04T23:49:00,emp_0161
WF-1781,HR Onboarding,Operations,Rejected,2026-06-05T08:49:00,emp_0016
WF-1782,Finance Approval,Finance,Submitted,2026-06-01T20:26:00,emp_0134
WF-1782,Finance Approval,Finance,Under Review,2026-06-02T09:26:00,emp_0068
WF-1782,Finance Approval,Finance,Manager Approval,2026-06-03T22:26:00,emp_0141
WF-1782,Finance Approval,Finance,Rejected,2026-06-04T15:26:00,emp_0004
WF-1783,HR Onboarding,Finance,Submitted,2026-06-10T18:50:00,emp_0080
WF-1783,HR Onboarding,Finance,Under Review,2026-06-12T14:50:00,emp_0106
WF-1783,HR Onboarding,Finance,Manager Approval,2026-06-14T12:50:00,emp_0193
WF-1783,HR Onboarding,Finance,Rejected,2026-06-14T19:50:00,emp_0146
WF-1784,Procurement,Finance,Submitted,2026-06-27T02:17:00,emp_0130
WF-1784,Procurement,Finance,Under Review,2026-06-27T08:17:00,emp_0064
WF-1784,Procurement,Finance,Manager Approval,2026-06-27T15:17:00,emp_0070
WF-1784,Procurement,Finance,Approved,2026-06-28T17:17:00,emp_0095
WF-1785,IT Service Request,Supply Chain,Submitted,2026-06-14T22:30:00,emp_0045
WF-1785,IT Service Request,Supply Chain,Under Review,2026-06-15T11:30:00,emp_0077
WF-1785,IT Service Request,Supply Chain,Manager Approval,2026-06-15T12:30:00,emp_0152
WF-1785,IT Service Request,Supply Chain,Rejected,2026-06-16T23:30:00,emp_0014
WF-1786,Procurement,Finance,Submitted,2026-06-25T01:23:00,emp_0182
WF-1786,Procurement,Finance,Under Review,2026-06-26T19:23:00,emp_0196
WF-1786,Procurement,Finance,Manager Approval,2026-06-28T16:23:00,emp_0029
WF-1786,Procurement,Finance,Approved,2026-06-29T11:23:00,emp_0023
WF-1787,Procurement,Legal,Submitted,2026-06-27T06:22:00,emp_0045
WF-1787,Procurement,Legal,Under Review,2026-06-27T19:22:00,emp_0045
WF-1787,Procurement,Legal,Manager Approval,2026-06-27T21:22:00,emp_0031
WF-1787,Procurement,Legal,Compliance Check,2026-06-29T11:22:00,emp_0044
WF-1787,Procurement,Legal,Rejected,2026-06-30T20:22:00,emp_0147
WF-1788,Procurement,IT,Submitted,2026-07-03T07:38:00,emp_0155
WF-1788,Procurement,IT,Under Review,2026-07-04T18:38:00,emp_0196
WF-1788,Procurement,IT,Rejected,2026-07-05T10:38:00,emp_0080
WF-1789,Legal Review,Operations,Submitted,2026-06-15T02:43:00,emp_0098
WF-1789,Legal Review,Operations,Under Review,2026-06-15T10:43:00,emp_0192
WF-1789,Legal Review,Operations,Manager Approval,2026-06-17T08:43:00,emp_0129
WF-1789,Legal Review,Operations,Approved,2026-06-17T09:43:00,emp_0047
WF-1790,Finance Approval,Supply Chain,Submitted,2026-06-06T07:30:00,emp_0173
WF-1790,Finance Approval,Supply Chain,Under Review,2026-06-07T19:30:00,emp_0146
WF-1790,Finance Approval,Supply Chain,Manager Approval,2026-06-09T12:30:00,emp_0032
WF-1790,Finance Approval,Supply Chain,Compliance Check,2026-06-11T08:30:00,emp_0121
WF-1790,Finance Approval,Supply Chain,Approved,2026-06-12T00:30:00,emp_0123
WF-1791,HR Onboarding,Legal,Submitted,2026-06-09T16:45:00,emp_0112
WF-1791,HR Onboarding,Legal,Under Review,2026-06-11T09:45:00,emp_0159
WF-1791,HR Onboarding,Legal,Compliance Check,2026-06-12T11:45:00,emp_0174
WF-1791,HR Onboarding,Legal,Rejected,2026-06-13T04:45:00,emp_0047
WF-1792,IT Service Request,Sales,Submitted,2026-06-27T10:47:00,emp_0193
WF-1792,IT Service Request,Sales,Under Review,2026-06-27T20:47:00,emp_0057
WF-1792,IT Service Request,Sales,Manager Approval,2026-06-29T02:47:00,emp_0060
WF-1792,IT Service Request,Sales,Compliance Check,2026-06-29T11:47:00,emp_0143
WF-1792,IT Service Request,Sales,Approved,2026-07-01T11:47:00,emp_0074
WF-1793,Finance Approval,Legal,Submitted,2026-06-24T06:23:00,emp_0184
WF-1793,Finance Approval,Legal,Under Review,2026-06-26T04:23:00,emp_0138
WF-1793,Finance Approval,Legal,Manager Approval,2026-06-27T20:23:00,emp_0065
WF-1793,Finance Approval,Legal,Compliance Check,2026-06-28T00:23:00,emp_0018
WF-1793,Finance Approval,Legal,Rejected,2026-06-29T04:23:00,emp_0034
WF-1794,Legal Review,IT,Submitted,2026-06-03T04:39:00,emp_0104
WF-1794,Legal Review,IT,Under Review,2026-06-04T20:39:00,emp_0186
WF-1794,Legal Review,IT,Compliance Check,2026-06-06T18:39:00,emp_0120
WF-1794,Legal Review,IT,Approved,2026-06-06T21:39:00,emp_0156
WF-1795,IT Service Request,Human Resources,Submitted,2026-06-06T12:51:00,emp_0133
WF-1795,IT Service Request,Human Resources,Under Review,2026-06-06T20:51:00,emp_0114
WF-1795,IT Service Request,Human Resources,Manager Approval,2026-06-08T14:51:00,emp_0149
WF-1795,IT Service Request,Human Resources,Compliance Check,2026-06-09T11:51:00,emp_0128
WF-1795,IT Service Request,Human Resources,Rejected,2026-06-11T06:51:00,emp_0110
WF-1796,Procurement,Supply Chain,Submitted,2026-06-17T14:40:00,emp_0186
WF-1796,Procurement,Supply Chain,Under Review,2026-06-17T16:40:00,emp_0008
WF-1796,Procurement,Supply Chain,Manager Approval,2026-06-18T04:40:00,emp_0084
WF-1796,Procurement,Supply Chain,Compliance Check,2026-06-19T10:40:00,emp_0200
WF-1796,Procurement,Supply Chain,Rejected,2026-06-21T06:40:00,emp_0014
WF-1797,Procurement,IT,Submitted,2026-06-07T19:42:00,emp_0188
WF-1797,Procurement,IT,Under Review,2026-06-08T13:42:00,emp_0105
WF-1797,Procurement,IT,Manager Approval,2026-06-09T12:42:00,emp_0196
WF-1797,Procurement,IT,Compliance Check,2026-06-09T21:42:00,emp_0006
WF-1797,Procurement,IT,Rejected,2026-06-11T08:42:00,emp_0030
WF-1798,IT Service Request,Human Resources,Submitted,2026-06-03T19:02:00,emp_0091
WF-1798,IT Service Request,Human Resources,Under Review,2026-06-04T12:02:00,emp_0101
WF-1798,IT Service Request,Human Resources,Manager Approval,2026-06-06T08:02:00,emp_0164
WF-1798,IT Service Request,Human Resources,Approved,2026-06-07T11:02:00,emp_0028
WF-1799,HR Onboarding,IT,Submitted,2026-06-03T15:20:00,emp_0035
WF-1799,HR Onboarding,IT,Under Review,2026-06-05T07:20:00,emp_0200
WF-1799,HR Onboarding,IT,Manager Approval,2026-06-07T05:20:00,emp_0108
WF-1799,HR Onboarding,IT,Rejected,2026-06-07T11:20:00,emp_0179
WF-1800,Procurement,Finance,Submitted,2026-06-09T03:15:00,emp_0158
WF-1800,Procurement,Finance,Under Review,2026-06-11T01:15:00,emp_0152
WF-1800,Procurement,Finance,Manager Approval,2026-06-12T01:15:00,emp_0169
WF-1800,Procurement,Finance,Approved,2026-06-13T21:15:00,emp_0138
WF-1801,Legal Review,Human Resources,Submitted,2026-06-07T11:05:00,emp_0007
WF-1801,Legal Review,Human Resources,Under Review,2026-06-07T16:05:00,emp_0120
WF-1801,Legal Review,Human Resources,Manager Approval,2026-06-08T00:05:00,emp_0159
WF-1801,Legal Review,Human Resources,Compliance Check,2026-06-09T18:05:00,emp_0008
WF-1801,Legal Review,Human Resources,Rejected,2026-06-09T23:05:00,emp_0054
WF-1802,Legal Review,Human Resources,Submitted,2026-06-02T13:38:00,emp_0011
WF-1802,Legal Review,Human Resources,Under Review,2026-06-03T08:38:00,emp_0179
WF-1802,Legal Review,Human Resources,Compliance Check,2026-06-03T22:38:00,emp_0103
WF-1802,Legal Review,Human Resources,Approved,2026-06-05T18:38:00,emp_0100
WF-1803,IT Service Request,Sales,Submitted,2026-06-26T18:44:00,emp_0133
WF-1803,IT Service Request,Sales,Under Review,2026-06-26T21:44:00,emp_0184
WF-1803,IT Service Request,Sales,Manager Approval,2026-06-27T02:44:00,emp_0038
WF-1803,IT Service Request,Sales,Compliance Check,2026-06-28T01:44:00,emp_0080
WF-1803,IT Service Request,Sales,Rejected,2026-06-29T01:44:00,emp_0159
WF-1804,Legal Review,Sales,Submitted,2026-06-30T23:10:00,emp_0139
WF-1804,Legal Review,Sales,Under Review,2026-07-01T21:10:00,emp_0097
WF-1804,Legal Review,Sales,Manager Approval,2026-07-03T18:10:00,emp_0125
WF-1804,Legal Review,Sales,Approved,2026-07-03T23:10:00,emp_0190
WF-1805,Procurement,Legal,Submitted,2026-06-02T21:02:00,emp_0054
WF-1805,Procurement,Legal,Under Review,2026-06-04T16:02:00,emp_0168
WF-1805,Procurement,Legal,Manager Approval,2026-06-06T01:02:00,emp_0124
WF-1805,Procurement,Legal,Compliance Check,2026-06-07T14:02:00,emp_0100
WF-1805,Procurement,Legal,Approved,2026-06-08T11:02:00,emp_0034
WF-1806,Legal Review,Finance,Submitted,2026-06-09T13:52:00,emp_0133
WF-1806,Legal Review,Finance,Under Review,2026-06-09T20:52:00,emp_0139
WF-1806,Legal Review,Finance,Manager Approval,2026-06-11T05:52:00,emp_0110
WF-1806,Legal Review,Finance,Compliance Check,2026-06-12T04:52:00,emp_0040
WF-1806,Legal Review,Finance,Approved,2026-06-12T16:52:00,emp_0182
WF-1807,Finance Approval,Human Resources,Submitted,2026-06-04T04:11:00,emp_0163
WF-1807,Finance Approval,Human Resources,Under Review,2026-06-05T19:11:00,emp_0167
WF-1807,Finance Approval,Human Resources,Approved,2026-06-07T05:11:00,emp_0068
WF-1808,Finance Approval,Human Resources,Submitted,2026-06-19T16:38:00,emp_0180
WF-1808,Finance Approval,Human Resources,Under Review,2026-06-20T17:38:00,emp_0150
WF-1808,Finance Approval,Human Resources,Manager Approval,2026-06-21T18:38:00,emp_0093
WF-1808,Finance Approval,Human Resources,Compliance Check,2026-06-22T13:38:00,emp_0075
WF-1808,Finance Approval,Human Resources,Approved,2026-06-24T02:38:00,emp_0100
WF-1809,HR Onboarding,Finance,Submitted,2026-06-24T01:52:00,emp_0099
WF-1809,HR Onboarding,Finance,Under Review,2026-06-25T21:52:00,emp_0042
WF-1809,HR Onboarding,Finance,Manager Approval,2026-06-27T20:52:00,emp_0200
WF-1809,HR Onboarding,Finance,Compliance Check,2026-06-28T08:52:00,emp_0030
WF-1809,HR Onboarding,Finance,Rejected,2026-06-29T20:52:00,emp_0012
WF-1810,Legal Review,Sales,Submitted,2026-06-10T01:49:00,emp_0018
WF-1810,Legal Review,Sales,Under Review,2026-06-11T11:49:00,emp_0121
WF-1810,Legal Review,Sales,Compliance Check,2026-06-13T03:49:00,emp_0126
WF-1810,Legal Review,Sales,Approved,2026-06-13T23:49:00,emp_0097
WF-1811,Procurement,Operations,Submitted,2026-06-07T07:31:00,emp_0082
WF-1811,Procurement,Operations,Under Review,2026-06-09T06:31:00,emp_0195
WF-1811,Procurement,Operations,Manager Approval,2026-06-09T09:31:00,emp_0004
WF-1811,Procurement,Operations,Rejected,2026-06-09T16:31:00,emp_0085
WF-1812,Finance Approval,Finance,Submitted,2026-06-05T15:09:00,emp_0160
WF-1812,Finance Approval,Finance,Under Review,2026-06-06T21:09:00,emp_0077
WF-1812,Finance Approval,Finance,Manager Approval,2026-06-08T04:09:00,emp_0014
WF-1812,Finance Approval,Finance,Rejected,2026-06-08T19:09:00,emp_0027
WF-1813,Legal Review,Supply Chain,Submitted,2026-06-21T07:37:00,emp_0007
WF-1813,Legal Review,Supply Chain,Under Review,2026-06-21T11:37:00,emp_0025
WF-1813,Legal Review,Supply Chain,Manager Approval,2026-06-22T09:37:00,emp_0150
WF-1813,Legal Review,Supply Chain,Rejected,2026-06-22T23:37:00,emp_0111
WF-1814,Finance Approval,Legal,Submitted,2026-06-08T15:34:00,emp_0030
WF-1814,Finance Approval,Legal,Under Review,2026-06-08T18:34:00,emp_0056
WF-1814,Finance Approval,Legal,Rejected,2026-06-09T21:34:00,emp_0043
WF-1815,HR Onboarding,Human Resources,Submitted,2026-06-25T09:46:00,emp_0135
WF-1815,HR Onboarding,Human Resources,Under Review,2026-06-26T01:46:00,emp_0105
WF-1815,HR Onboarding,Human Resources,Compliance Check,2026-06-28T00:46:00,emp_0147
WF-1815,HR Onboarding,Human Resources,Approved,2026-06-28T07:46:00,emp_0125
WF-1816,Procurement,Operations,Submitted,2026-06-05T18:03:00,emp_0192
WF-1816,Procurement,Operations,Under Review,2026-06-06T18:03:00,emp_0160
WF-1816,Procurement,Operations,Manager Approval,2026-06-07T05:03:00,emp_0147
WF-1816,Procurement,Operations,Rejected,2026-06-08T23:03:00,emp_0082
WF-1817,HR Onboarding,Operations,Submitted,2026-06-10T17:45:00,emp_0101
WF-1817,HR Onboarding,Operations,Under Review,2026-06-11T16:45:00,emp_0087
WF-1817,HR Onboarding,Operations,Manager Approval,2026-06-12T08:45:00,emp_0145
WF-1817,HR Onboarding,Operations,Rejected,2026-06-13T08:45:00,emp_0145
WF-1818,Legal Review,Sales,Submitted,2026-06-05T00:09:00,emp_0147
WF-1818,Legal Review,Sales,Under Review,2026-06-06T08:09:00,emp_0018
WF-1818,Legal Review,Sales,Manager Approval,2026-06-06T15:09:00,emp_0110
WF-1818,Legal Review,Sales,Compliance Check,2026-06-07T23:09:00,emp_0186
WF-1818,Legal Review,Sales,Rejected,2026-06-09T00:09:00,emp_0034
WF-1819,Procurement,Legal,Submitted,2026-06-16T13:26:00,emp_0050
WF-1819,Procurement,Legal,Under Review,2026-06-17T05:26:00,emp_0028
WF-1819,Procurement,Legal,Manager Approval,2026-06-18T13:26:00,emp_0024
WF-1819,Procurement,Legal,Compliance Check,2026-06-19T12:26:00,emp_0104
WF-1819,Procurement,Legal,Approved,2026-06-20T14:26:00,emp_0022
WF-1820,Finance Approval,IT,Submitted,2026-06-28T00:37:00,emp_0074
WF-1820,Finance Approval,IT,Under Review,2026-06-28T08:37:00,emp_0125
WF-1820,Finance Approval,IT,Manager Approval,2026-06-29T01:37:00,emp_0028
WF-1820,Finance Approval,IT,Rejected,2026-07-01T01:37:00,emp_0181
WF-1821,Legal Review,Finance,Submitted,2026-06-27T07:56:00,emp_0164
WF-1821,Legal Review,Finance,Under Review,2026-06-28T16:56:00,emp_0176
WF-1821,Legal Review,Finance,Manager Approval,2026-06-29T16:56:00,emp_0053
WF-1821,Legal Review,Finance,Approved,2026-06-30T16:56:00,emp_0039
WF-1822,HR Onboarding,Human Resources,Submitted,2026-06-11T17:30:00,emp_0115
WF-1822,HR Onboarding,Human Resources,Under Review,2026-06-12T07:30:00,emp_0113
WF-1822,HR Onboarding,Human Resources,Compliance Check,2026-06-14T00:30:00,emp_0026
WF-1822,HR Onboarding,Human Resources,Rejected,2026-06-15T01:30:00,emp_0154
WF-1823,Finance Approval,Sales,Submitted,2026-07-01T00:42:00,emp_0170
WF-1823,Finance Approval,Sales,Under Review,2026-07-02T16:42:00,emp_0053
WF-1823,Finance Approval,Sales,Manager Approval,2026-07-04T06:42:00,emp_0099
WF-1823,Finance Approval,Sales,Compliance Check,2026-07-05T23:42:00,emp_0002
WF-1823,Finance Approval,Sales,Approved,2026-07-07T22:42:00,emp_0085
WF-1824,Finance Approval,IT,Submitted,2026-06-28T19:18:00,emp_0172
WF-1824,Finance Approval,IT,Under Review,2026-06-29T20:18:00,emp_0105
WF-1824,Finance Approval,IT,Approved,2026-06-30T09:18:00,emp_0165
WF-1825,Finance Approval,Finance,Submitted,2026-06-26T17:26:00,emp_0094
WF-1825,Finance Approval,Finance,Under Review,2026-06-27T13:26:00,emp_0084
WF-1825,Finance Approval,Finance,Manager Approval,2026-06-28T01:26:00,emp_0049
WF-1825,Finance Approval,Finance,Compliance Check,2026-06-29T09:26:00,emp_0033
WF-1825,Finance Approval,Finance,Rejected,2026-07-01T09:26:00,emp_0144
WF-1826,Legal Review,Operations,Submitted,2026-06-23T07:37:00,emp_0117
WF-1826,Legal Review,Operations,Under Review,2026-06-23T12:37:00,emp_0061
WF-1826,Legal Review,Operations,Manager Approval,2026-06-24T18:37:00,emp_0178
WF-1826,Legal Review,Operations,Approved,2026-06-25T02:37:00,emp_0100
WF-1827,HR Onboarding,IT,Submitted,2026-06-21T08:08:00,emp_0157
WF-1827,HR Onboarding,IT,Under Review,2026-06-21T09:08:00,emp_0157
WF-1827,HR Onboarding,IT,Manager Approval,2026-06-21T15:08:00,emp_0187
WF-1827,HR Onboarding,IT,Compliance Check,2026-06-22T23:08:00,emp_0018
WF-1827,HR Onboarding,IT,Rejected,2026-06-23T01:08:00,emp_0040
WF-1828,Procurement,Supply Chain,Submitted,2026-07-03T14:42:00,emp_0139
WF-1828,Procurement,Supply Chain,Under Review,2026-07-04T02:42:00,emp_0019
WF-1828,Procurement,Supply Chain,Manager Approval,2026-07-05T11:42:00,emp_0110
WF-1828,Procurement,Supply Chain,Compliance Check,2026-07-06T14:42:00,emp_0058
WF-1828,Procurement,Supply Chain,Rejected,2026-07-08T12:42:00,emp_0076
WF-1829,Procurement,Operations,Submitted,2026-06-22T07:18:00,emp_0002
WF-1829,Procurement,Operations,Under Review,2026-06-24T04:18:00,emp_0159
WF-1829,Procurement,Operations,Manager Approval,2026-06-24T23:18:00,emp_0084
WF-1829,Procurement,Operations,Compliance Check,2026-06-25T17:18:00,emp_0157
WF-1829,Procurement,Operations,Rejected,2026-06-25T23:18:00,emp_0066
WF-1830,Procurement,Human Resources,Submitted,2026-06-24T21:37:00,emp_0115
WF-1830,Procurement,Human Resources,Under Review,2026-06-25T17:37:00,emp_0106
WF-1830,Procurement,Human Resources,Manager Approval,2026-06-27T01:37:00,emp_0085
WF-1830,Procurement,Human Resources,Compliance Check,2026-06-28T08:37:00,emp_0073
WF-1830,Procurement,Human Resources,Approved,2026-06-28T15:37:00,emp_0170
WF-1831,Finance Approval,Human Resources,Submitted,2026-07-02T14:15:00,emp_0191
WF-1831,Finance Approval,Human Resources,Under Review,2026-07-03T22:15:00,emp_0102
WF-1831,Finance Approval,Human Resources,Manager Approval,2026-07-05T12:15:00,emp_0182
WF-1831,Finance Approval,Human Resources,Rejected,2026-07-06T18:15:00,emp_0040
WF-1832,IT Service Request,Finance,Submitted,2026-06-03T20:19:00,emp_0115
WF-1832,IT Service Request,Finance,Under Review,2026-06-04T12:19:00,emp_0093
WF-1832,IT Service Request,Finance,Manager Approval,2026-06-05T06:19:00,emp_0172
WF-1832,IT Service Request,Finance,Compliance Check,2026-06-07T05:19:00,emp_0055
WF-1832,IT Service Request,Finance,Rejected,2026-06-08T21:19:00,emp_0177
WF-1833,IT Service Request,IT,Submitted,2026-06-08T05:29:00,emp_0021
WF-1833,IT Service Request,IT,Under Review,2026-06-09T04:29:00,emp_0186
WF-1833,IT Service Request,IT,Manager Approval,2026-06-09T10:29:00,emp_0035
WF-1833,IT Service Request,IT,Rejected,2026-06-10T09:29:00,emp_0187
WF-1834,Legal Review,Sales,Submitted,2026-06-25T22:27:00,emp_0172
WF-1834,Legal Review,Sales,Under Review,2026-06-26T05:27:00,emp_0167
WF-1834,Legal Review,Sales,Manager Approval,2026-06-26T15:27:00,emp_0170
WF-1834,Legal Review,Sales,Rejected,2026-06-28T04:27:00,emp_0102
WF-1835,IT Service Request,Finance,Submitted,2026-06-02T19:35:00,emp_0163
WF-1835,IT Service Request,Finance,Under Review,2026-06-02T22:35:00,emp_0033
WF-1835,IT Service Request,Finance,Rejected,2026-06-04T10:35:00,emp_0102
WF-1836,Legal Review,Legal,Submitted,2026-06-08T22:01:00,emp_0147
WF-1836,Legal Review,Legal,Under Review,2026-06-09T10:01:00,emp_0193
WF-1836,Legal Review,Legal,Manager Approval,2026-06-10T23:01:00,emp_0135
WF-1836,Legal Review,Legal,Compliance Check,2026-06-12T02:01:00,emp_0085
WF-1836,Legal Review,Legal,Rejected,2026-06-13T04:01:00,emp_0170
WF-1837,HR Onboarding,Finance,Submitted,2026-06-07T14:28:00,emp_0146
WF-1837,HR Onboarding,Finance,Under Review,2026-06-08T10:28:00,emp_0040
WF-1837,HR Onboarding,Finance,Manager Approval,2026-06-10T06:28:00,emp_0093
WF-1837,HR Onboarding,Finance,Rejected,2026-06-11T21:28:00,emp_0050
WF-1838,HR Onboarding,Operations,Submitted,2026-07-01T17:31:00,emp_0167
WF-1838,HR Onboarding,Operations,Under Review,2026-07-02T06:31:00,emp_0001
WF-1838,HR Onboarding,Operations,Manager Approval,2026-07-03T13:31:00,emp_0011
WF-1838,HR Onboarding,Operations,Approved,2026-07-05T03:31:00,emp_0121
WF-1839,Finance Approval,IT,Submitted,2026-06-07T18:52:00,emp_0004
WF-1839,Finance Approval,IT,Under Review,2026-06-09T16:52:00,emp_0148
WF-1839,Finance Approval,IT,Manager Approval,2026-06-09T21:52:00,emp_0051
WF-1839,Finance Approval,IT,Compliance Check,2026-06-10T01:52:00,emp_0012
WF-1839,Finance Approval,IT,Approved,2026-06-11T05:52:00,emp_0019
WF-1840,Finance Approval,IT,Submitted,2026-06-03T14:14:00,emp_0076
WF-1840,Finance Approval,IT,Under Review,2026-06-04T09:14:00,emp_0045
WF-1840,Finance Approval,IT,Manager Approval,2026-06-04T12:14:00,emp_0146
WF-1840,Finance Approval,IT,Compliance Check,2026-06-06T08:14:00,emp_0063
WF-1840,Finance Approval,IT,Approved,2026-06-07T05:14:00,emp_0011
WF-1841,HR Onboarding,Supply Chain,Submitted,2026-06-12T21:50:00,emp_0003
WF-1841,HR Onboarding,Supply Chain,Under Review,2026-06-14T20:50:00,emp_0147
WF-1841,HR Onboarding,Supply Chain,Rejected,2026-06-15T06:50:00,emp_0017
WF-1842,Finance Approval,Legal,Submitted,2026-06-12T02:27:00,emp_0073
WF-1842,Finance Approval,Legal,Under Review,2026-06-13T04:27:00,emp_0112
WF-1842,Finance Approval,Legal,Manager Approval,2026-06-14T08:27:00,emp_0093
WF-1842,Finance Approval,Legal,Approved,2026-06-15T07:27:00,emp_0054
WF-1843,IT Service Request,Sales,Submitted,2026-07-03T12:50:00,emp_0121
WF-1843,IT Service Request,Sales,Under Review,2026-07-05T12:50:00,emp_0180
WF-1843,IT Service Request,Sales,Manager Approval,2026-07-06T06:50:00,emp_0099
WF-1843,IT Service Request,Sales,Approved,2026-07-07T11:50:00,emp_0157
WF-1844,Procurement,Sales,Submitted,2026-06-10T16:30:00,emp_0068
WF-1844,Procurement,Sales,Under Review,2026-06-11T19:30:00,emp_0056
WF-1844,Procurement,Sales,Manager Approval,2026-06-12T12:30:00,emp_0098
WF-1844,Procurement,Sales,Compliance Check,2026-06-14T06:30:00,emp_0012
WF-1844,Procurement,Sales,Approved,2026-06-16T05:30:00,emp_0044
WF-1845,HR Onboarding,Human Resources,Submitted,2026-06-01T19:22:00,emp_0172
WF-1845,HR Onboarding,Human Resources,Under Review,2026-06-02T22:22:00,emp_0037
WF-1845,HR Onboarding,Human Resources,Manager Approval,2026-06-03T02:22:00,emp_0092
WF-1845,HR Onboarding,Human Resources,Compliance Check,2026-06-04T11:22:00,emp_0079
WF-1845,HR Onboarding,Human Resources,Approved,2026-06-06T00:22:00,emp_0018
WF-1846,HR Onboarding,IT,Submitted,2026-06-03T08:30:00,emp_0177
WF-1846,HR Onboarding,IT,Under Review,2026-06-03T21:30:00,emp_0052
WF-1846,HR Onboarding,IT,Manager Approval,2026-06-04T14:30:00,emp_0172
WF-1846,HR Onboarding,IT,Rejected,2026-06-05T14:30:00,emp_0182
WF-1847,Legal Review,Operations,Submitted,2026-06-20T06:12:00,emp_0094
WF-1847,Legal Review,Operations,Under Review,2026-06-20T19:12:00,emp_0067
WF-1847,Legal Review,Operations,Manager Approval,2026-06-21T16:12:00,emp_0106
WF-1847,Legal Review,Operations,Compliance Check,2026-06-23T02:12:00,emp_0075
WF-1847,Legal Review,Operations,Approved,2026-06-24T23:12:00,emp_0071
WF-1848,Finance Approval,Legal,Submitted,2026-06-25T06:44:00,emp_0098
WF-1848,Finance Approval,Legal,Under Review,2026-06-26T20:44:00,emp_0032
WF-1848,Finance Approval,Legal,Manager Approval,2026-06-27T11:44:00,emp_0004
WF-1848,Finance Approval,Legal,Compliance Check,2026-06-28T01:44:00,emp_0156
WF-1848,Finance Approval,Legal,Rejected,2026-06-28T17:44:00,emp_0107
WF-1849,HR Onboarding,IT,Submitted,2026-06-04T15:47:00,emp_0082
WF-1849,HR Onboarding,IT,Under Review,2026-06-06T03:47:00,emp_0036
WF-1849,HR Onboarding,IT,Manager Approval,2026-06-06T04:47:00,emp_0040
WF-1849,HR Onboarding,IT,Compliance Check,2026-06-07T17:47:00,emp_0095
WF-1849,HR Onboarding,IT,Rejected,2026-06-07T19:47:00,emp_0093
WF-1850,HR Onboarding,IT,Submitted,2026-06-20T01:41:00,emp_0120
WF-1850,HR Onboarding,IT,Under Review,2026-06-21T16:41:00,emp_0073
WF-1850,HR Onboarding,IT,Manager Approval,2026-06-21T23:41:00,emp_0161
WF-1850,HR Onboarding,IT,Rejected,2026-06-22T05:41:00,emp_0117
WF-1851,HR Onboarding,Supply Chain,Submitted,2026-06-03T03:59:00,emp_0102
WF-1851,HR Onboarding,Supply Chain,Under Review,2026-06-03T21:59:00,emp_0177
WF-1851,HR Onboarding,Supply Chain,Manager Approval,2026-06-04T09:59:00,emp_0034
WF-1851,HR Onboarding,Supply Chain,Compliance Check,2026-06-05T03:59:00,emp_0054
WF-1851,HR Onboarding,Supply Chain,Approved,2026-06-05T18:59:00,emp_0052
WF-1852,HR Onboarding,Legal,Submitted,2026-06-28T03:59:00,emp_0118
WF-1852,HR Onboarding,Legal,Under Review,2026-06-29T04:59:00,emp_0062
WF-1852,HR Onboarding,Legal,Manager Approval,2026-06-30T05:59:00,emp_0109
WF-1852,HR Onboarding,Legal,Rejected,2026-06-30T07:59:00,emp_0106
WF-1853,HR Onboarding,Sales,Submitted,2026-06-30T11:23:00,emp_0115
WF-1853,HR Onboarding,Sales,Under Review,2026-06-30T23:23:00,emp_0199
WF-1853,HR Onboarding,Sales,Manager Approval,2026-07-02T13:23:00,emp_0092
WF-1853,HR Onboarding,Sales,Compliance Check,2026-07-04T12:23:00,emp_0195
WF-1853,HR Onboarding,Sales,Approved,2026-07-05T18:23:00,emp_0016
WF-1854,HR Onboarding,Human Resources,Submitted,2026-06-06T13:10:00,emp_0142
WF-1854,HR Onboarding,Human Resources,Under Review,2026-06-08T06:10:00,emp_0021
WF-1854,HR Onboarding,Human Resources,Manager Approval,2026-06-09T19:10:00,emp_0117
WF-1854,HR Onboarding,Human Resources,Compliance Check,2026-06-09T23:10:00,emp_0102
WF-1854,HR Onboarding,Human Resources,Rejected,2026-06-11T07:10:00,emp_0050
WF-1855,Legal Review,IT,Submitted,2026-06-07T21:50:00,emp_0033
WF-1855,Legal Review,IT,Under Review,2026-06-09T06:50:00,emp_0050
WF-1855,Legal Review,IT,Manager Approval,2026-06-11T03:50:00,emp_0038
WF-1855,Legal Review,IT,Rejected,2026-06-11T10:50:00,emp_0137
WF-1856,IT Service Request,Legal,Submitted,2026-06-26T10:39:00,emp_0183
WF-1856,IT Service Request,Legal,Under Review,2026-06-26T20:39:00,emp_0026
WF-1856,IT Service Request,Legal,Manager Approval,2026-06-28T18:39:00,emp_0118
WF-1856,IT Service Request,Legal,Compliance Check,2026-06-29T15:39:00,emp_0049
WF-1856,IT Service Request,Legal,Rejected,2026-07-01T06:39:00,emp_0169
WF-1857,Finance Approval,IT,Submitted,2026-06-12T02:48:00,emp_0052
WF-1857,Finance Approval,IT,Under Review,2026-06-12T16:48:00,emp_0047
WF-1857,Finance Approval,IT,Manager Approval,2026-06-14T00:48:00,emp_0069
WF-1857,Finance Approval,IT,Rejected,2026-06-15T22:48:00,emp_0115
WF-1858,Procurement,IT,Submitted,2026-06-25T11:38:00,emp_0006
WF-1858,Procurement,IT,Under Review,2026-06-26T11:38:00,emp_0041
WF-1858,Procurement,IT,Approved,2026-06-28T05:38:00,emp_0107
WF-1859,Finance Approval,Sales,Submitted,2026-06-20T03:45:00,emp_0088
WF-1859,Finance Approval,Sales,Under Review,2026-06-21T15:45:00,emp_0081
WF-1859,Finance Approval,Sales,Approved,2026-06-22T09:45:00,emp_0084
WF-1860,HR Onboarding,Human Resources,Submitted,2026-07-03T03:41:00,emp_0077
WF-1860,HR Onboarding,Human Resources,Under Review,2026-07-04T14:41:00,emp_0122
WF-1860,HR Onboarding,Human Resources,Manager Approval,2026-07-05T09:41:00,emp_0123
WF-1860,HR Onboarding,Human Resources,Compliance Check,2026-07-05T10:41:00,emp_0043
WF-1860,HR Onboarding,Human Resources,Approved,2026-07-07T04:41:00,emp_0005
WF-1861,Procurement,Sales,Submitted,2026-06-07T17:45:00,emp_0096
WF-1861,Procurement,Sales,Under Review,2026-06-08T04:45:00,emp_0097
WF-1861,Procurement,Sales,Manager Approval,2026-06-08T14:45:00,emp_0035
WF-1861,Procurement,Sales,Compliance Check,2026-06-08T15:45:00,emp_0186
WF-1861,Procurement,Sales,Rejected,2026-06-09T20:45:00,emp_0042
WF-1862,Legal Review,Finance,Submitted,2026-06-17T17:23:00,emp_0164
WF-1862,Legal Review,Finance,Under Review,2026-06-18T14:23:00,emp_0133
WF-1862,Legal Review,Finance,Rejected,2026-06-20T03:23:00,emp_0114
WF-1863,Finance Approval,Human Resources,Submitted,2026-06-29T00:40:00,emp_0101
WF-1863,Finance Approval,Human Resources,Under Review,2026-06-30T00:40:00,emp_0028
WF-1863,Finance Approval,Human Resources,Manager Approval,2026-06-30T18:40:00,emp_0068
WF-1863,Finance Approval,Human Resources,Rejected,2026-07-01T17:40:00,emp_0059
WF-1864,Legal Review,Operations,Submitted,2026-06-01T04:55:00,emp_0186
WF-1864,Legal Review,Operations,Under Review,2026-06-02T08:55:00,emp_0139
WF-1864,Legal Review,Operations,Manager Approval,2026-06-04T01:55:00,emp_0119
WF-1864,Legal Review,Operations,Compliance Check,2026-06-05T12:55:00,emp_0096
WF-1864,Legal Review,Operations,Rejected,2026-06-06T03:55:00,emp_0157
WF-1865,Legal Review,Legal,Submitted,2026-06-11T03:47:00,emp_0098
WF-1865,Legal Review,Legal,Under Review,2026-06-11T07:47:00,emp_0155
WF-1865,Legal Review,Legal,Manager Approval,2026-06-12T05:47:00,emp_0072
WF-1865,Legal Review,Legal,Compliance Check,2026-06-14T04:47:00,emp_0167
WF-1865,Legal Review,Legal,Rejected,2026-06-15T19:47:00,emp_0029
WF-1866,Legal Review,Human Resources,Submitted,2026-06-19T05:59:00,emp_0148
WF-1866,Legal Review,Human Resources,Under Review,2026-06-20T03:59:00,emp_0008
WF-1866,Legal Review,Human Resources,Manager Approval,2026-06-20T21:59:00,emp_0168
WF-1866,Legal Review,Human Resources,Compliance Check,2026-06-22T11:59:00,emp_0102
WF-1866,Legal Review,Human Resources,Rejected,2026-06-23T06:59:00,emp_0106
WF-1867,IT Service Request,Legal,Submitted,2026-06-03T15:14:00,emp_0074
WF-1867,IT Service Request,Legal,Under Review,2026-06-03T23:14:00,emp_0161
WF-1867,IT Service Request,Legal,Manager Approval,2026-06-04T14:14:00,emp_0095
WF-1867,IT Service Request,Legal,Approved,2026-06-05T23:14:00,emp_0175
WF-1868,Procurement,Legal,Submitted,2026-06-16T10:36:00,emp_0119
WF-1868,Procurement,Legal,Under Review,2026-06-18T10:36:00,emp_0049
WF-1868,Procurement,Legal,Manager Approval,2026-06-20T05:36:00,emp_0154
WF-1868,Procurement,Legal,Compliance Check,2026-06-21T11:36:00,emp_0108
WF-1868,Procurement,Legal,Rejected,2026-06-21T17:36:00,emp_0039
WF-1869,IT Service Request,Legal,Submitted,2026-06-17T16:46:00,emp_0197
WF-1869,IT Service Request,Legal,Under Review,2026-06-18T07:46:00,emp_0168
WF-1869,IT Service Request,Legal,Manager Approval,2026-06-18T11:46:00,emp_0038
WF-1869,IT Service Request,Legal,Compliance Check,2026-06-20T11:46:00,emp_0140
WF-1869,IT Service Request,Legal,Approved,2026-06-20T12:46:00,emp_0068
WF-1870,HR Onboarding,Sales,Submitted,2026-06-11T22:06:00,emp_0197
WF-1870,HR Onboarding,Sales,Under Review,2026-06-13T09:06:00,emp_0019
WF-1870,HR Onboarding,Sales,Compliance Check,2026-06-15T03:06:00,emp_0052
WF-1870,HR Onboarding,Sales,Rejected,2026-06-16T15:06:00,emp_0195
WF-1871,Finance Approval,Legal,Submitted,2026-06-27T14:29:00,emp_0145
WF-1871,Finance Approval,Legal,Under Review,2026-06-28T04:29:00,emp_0044
WF-1871,Finance Approval,Legal,Approved,2026-06-29T14:29:00,emp_0080
WF-1872,Legal Review,Human Resources,Submitted,2026-06-20T07:50:00,emp_0198
WF-1872,Legal Review,Human Resources,Under Review,2026-06-20T08:50:00,emp_0160
WF-1872,Legal Review,Human Resources,Manager Approval,2026-06-21T02:50:00,emp_0004
WF-1872,Legal Review,Human Resources,Rejected,2026-06-22T05:50:00,emp_0153
WF-1873,HR Onboarding,Human Resources,Submitted,2026-06-17T12:14:00,emp_0069
WF-1873,HR Onboarding,Human Resources,Under Review,2026-06-19T08:14:00,emp_0171
WF-1873,HR Onboarding,Human Resources,Manager Approval,2026-06-19T22:14:00,emp_0128
WF-1873,HR Onboarding,Human Resources,Approved,2026-06-20T19:14:00,emp_0091
WF-1874,Finance Approval,Sales,Submitted,2026-06-08T14:05:00,emp_0091
WF-1874,Finance Approval,Sales,Under Review,2026-06-09T10:05:00,emp_0157
WF-1874,Finance Approval,Sales,Manager Approval,2026-06-09T21:05:00,emp_0040
WF-1874,Finance Approval,Sales,Compliance Check,2026-06-11T10:05:00,emp_0116
WF-1874,Finance Approval,Sales,Rejected,2026-06-11T16:05:00,emp_0046
WF-1875,HR Onboarding,Operations,Submitted,2026-07-01T04:01:00,emp_0126
WF-1875,HR Onboarding,Operations,Under Review,2026-07-02T01:01:00,emp_0081
WF-1875,HR Onboarding,Operations,Manager Approval,2026-07-02T06:01:00,emp_0063
WF-1875,HR Onboarding,Operations,Rejected,2026-07-03T22:01:00,emp_0107
WF-1876,HR Onboarding,Legal,Submitted,2026-06-18T10:12:00,emp_0013
WF-1876,HR Onboarding,Legal,Under Review,2026-06-19T09:12:00,emp_0147
WF-1876,HR Onboarding,Legal,Manager Approval,2026-06-19T22:12:00,emp_0141
WF-1876,HR Onboarding,Legal,Compliance Check,2026-06-21T19:12:00,emp_0187
WF-1876,HR Onboarding,Legal,Rejected,2026-06-21T20:12:00,emp_0126
WF-1877,IT Service Request,Sales,Submitted,2026-06-19T12:05:00,emp_0108
WF-1877,IT Service Request,Sales,Under Review,2026-06-20T06:05:00,emp_0086
WF-1877,IT Service Request,Sales,Manager Approval,2026-06-22T01:05:00,emp_0069
WF-1877,IT Service Request,Sales,Compliance Check,2026-06-23T05:05:00,emp_0139
WF-1877,IT Service Request,Sales,Approved,2026-06-23T15:05:00,emp_0045
WF-1878,Finance Approval,Legal,Submitted,2026-06-22T06:28:00,emp_0102
WF-1878,Finance Approval,Legal,Under Review,2026-06-23T05:28:00,emp_0176
WF-1878,Finance Approval,Legal,Manager Approval,2026-06-23T13:28:00,emp_0007
WF-1878,Finance Approval,Legal,Compliance Check,2026-06-24T20:28:00,emp_0195
WF-1878,Finance Approval,Legal,Approved,2026-06-26T11:28:00,emp_0066
WF-1879,Finance Approval,Human Resources,Submitted,2026-06-03T10:02:00,emp_0039
WF-1879,Finance Approval,Human Resources,Under Review,2026-06-04T01:02:00,emp_0035
WF-1879,Finance Approval,Human Resources,Manager Approval,2026-06-04T08:02:00,emp_0005
WF-1879,Finance Approval,Human Resources,Compliance Check,2026-06-05T09:02:00,emp_0047
WF-1879,Finance Approval,Human Resources,Approved,2026-06-05T20:02:00,emp_0145
WF-1880,Legal Review,Legal,Submitted,2026-07-02T03:31:00,emp_0143
WF-1880,Legal Review,Legal,Under Review,2026-07-03T22:31:00,emp_0066
WF-1880,Legal Review,Legal,Manager Approval,2026-07-04T18:31:00,emp_0019
WF-1880,Legal Review,Legal,Rejected,2026-07-05T13:31:00,emp_0105
WF-1881,Legal Review,Human Resources,Submitted,2026-06-22T03:30:00,emp_0016
WF-1881,Legal Review,Human Resources,Under Review,2026-06-23T19:30:00,emp_0193
WF-1881,Legal Review,Human Resources,Manager Approval,2026-06-24T12:30:00,emp_0025
WF-1881,Legal Review,Human Resources,Rejected,2026-06-25T09:30:00,emp_0109
WF-1882,HR Onboarding,Sales,Submitted,2026-06-20T12:53:00,emp_0071
WF-1882,HR Onboarding,Sales,Under Review,2026-06-21T14:53:00,emp_0036
WF-1882,HR Onboarding,Sales,Rejected,2026-06-22T18:53:00,emp_0059
WF-1883,HR Onboarding,Legal,Submitted,2026-06-26T15:43:00,emp_0162
WF-1883,HR Onboarding,Legal,Under Review,2026-06-27T23:43:00,emp_0179
WF-1883,HR Onboarding,Legal,Manager Approval,2026-06-29T06:43:00,emp_0008
WF-1883,HR Onboarding,Legal,Compliance Check,2026-07-01T01:43:00,emp_0130
WF-1883,HR Onboarding,Legal,Approved,2026-07-02T06:43:00,emp_0181
WF-1884,Legal Review,Finance,Submitted,2026-06-04T12:36:00,emp_0158
WF-1884,Legal Review,Finance,Under Review,2026-06-04T14:36:00,emp_0196
WF-1884,Legal Review,Finance,Compliance Check,2026-06-05T07:36:00,emp_0087
WF-1884,Legal Review,Finance,Rejected,2026-06-06T03:36:00,emp_0068
WF-1885,Procurement,Operations,Submitted,2026-06-02T09:27:00,emp_0172
WF-1885,Procurement,Operations,Under Review,2026-06-02T14:27:00,emp_0111
WF-1885,Procurement,Operations,Rejected,2026-06-04T02:27:00,emp_0119
WF-1886,Legal Review,IT,Submitted,2026-06-20T07:58:00,emp_0065
WF-1886,Legal Review,IT,Under Review,2026-06-20T19:58:00,emp_0196
WF-1886,Legal Review,IT,Rejected,2026-06-22T08:58:00,emp_0134
WF-1887,Legal Review,Human Resources,Submitted,2026-06-20T19:45:00,emp_0053
WF-1887,Legal Review,Human Resources,Under Review,2026-06-21T13:45:00,emp_0146
WF-1887,Legal Review,Human Resources,Manager Approval,2026-06-21T18:45:00,emp_0193
WF-1887,Legal Review,Human Resources,Compliance Check,2026-06-22T23:45:00,emp_0151
WF-1887,Legal Review,Human Resources,Approved,2026-06-24T14:45:00,emp_0193
WF-1888,Finance Approval,Legal,Submitted,2026-06-25T20:38:00,emp_0114
WF-1888,Finance Approval,Legal,Under Review,2026-06-27T14:38:00,emp_0140
WF-1888,Finance Approval,Legal,Manager Approval,2026-06-28T03:38:00,emp_0072
WF-1888,Finance Approval,Legal,Rejected,2026-06-28T21:38:00,emp_0158
WF-1889,HR Onboarding,Operations,Submitted,2026-06-26T16:24:00,emp_0196
WF-1889,HR Onboarding,Operations,Under Review,2026-06-27T13:24:00,emp_0188
WF-1889,HR Onboarding,Operations,Manager Approval,2026-06-27T16:24:00,emp_0141
WF-1889,HR Onboarding,Operations,Approved,2026-06-28T07:24:00,emp_0168
WF-1890,Procurement,Operations,Submitted,2026-06-13T20:46:00,emp_0163
WF-1890,Procurement,Operations,Under Review,2026-06-13T23:46:00,emp_0030
WF-1890,Procurement,Operations,Manager Approval,2026-06-15T01:46:00,emp_0178
WF-1890,Procurement,Operations,Rejected,2026-06-16T19:46:00,emp_0137
WF-1891,HR Onboarding,Sales,Submitted,2026-06-02T10:54:00,emp_0027
WF-1891,HR Onboarding,Sales,Under Review,2026-06-03T07:54:00,emp_0164
WF-1891,HR Onboarding,Sales,Manager Approval,2026-06-04T00:54:00,emp_0084
WF-1891,HR Onboarding,Sales,Compliance Check,2026-06-05T04:54:00,emp_0110
WF-1891,HR Onboarding,Sales,Approved,2026-06-06T19:54:00,emp_0041
WF-1892,Procurement,IT,Submitted,2026-06-09T06:33:00,emp_0195
WF-1892,Procurement,IT,Under Review,2026-06-10T11:33:00,emp_0009
WF-1892,Procurement,IT,Manager Approval,2026-06-12T06:33:00,emp_0048
WF-1892,Procurement,IT,Compliance Check,2026-06-14T05:33:00,emp_0105
WF-1892,Procurement,IT,Rejected,2026-06-15T09:33:00,emp_0107
WF-1893,Procurement,Human Resources,Submitted,2026-06-14T04:22:00,emp_0158
WF-1893,Procurement,Human Resources,Under Review,2026-06-14T19:22:00,emp_0040
WF-1893,Procurement,Human Resources,Manager Approval,2026-06-16T16:22:00,emp_0061
WF-1893,Procurement,Human Resources,Compliance Check,2026-06-17T01:22:00,emp_0118
WF-1893,Procurement,Human Resources,Rejected,2026-06-17T10:22:00,emp_0187
WF-1894,HR Onboarding,Supply Chain,Submitted,2026-06-16T02:16:00,emp_0099
WF-1894,HR Onboarding,Supply Chain,Under Review,2026-06-18T00:16:00,emp_0002
WF-1894,HR Onboarding,Supply Chain,Manager Approval,2026-06-20T00:16:00,emp_0185
WF-1894,HR Onboarding,Supply Chain,Compliance Check,2026-06-20T05:16:00,emp_0062
WF-1894,HR Onboarding,Supply Chain,Rejected,2026-06-21T12:16:00,emp_0067
WF-1895,Finance Approval,Finance,Submitted,2026-06-16T14:30:00,emp_0006
WF-1895,Finance Approval,Finance,Under Review,2026-06-18T13:30:00,emp_0065
WF-1895,Finance Approval,Finance,Manager Approval,2026-06-18T16:30:00,emp_0188
WF-1895,Finance Approval,Finance,Approved,2026-06-19T23:30:00,emp_0053
WF-1896,IT Service Request,Sales,Submitted,2026-06-05T15:41:00,emp_0018
WF-1896,IT Service Request,Sales,Under Review,2026-06-05T21:41:00,emp_0122
WF-1896,IT Service Request,Sales,Manager Approval,2026-06-07T18:41:00,emp_0130
WF-1896,IT Service Request,Sales,Approved,2026-06-08T03:41:00,emp_0083
WF-1897,Procurement,Operations,Submitted,2026-06-13T23:44:00,emp_0166
WF-1897,Procurement,Operations,Under Review,2026-06-14T14:44:00,emp_0071
WF-1897,Procurement,Operations,Manager Approval,2026-06-15T01:44:00,emp_0062
WF-1897,Procurement,Operations,Rejected,2026-06-16T23:44:00,emp_0020
WF-1898,Legal Review,Finance,Submitted,2026-06-14T05:11:00,emp_0164
WF-1898,Legal Review,Finance,Under Review,2026-06-16T00:11:00,emp_0071
WF-1898,Legal Review,Finance,Manager Approval,2026-06-17T20:11:00,emp_0178
WF-1898,Legal Review,Finance,Compliance Check,2026-06-18T23:11:00,emp_0124
WF-1898,Legal Review,Finance,Approved,2026-06-19T22:11:00,emp_0004
WF-1899,IT Service Request,IT,Submitted,2026-06-02T06:29:00,emp_0129
WF-1899,IT Service Request,IT,Under Review,2026-06-02T10:29:00,emp_0061
WF-1899,IT Service Request,IT,Manager Approval,2026-06-02T14:29:00,emp_0140
WF-1899,IT Service Request,IT,Compliance Check,2026-06-03T16:29:00,emp_0032
WF-1899,IT Service Request,IT,Rejected,2026-06-04T21:29:00,emp_0056
WF-1900,Procurement,Legal,Submitted,2026-06-08T03:55:00,emp_0128
WF-1900,Procurement,Legal,Under Review,2026-06-08T09:55:00,emp_0037
WF-1900,Procurement,Legal,Approved,2026-06-09T14:55:00,emp_0053
WF-1901,Legal Review,Supply Chain,Submitted,2026-06-12T08:58:00,emp_0027
WF-1901,Legal Review,Supply Chain,Under Review,2026-06-13T09:58:00,emp_0142
WF-1901,Legal Review,Supply Chain,Compliance Check,2026-06-13T21:58:00,emp_0045
WF-1901,Legal Review,Supply Chain,Approved,2026-06-14T15:58:00,emp_0035
WF-1902,Finance Approval,IT,Submitted,2026-06-20T12:50:00,emp_0035
WF-1902,Finance Approval,IT,Under Review,2026-06-22T12:50:00,emp_0119
WF-1902,Finance Approval,IT,Manager Approval,2026-06-23T21:50:00,emp_0039
WF-1902,Finance Approval,IT,Compliance Check,2026-06-25T17:50:00,emp_0187
WF-1902,Finance Approval,IT,Approved,2026-06-27T13:50:00,emp_0127
WF-1903,Finance Approval,Supply Chain,Submitted,2026-06-09T22:20:00,emp_0077
WF-1903,Finance Approval,Supply Chain,Under Review,2026-06-10T18:20:00,emp_0036
WF-1903,Finance Approval,Supply Chain,Compliance Check,2026-06-11T11:20:00,emp_0171
WF-1903,Finance Approval,Supply Chain,Approved,2026-06-12T22:20:00,emp_0055
WF-1904,Legal Review,Finance,Submitted,2026-06-20T13:08:00,emp_0148
WF-1904,Legal Review,Finance,Under Review,2026-06-21T18:08:00,emp_0025
WF-1904,Legal Review,Finance,Manager Approval,2026-06-21T20:08:00,emp_0098
WF-1904,Legal Review,Finance,Rejected,2026-06-22T15:08:00,emp_0185
WF-1905,Procurement,IT,Submitted,2026-06-16T13:05:00,emp_0077
WF-1905,Procurement,IT,Under Review,2026-06-16T23:05:00,emp_0100
WF-1905,Procurement,IT,Manager Approval,2026-06-18T17:05:00,emp_0146
WF-1905,Procurement,IT,Compliance Check,2026-06-18T19:05:00,emp_0069
WF-1905,Procurement,IT,Approved,2026-06-19T11:05:00,emp_0052
WF-1906,HR Onboarding,IT,Submitted,2026-06-03T16:57:00,emp_0191
WF-1906,HR Onboarding,IT,Under Review,2026-06-05T05:57:00,emp_0175
WF-1906,HR Onboarding,IT,Manager Approval,2026-06-05T07:57:00,emp_0120
WF-1906,HR Onboarding,IT,Compliance Check,2026-06-06T10:57:00,emp_0140
WF-1906,HR Onboarding,IT,Rejected,2026-06-08T10:57:00,emp_0017
WF-1907,Finance Approval,Supply Chain,Submitted,2026-06-09T22:44:00,emp_0163
WF-1907,Finance Approval,Supply Chain,Under Review,2026-06-10T17:44:00,emp_0185
WF-1907,Finance Approval,Supply Chain,Manager Approval,2026-06-11T00:44:00,emp_0115
WF-1907,Finance Approval,Supply Chain,Compliance Check,2026-06-12T06:44:00,emp_0123
WF-1907,Finance Approval,Supply Chain,Rejected,2026-06-12T13:44:00,emp_0149
WF-1908,Procurement,Operations,Submitted,2026-06-13T08:42:00,emp_0097
WF-1908,Procurement,Operations,Under Review,2026-06-14T14:42:00,emp_0106
WF-1908,Procurement,Operations,Rejected,2026-06-15T08:42:00,emp_0089
WF-1909,Finance Approval,Supply Chain,Submitted,2026-06-20T23:44:00,emp_0128
WF-1909,Finance Approval,Supply Chain,Under Review,2026-06-22T15:44:00,emp_0022
WF-1909,Finance Approval,Supply Chain,Manager Approval,2026-06-23T02:44:00,emp_0172
WF-1909,Finance Approval,Supply Chain,Compliance Check,2026-06-24T19:44:00,emp_0192
WF-1909,Finance Approval,Supply Chain,Approved,2026-06-26T05:44:00,emp_0137
WF-1910,Legal Review,Finance,Submitted,2026-06-10T23:34:00,emp_0034
WF-1910,Legal Review,Finance,Under Review,2026-06-12T09:34:00,emp_0053
WF-1910,Legal Review,Finance,Manager Approval,2026-06-12T14:34:00,emp_0115
WF-1910,Legal Review,Finance,Approved,2026-06-12T15:34:00,emp_0103
WF-1911,Procurement,Supply Chain,Submitted,2026-06-28T18:34:00,emp_0154
WF-1911,Procurement,Supply Chain,Under Review,2026-06-30T05:34:00,emp_0165
WF-1911,Procurement,Supply Chain,Manager Approval,2026-07-01T11:34:00,emp_0174
WF-1911,Procurement,Supply Chain,Approved,2026-07-01T18:34:00,emp_0100
WF-1912,Procurement,Operations,Submitted,2026-07-01T03:31:00,emp_0053
WF-1912,Procurement,Operations,Under Review,2026-07-02T03:31:00,emp_0097
WF-1912,Procurement,Operations,Compliance Check,2026-07-03T12:31:00,emp_0168
WF-1912,Procurement,Operations,Rejected,2026-07-05T04:31:00,emp_0081
WF-1913,HR Onboarding,Operations,Submitted,2026-06-21T11:21:00,emp_0134
WF-1913,HR Onboarding,Operations,Under Review,2026-06-22T02:21:00,emp_0081
WF-1913,HR Onboarding,Operations,Manager Approval,2026-06-22T07:21:00,emp_0122
WF-1913,HR Onboarding,Operations,Approved,2026-06-23T21:21:00,emp_0197
WF-1914,Procurement,Sales,Submitted,2026-06-05T05:24:00,emp_0068
WF-1914,Procurement,Sales,Under Review,2026-06-06T22:24:00,emp_0093
WF-1914,Procurement,Sales,Manager Approval,2026-06-07T08:24:00,emp_0149
WF-1914,Procurement,Sales,Compliance Check,2026-06-08T17:24:00,emp_0181
WF-1914,Procurement,Sales,Rejected,2026-06-10T13:24:00,emp_0101
WF-1915,Procurement,Human Resources,Submitted,2026-06-04T04:53:00,emp_0043
WF-1915,Procurement,Human Resources,Under Review,2026-06-05T18:53:00,emp_0153
WF-1915,Procurement,Human Resources,Manager Approval,2026-06-06T08:53:00,emp_0095
WF-1915,Procurement,Human Resources,Approved,2026-06-06T20:53:00,emp_0045
WF-1916,HR Onboarding,Operations,Submitted,2026-06-15T06:21:00,emp_0049
WF-1916,HR Onboarding,Operations,Under Review,2026-06-16T17:21:00,emp_0008
WF-1916,HR Onboarding,Operations,Rejected,2026-06-17T08:21:00,emp_0046
WF-1917,Finance Approval,Finance,Submitted,2026-06-06T09:04:00,emp_0027
WF-1917,Finance Approval,Finance,Under Review,2026-06-07T20:04:00,emp_0180
WF-1917,Finance Approval,Finance,Manager Approval,2026-06-08T07:04:00,emp_0051
WF-1917,Finance Approval,Finance,Compliance Check,2026-06-09T14:04:00,emp_0024
WF-1917,Finance Approval,Finance,Approved,2026-06-10T21:04:00,emp_0100
WF-1918,IT Service Request,Human Resources,Submitted,2026-06-08T10:37:00,emp_0023
WF-1918,IT Service Request,Human Resources,Under Review,2026-06-08T12:37:00,emp_0026
WF-1918,IT Service Request,Human Resources,Manager Approval,2026-06-09T11:37:00,emp_0151
WF-1918,IT Service Request,Human Resources,Approved,2026-06-11T05:37:00,emp_0054
WF-1919,IT Service Request,Human Resources,Submitted,2026-06-30T20:42:00,emp_0022
WF-1919,IT Service Request,Human Resources,Under Review,2026-07-01T19:42:00,emp_0065
WF-1919,IT Service Request,Human Resources,Manager Approval,2026-07-03T03:42:00,emp_0069
WF-1919,IT Service Request,Human Resources,Compliance Check,2026-07-04T14:42:00,emp_0068
WF-1919,IT Service Request,Human Resources,Approved,2026-07-06T11:42:00,emp_0084
WF-1920,Legal Review,Operations,Submitted,2026-06-12T19:49:00,emp_0100
WF-1920,Legal Review,Operations,Under Review,2026-06-13T19:49:00,emp_0181
WF-1920,Legal Review,Operations,Manager Approval,2026-06-14T13:49:00,emp_0163
WF-1920,Legal Review,Operations,Compliance Check,2026-06-15T08:49:00,emp_0138
WF-1920,Legal Review,Operations,Approved,2026-06-16T19:49:00,emp_0003
WF-1921,Legal Review,IT,Submitted,2026-06-16T12:57:00,emp_0140
WF-1921,Legal Review,IT,Under Review,2026-06-17T20:57:00,emp_0101
WF-1921,Legal Review,IT,Manager Approval,2026-06-17T23:57:00,emp_0013
WF-1921,Legal Review,IT,Compliance Check,2026-06-19T12:57:00,emp_0188
WF-1921,Legal Review,IT,Approved,2026-06-21T12:57:00,emp_0179
WF-1922,Legal Review,Supply Chain,Submitted,2026-06-09T00:14:00,emp_0126
WF-1922,Legal Review,Supply Chain,Under Review,2026-06-09T18:14:00,emp_0117
WF-1922,Legal Review,Supply Chain,Approved,2026-06-10T20:14:00,emp_0046
WF-1923,Legal Review,Finance,Submitted,2026-06-18T16:20:00,emp_0134
WF-1923,Legal Review,Finance,Under Review,2026-06-18T20:20:00,emp_0065
WF-1923,Legal Review,Finance,Compliance Check,2026-06-19T01:20:00,emp_0061
WF-1923,Legal Review,Finance,Approved,2026-06-20T07:20:00,emp_0169
WF-1924,Legal Review,Human Resources,Submitted,2026-06-04T12:54:00,emp_0012
WF-1924,Legal Review,Human Resources,Under Review,2026-06-05T17:54:00,emp_0015
WF-1924,Legal Review,Human Resources,Rejected,2026-06-06T04:54:00,emp_0008
WF-1925,Legal Review,Legal,Submitted,2026-06-26T06:31:00,emp_0037
WF-1925,Legal Review,Legal,Under Review,2026-06-28T06:31:00,emp_0014
WF-1925,Legal Review,Legal,Manager Approval,2026-06-30T04:31:00,emp_0175
WF-1925,Legal Review,Legal,Approved,2026-06-30T05:31:00,emp_0030
WF-1926,HR Onboarding,Legal,Submitted,2026-06-08T13:17:00,emp_0099
WF-1926,HR Onboarding,Legal,Under Review,2026-06-10T08:17:00,emp_0165
WF-1926,HR Onboarding,Legal,Manager Approval,2026-06-10T14:17:00,emp_0173
WF-1926,HR Onboarding,Legal,Rejected,2026-06-11T09:17:00,emp_0107
WF-1927,Finance Approval,Sales,Submitted,2026-06-30T02:42:00,emp_0032
WF-1927,Finance Approval,Sales,Under Review,2026-07-01T10:42:00,emp_0160
WF-1927,Finance Approval,Sales,Compliance Check,2026-07-02T19:42:00,emp_0133
WF-1927,Finance Approval,Sales,Approved,2026-07-03T23:42:00,emp_0169
WF-1928,IT Service Request,Finance,Submitted,2026-06-17T11:41:00,emp_0124
WF-1928,IT Service Request,Finance,Under Review,2026-06-18T10:41:00,emp_0123
WF-1928,IT Service Request,Finance,Manager Approval,2026-06-18T14:41:00,emp_0052
WF-1928,IT Service Request,Finance,Approved,2026-06-18T18:41:00,emp_0195
WF-1929,Legal Review,Supply Chain,Submitted,2026-06-22T09:00:00,emp_0135
WF-1929,Legal Review,Supply Chain,Under Review,2026-06-23T08:00:00,emp_0189
WF-1929,Legal Review,Supply Chain,Manager Approval,2026-06-23T15:00:00,emp_0066
WF-1929,Legal Review,Supply Chain,Approved,2026-06-23T18:00:00,emp_0093
WF-1930,HR Onboarding,Finance,Submitted,2026-06-05T22:46:00,emp_0133
WF-1930,HR Onboarding,Finance,Under Review,2026-06-06T16:46:00,emp_0118
WF-1930,HR Onboarding,Finance,Manager Approval,2026-06-06T19:46:00,emp_0079
WF-1930,HR Onboarding,Finance,Compliance Check,2026-06-07T16:46:00,emp_0048
WF-1930,HR Onboarding,Finance,Approved,2026-06-08T19:46:00,emp_0182
WF-1931,HR Onboarding,Sales,Submitted,2026-06-08T05:22:00,emp_0036
WF-1931,HR Onboarding,Sales,Under Review,2026-06-08T07:22:00,emp_0195
WF-1931,HR Onboarding,Sales,Manager Approval,2026-06-10T00:22:00,emp_0193
WF-1931,HR Onboarding,Sales,Compliance Check,2026-06-11T11:22:00,emp_0131
WF-1931,HR Onboarding,Sales,Approved,2026-06-13T01:22:00,emp_0180
WF-1932,Procurement,Sales,Submitted,2026-06-07T09:22:00,emp_0163
WF-1932,Procurement,Sales,Under Review,2026-06-08T00:22:00,emp_0137
WF-1932,Procurement,Sales,Manager Approval,2026-06-09T04:22:00,emp_0068
WF-1932,Procurement,Sales,Approved,2026-06-10T05:22:00,emp_0159
WF-1933,Procurement,Sales,Submitted,2026-06-29T05:33:00,emp_0180
WF-1933,Procurement,Sales,Under Review,2026-06-30T03:33:00,emp_0160
WF-1933,Procurement,Sales,Manager Approval,2026-07-01T10:33:00,emp_0069
WF-1933,Procurement,Sales,Compliance Check,2026-07-03T04:33:00,emp_0002
WF-1933,Procurement,Sales,Approved,2026-07-05T02:33:00,emp_0161
WF-1934,Finance Approval,Finance,Submitted,2026-06-16T00:40:00,emp_0108
WF-1934,Finance Approval,Finance,Under Review,2026-06-16T19:40:00,emp_0058
WF-1934,Finance Approval,Finance,Compliance Check,2026-06-17T21:40:00,emp_0063
WF-1934,Finance Approval,Finance,Rejected,2026-06-19T15:40:00,emp_0104
WF-1935,IT Service Request,Supply Chain,Submitted,2026-06-08T18:29:00,emp_0027
WF-1935,IT Service Request,Supply Chain,Under Review,2026-06-10T18:29:00,emp_0129
WF-1935,IT Service Request,Supply Chain,Rejected,2026-06-11T15:29:00,emp_0047
WF-1936,Legal Review,Finance,Submitted,2026-06-03T06:37:00,emp_0074
WF-1936,Legal Review,Finance,Under Review,2026-06-04T05:37:00,emp_0120
WF-1936,Legal Review,Finance,Manager Approval,2026-06-05T04:37:00,emp_0003
WF-1936,Legal Review,Finance,Compliance Check,2026-06-06T01:37:00,emp_0120
WF-1936,Legal Review,Finance,Rejected,2026-06-07T04:37:00,emp_0174
WF-1937,Legal Review,Sales,Submitted,2026-06-15T13:15:00,emp_0127
WF-1937,Legal Review,Sales,Under Review,2026-06-16T14:15:00,emp_0033
WF-1937,Legal Review,Sales,Compliance Check,2026-06-17T03:15:00,emp_0047
WF-1937,Legal Review,Sales,Approved,2026-06-17T14:15:00,emp_0119
WF-1938,Procurement,Supply Chain,Submitted,2026-06-18T18:26:00,emp_0079
WF-1938,Procurement,Supply Chain,Under Review,2026-06-20T10:26:00,emp_0197
WF-1938,Procurement,Supply Chain,Approved,2026-06-21T00:26:00,emp_0159
WF-1939,IT Service Request,Legal,Submitted,2026-06-27T05:56:00,emp_0020
WF-1939,IT Service Request,Legal,Under Review,2026-06-28T07:56:00,emp_0061
WF-1939,IT Service Request,Legal,Manager Approval,2026-06-29T04:56:00,emp_0008
WF-1939,IT Service Request,Legal,Approved,2026-06-30T04:56:00,emp_0075
WF-1940,Finance Approval,Supply Chain,Submitted,2026-06-03T18:19:00,emp_0149
WF-1940,Finance Approval,Supply Chain,Under Review,2026-06-05T07:19:00,emp_0105
WF-1940,Finance Approval,Supply Chain,Manager Approval,2026-06-05T12:19:00,emp_0079
WF-1940,Finance Approval,Supply Chain,Rejected,2026-06-05T17:19:00,emp_0124
WF-1941,IT Service Request,Sales,Submitted,2026-07-01T12:44:00,emp_0035
WF-1941,IT Service Request,Sales,Under Review,2026-07-03T02:44:00,emp_0045
WF-1941,IT Service Request,Sales,Compliance Check,2026-07-03T06:44:00,emp_0077
WF-1941,IT Service Request,Sales,Approved,2026-07-04T02:44:00,emp_0004
WF-1942,Procurement,Finance,Submitted,2026-06-30T19:34:00,emp_0107
WF-1942,Procurement,Finance,Under Review,2026-07-01T20:34:00,emp_0195
WF-1942,Procurement,Finance,Manager Approval,2026-07-03T12:34:00,emp_0022
WF-1942,Procurement,Finance,Rejected,2026-07-04T19:34:00,emp_0200
WF-1943,Finance Approval,IT,Submitted,2026-06-05T00:42:00,emp_0052
WF-1943,Finance Approval,IT,Under Review,2026-06-05T10:42:00,emp_0197
WF-1943,Finance Approval,IT,Manager Approval,2026-06-06T21:42:00,emp_0163
WF-1943,Finance Approval,IT,Rejected,2026-06-08T09:42:00,emp_0136
WF-1944,Legal Review,Operations,Submitted,2026-06-15T14:42:00,emp_0176
WF-1944,Legal Review,Operations,Under Review,2026-06-16T05:42:00,emp_0008
WF-1944,Legal Review,Operations,Compliance Check,2026-06-17T11:42:00,emp_0051
WF-1944,Legal Review,Operations,Approved,2026-06-18T12:42:00,emp_0197
WF-1945,Procurement,Legal,Submitted,2026-06-03T07:43:00,emp_0015
WF-1945,Procurement,Legal,Under Review,2026-06-04T08:43:00,emp_0084
WF-1945,Procurement,Legal,Manager Approval,2026-06-05T07:43:00,emp_0110
WF-1945,Procurement,Legal,Compliance Check,2026-06-05T08:43:00,emp_0141
WF-1945,Procurement,Legal,Approved,2026-06-06T17:43:00,emp_0041
WF-1946,Legal Review,Operations,Submitted,2026-06-12T14:24:00,emp_0167
WF-1946,Legal Review,Operations,Under Review,2026-06-13T11:24:00,emp_0141
WF-1946,Legal Review,Operations,Rejected,2026-06-15T09:24:00,emp_0102
WF-1947,IT Service Request,IT,Submitted,2026-06-07T21:15:00,emp_0106
WF-1947,IT Service Request,IT,Under Review,2026-06-09T04:15:00,emp_0021
WF-1947,IT Service Request,IT,Manager Approval,2026-06-09T10:15:00,emp_0152
WF-1947,IT Service Request,IT,Compliance Check,2026-06-09T18:15:00,emp_0059
WF-1947,IT Service Request,IT,Rejected,2026-06-10T23:15:00,emp_0036
WF-1948,HR Onboarding,Legal,Submitted,2026-06-22T14:35:00,emp_0120
WF-1948,HR Onboarding,Legal,Under Review,2026-06-22T21:35:00,emp_0162
WF-1948,HR Onboarding,Legal,Manager Approval,2026-06-23T20:35:00,emp_0089
WF-1948,HR Onboarding,Legal,Compliance Check,2026-06-25T10:35:00,emp_0009
WF-1948,HR Onboarding,Legal,Rejected,2026-06-27T07:35:00,emp_0040
WF-1949,HR Onboarding,Operations,Submitted,2026-06-04T02:39:00,emp_0142
WF-1949,HR Onboarding,Operations,Under Review,2026-06-05T00:39:00,emp_0082
WF-1949,HR Onboarding,Operations,Manager Approval,2026-06-06T21:39:00,emp_0031
WF-1949,HR Onboarding,Operations,Compliance Check,2026-06-07T13:39:00,emp_0046
WF-1949,HR Onboarding,Operations,Rejected,2026-06-08T23:39:00,emp_0165
WF-1950,IT Service Request,Sales,Submitted,2026-06-19T09:32:00,emp_0138
WF-1950,IT Service Request,Sales,Under Review,2026-06-21T08:32:00,emp_0047
WF-1950,IT Service Request,Sales,Manager Approval,2026-06-21T14:32:00,emp_0001
WF-1950,IT Service Request,Sales,Approved,2026-06-22T10:32:00,emp_0116
WF-1951,IT Service Request,Human Resources,Submitted,2026-06-17T08:55:00,emp_0064
WF-1951,IT Service Request,Human Resources,Under Review,2026-06-17T16:55:00,emp_0154
WF-1951,IT Service Request,Human Resources,Manager Approval,2026-06-18T12:55:00,emp_0131
WF-1951,IT Service Request,Human Resources,Rejected,2026-06-18T21:55:00,emp_0032
WF-1952,Procurement,Operations,Submitted,2026-06-16T12:38:00,emp_0039
WF-1952,Procurement,Operations,Under Review,2026-06-18T10:38:00,emp_0065
WF-1952,Procurement,Operations,Manager Approval,2026-06-19T21:38:00,emp_0012
WF-1952,Procurement,Operations,Compliance Check,2026-06-20T07:38:00,emp_0186
WF-1952,Procurement,Operations,Approved,2026-06-21T23:38:00,emp_0010
WF-1953,Finance Approval,Sales,Submitted,2026-06-12T20:27:00,emp_0018
WF-1953,Finance Approval,Sales,Under Review,2026-06-14T06:27:00,emp_0131
WF-1953,Finance Approval,Sales,Compliance Check,2026-06-14T07:27:00,emp_0183
WF-1953,Finance Approval,Sales,Approved,2026-06-14T23:27:00,emp_0120
WF-1954,Procurement,IT,Submitted,2026-06-12T09:55:00,emp_0036
WF-1954,Procurement,IT,Under Review,2026-06-13T09:55:00,emp_0161
WF-1954,Procurement,IT,Approved,2026-06-14T22:55:00,emp_0076
WF-1955,Procurement,Finance,Submitted,2026-06-05T04:04:00,emp_0110
WF-1955,Procurement,Finance,Under Review,2026-06-05T19:04:00,emp_0170
WF-1955,Procurement,Finance,Manager Approval,2026-06-06T10:04:00,emp_0042
WF-1955,Procurement,Finance,Approved,2026-06-07T09:04:00,emp_0005
WF-1956,HR Onboarding,Finance,Submitted,2026-07-01T17:34:00,emp_0088
WF-1956,HR Onboarding,Finance,Under Review,2026-07-03T01:34:00,emp_0084
WF-1956,HR Onboarding,Finance,Approved,2026-07-03T16:34:00,emp_0192
WF-1957,HR Onboarding,Sales,Submitted,2026-06-06T16:21:00,emp_0008
WF-1957,HR Onboarding,Sales,Under Review,2026-06-08T08:21:00,emp_0147
WF-1957,HR Onboarding,Sales,Compliance Check,2026-06-08T21:21:00,emp_0195
WF-1957,HR Onboarding,Sales,Rejected,2026-06-09T05:21:00,emp_0159
WF-1958,Procurement,IT,Submitted,2026-06-12T09:29:00,emp_0061
WF-1958,Procurement,IT,Under Review,2026-06-13T10:29:00,emp_0077
WF-1958,Procurement,IT,Manager Approval,2026-06-14T10:29:00,emp_0078
WF-1958,Procurement,IT,Compliance Check,2026-06-14T14:29:00,emp_0148
WF-1958,Procurement,IT,Rejected,2026-06-16T04:29:00,emp_0069
WF-1959,HR Onboarding,Supply Chain,Submitted,2026-06-23T21:11:00,emp_0056
WF-1959,HR Onboarding,Supply Chain,Under Review,2026-06-24T00:11:00,emp_0096
WF-1959,HR Onboarding,Supply Chain,Manager Approval,2026-06-25T03:11:00,emp_0065
WF-1959,HR Onboarding,Supply Chain,Approved,2026-06-26T06:11:00,emp_0031
WF-1960,Procurement,Supply Chain,Submitted,2026-06-12T20:23:00,emp_0057
WF-1960,Procurement,Supply Chain,Under Review,2026-06-13T12:23:00,emp_0184
WF-1960,Procurement,Supply Chain,Manager Approval,2026-06-14T06:23:00,emp_0021
WF-1960,Procurement,Supply Chain,Rejected,2026-06-14T07:23:00,emp_0139
WF-1961,IT Service Request,Supply Chain,Submitted,2026-06-09T17:36:00,emp_0092
WF-1961,IT Service Request,Supply Chain,Under Review,2026-06-10T13:36:00,emp_0164
WF-1961,IT Service Request,Supply Chain,Manager Approval,2026-06-10T16:36:00,emp_0192
WF-1961,IT Service Request,Supply Chain,Rejected,2026-06-11T10:36:00,emp_0138
WF-1962,Procurement,Supply Chain,Submitted,2026-06-05T01:46:00,emp_0035
WF-1962,Procurement,Supply Chain,Under Review,2026-06-06T22:46:00,emp_0193
WF-1962,Procurement,Supply Chain,Manager Approval,2026-06-07T17:46:00,emp_0130
WF-1962,Procurement,Supply Chain,Rejected,2026-06-09T01:46:00,emp_0042
WF-1963,HR Onboarding,Finance,Submitted,2026-06-20T04:32:00,emp_0147
WF-1963,HR Onboarding,Finance,Under Review,2026-06-21T20:32:00,emp_0086
WF-1963,HR Onboarding,Finance,Manager Approval,2026-06-23T01:32:00,emp_0004
WF-1963,HR Onboarding,Finance,Approved,2026-06-23T06:32:00,emp_0123
WF-1964,HR Onboarding,Operations,Submitted,2026-06-09T09:28:00,emp_0069
WF-1964,HR Onboarding,Operations,Under Review,2026-06-09T23:28:00,emp_0152
WF-1964,HR Onboarding,Operations,Manager Approval,2026-06-10T07:28:00,emp_0078
WF-1964,HR Onboarding,Operations,Compliance Check,2026-06-10T12:28:00,emp_0152
WF-1964,HR Onboarding,Operations,Rejected,2026-06-10T13:28:00,emp_0091
WF-1965,IT Service Request,Sales,Submitted,2026-06-28T15:25:00,emp_0190
WF-1965,IT Service Request,Sales,Under Review,2026-06-30T11:25:00,emp_0033
WF-1965,IT Service Request,Sales,Manager Approval,2026-06-30T12:25:00,emp_0058
WF-1965,IT Service Request,Sales,Compliance Check,2026-07-02T03:25:00,emp_0193
WF-1965,IT Service Request,Sales,Approved,2026-07-02T19:25:00,emp_0033
WF-1966,Legal Review,IT,Submitted,2026-06-26T22:20:00,emp_0026
WF-1966,Legal Review,IT,Under Review,2026-06-28T07:20:00,emp_0166
WF-1966,Legal Review,IT,Manager Approval,2026-06-29T10:20:00,emp_0116
WF-1966,Legal Review,IT,Approved,2026-06-30T08:20:00,emp_0093
WF-1967,IT Service Request,Supply Chain,Submitted,2026-06-08T19:33:00,emp_0180
WF-1967,IT Service Request,Supply Chain,Under Review,2026-06-10T07:33:00,emp_0137
WF-1967,IT Service Request,Supply Chain,Manager Approval,2026-06-10T19:33:00,emp_0174
WF-1967,IT Service Request,Supply Chain,Approved,2026-06-10T21:33:00,emp_0001
WF-1968,Procurement,Supply Chain,Submitted,2026-06-26T13:15:00,emp_0014
WF-1968,Procurement,Supply Chain,Under Review,2026-06-28T02:15:00,emp_0107
WF-1968,Procurement,Supply Chain,Approved,2026-06-29T18:15:00,emp_0187
WF-1969,Legal Review,Legal,Submitted,2026-06-09T11:22:00,emp_0064
WF-1969,Legal Review,Legal,Under Review,2026-06-10T13:22:00,emp_0047
WF-1969,Legal Review,Legal,Manager Approval,2026-06-11T16:22:00,emp_0141
WF-1969,Legal Review,Legal,Approved,2026-06-12T21:22:00,emp_0190
WF-1970,Legal Review,Supply Chain,Submitted,2026-06-13T02:42:00,emp_0141
WF-1970,Legal Review,Supply Chain,Under Review,2026-06-14T06:42:00,emp_0039
WF-1970,Legal Review,Supply Chain,Compliance Check,2026-06-16T05:42:00,emp_0194
WF-1970,Legal Review,Supply Chain,Rejected,2026-06-17T11:42:00,emp_0095
WF-1971,Procurement,Legal,Submitted,2026-06-24T05:22:00,emp_0110
WF-1971,Procurement,Legal,Under Review,2026-06-25T21:22:00,emp_0106
WF-1971,Procurement,Legal,Approved,2026-06-26T06:22:00,emp_0043
WF-1972,HR Onboarding,Human Resources,Submitted,2026-06-29T12:18:00,emp_0070
WF-1972,HR Onboarding,Human Resources,Under Review,2026-07-01T07:18:00,emp_0075
WF-1972,HR Onboarding,Human Resources,Manager Approval,2026-07-02T13:18:00,emp_0081
WF-1972,HR Onboarding,Human Resources,Rejected,2026-07-02T15:18:00,emp_0109
WF-1973,Legal Review,Supply Chain,Submitted,2026-06-07T09:25:00,emp_0145
WF-1973,Legal Review,Supply Chain,Under Review,2026-06-09T09:25:00,emp_0007
WF-1973,Legal Review,Supply Chain,Manager Approval,2026-06-10T09:25:00,emp_0106
WF-1973,Legal Review,Supply Chain,Compliance Check,2026-06-11T01:25:00,emp_0040
WF-1973,Legal Review,Supply Chain,Approved,2026-06-11T04:25:00,emp_0138
WF-1974,HR Onboarding,IT,Submitted,2026-07-01T19:08:00,emp_0015
WF-1974,HR Onboarding,IT,Under Review,2026-07-03T16:08:00,emp_0143
WF-1974,HR Onboarding,IT,Manager Approval,2026-07-05T10:08:00,emp_0166
WF-1974,HR Onboarding,IT,Approved,2026-07-06T10:08:00,emp_0063
WF-1975,Finance Approval,Sales,Submitted,2026-06-21T02:27:00,emp_0199
WF-1975,Finance Approval,Sales,Under Review,2026-06-22T16:27:00,emp_0010
WF-1975,Finance Approval,Sales,Manager Approval,2026-06-24T07:27:00,emp_0182
WF-1975,Finance Approval,Sales,Approved,2026-06-25T19:27:00,emp_0041
WF-1976,Procurement,Human Resources,Submitted,2026-06-09T16:33:00,emp_0016
WF-1976,Procurement,Human Resources,Under Review,2026-06-10T16:33:00,emp_0199
WF-1976,Procurement,Human Resources,Manager Approval,2026-06-12T16:33:00,emp_0111
WF-1976,Procurement,Human Resources,Compliance Check,2026-06-13T03:33:00,emp_0200
WF-1976,Procurement,Human Resources,Approved,2026-06-14T15:33:00,emp_0124
WF-1977,Procurement,Legal,Submitted,2026-06-26T08:18:00,emp_0186
WF-1977,Procurement,Legal,Under Review,2026-06-26T23:18:00,emp_0137
WF-1977,Procurement,Legal,Manager Approval,2026-06-27T02:18:00,emp_0080
WF-1977,Procurement,Legal,Compliance Check,2026-06-29T01:18:00,emp_0197
WF-1977,Procurement,Legal,Approved,2026-06-29T14:18:00,emp_0103
WF-1978,HR Onboarding,Legal,Submitted,2026-06-16T00:12:00,emp_0109
WF-1978,HR Onboarding,Legal,Under Review,2026-06-17T11:12:00,emp_0046
WF-1978,HR Onboarding,Legal,Manager Approval,2026-06-19T06:12:00,emp_0093
WF-1978,HR Onboarding,Legal,Compliance Check,2026-06-20T01:12:00,emp_0110
WF-1978,HR Onboarding,Legal,Rejected,2026-06-21T11:12:00,emp_0163
WF-1979,Legal Review,Sales,Submitted,2026-06-01T18:32:00,emp_0090
WF-1979,Legal Review,Sales,Under Review,2026-06-02T20:32:00,emp_0077
WF-1979,Legal Review,Sales,Manager Approval,2026-06-03T21:32:00,emp_0149
WF-1979,Legal Review,Sales,Compliance Check,2026-06-05T20:32:00,emp_0162
WF-1979,Legal Review,Sales,Approved,2026-06-07T09:32:00,emp_0176
WF-1980,HR Onboarding,Human Resources,Submitted,2026-06-15T16:06:00,emp_0136
WF-1980,HR Onboarding,Human Resources,Under Review,2026-06-17T01:06:00,emp_0133
WF-1980,HR Onboarding,Human Resources,Manager Approval,2026-06-17T20:06:00,emp_0039
WF-1980,HR Onboarding,Human Resources,Compliance Check,2026-06-19T03:06:00,emp_0110
WF-1980,HR Onboarding,Human Resources,Rejected,2026-06-21T00:06:00,emp_0053
WF-1981,IT Service Request,Supply Chain,Submitted,2026-06-08T15:29:00,emp_0137
WF-1981,IT Service Request,Supply Chain,Under Review,2026-06-09T17:29:00,emp_0136
WF-1981,IT Service Request,Supply Chain,Manager Approval,2026-06-10T07:29:00,emp_0011
WF-1981,IT Service Request,Supply Chain,Approved,2026-06-11T18:29:00,emp_0037
WF-1982,Legal Review,Human Resources,Submitted,2026-06-25T03:36:00,emp_0035
WF-1982,Legal Review,Human Resources,Under Review,2026-06-26T17:36:00,emp_0042
WF-1982,Legal Review,Human Resources,Manager Approval,2026-06-28T11:36:00,emp_0119
WF-1982,Legal Review,Human Resources,Compliance Check,2026-06-29T09:36:00,emp_0141
WF-1982,Legal Review,Human Resources,Approved,2026-06-30T23:36:00,emp_0101
WF-1983,Finance Approval,Supply Chain,Submitted,2026-07-01T02:01:00,emp_0001
WF-1983,Finance Approval,Supply Chain,Under Review,2026-07-02T05:01:00,emp_0053
WF-1983,Finance Approval,Supply Chain,Approved,2026-07-03T22:01:00,emp_0087
WF-1984,Finance Approval,Finance,Submitted,2026-06-30T12:50:00,emp_0150
WF-1984,Finance Approval,Finance,Under Review,2026-06-30T20:50:00,emp_0040
WF-1984,Finance Approval,Finance,Manager Approval,2026-07-01T10:50:00,emp_0082
WF-1984,Finance Approval,Finance,Rejected,2026-07-01T22:50:00,emp_0031
WF-1985,Finance Approval,Finance,Submitted,2026-06-23T17:53:00,emp_0152
WF-1985,Finance Approval,Finance,Under Review,2026-06-24T05:53:00,emp_0121
WF-1985,Finance Approval,Finance,Manager Approval,2026-06-25T09:53:00,emp_0147
WF-1985,Finance Approval,Finance,Rejected,2026-06-26T05:53:00,emp_0163
WF-1986,Legal Review,Legal,Submitted,2026-06-16T23:21:00,emp_0016
WF-1986,Legal Review,Legal,Under Review,2026-06-17T23:21:00,emp_0017
WF-1986,Legal Review,Legal,Manager Approval,2026-06-19T23:21:00,emp_0031
WF-1986,Legal Review,Legal,Compliance Check,2026-06-20T15:21:00,emp_0104
WF-1986,Legal Review,Legal,Rejected,2026-06-21T01:21:00,emp_0181
WF-1987,IT Service Request,Finance,Submitted,2026-06-12T02:54:00,emp_0066
WF-1987,IT Service Request,Finance,Under Review,2026-06-13T08:54:00,emp_0137
WF-1987,IT Service Request,Finance,Manager Approval,2026-06-14T05:54:00,emp_0082
WF-1987,IT Service Request,Finance,Approved,2026-06-16T03:54:00,emp_0002
WF-1988,IT Service Request,IT,Submitted,2026-06-08T02:02:00,emp_0023
WF-1988,IT Service Request,IT,Under Review,2026-06-10T01:02:00,emp_0107
WF-1988,IT Service Request,IT,Manager Approval,2026-06-10T11:02:00,emp_0118
WF-1988,IT Service Request,IT,Compliance Check,2026-06-11T13:02:00,emp_0169
WF-1988,IT Service Request,IT,Approved,2026-06-12T11:02:00,emp_0027
WF-1989,IT Service Request,IT,Submitted,2026-07-01T11:06:00,emp_0187
WF-1989,IT Service Request,IT,Under Review,2026-07-01T14:06:00,emp_0191
WF-1989,IT Service Request,IT,Manager Approval,2026-07-01T17:06:00,emp_0007
WF-1989,IT Service Request,IT,Compliance Check,2026-07-03T09:06:00,emp_0110
WF-1989,IT Service Request,IT,Rejected,2026-07-04T19:06:00,emp_0042
WF-1990,Procurement,Legal,Submitted,2026-06-02T10:29:00,emp_0067
WF-1990,Procurement,Legal,Under Review,2026-06-04T03:29:00,emp_0100
WF-1990,Procurement,Legal,Manager Approval,2026-06-06T03:29:00,emp_0061
WF-1990,Procurement,Legal,Approved,2026-06-06T21:29:00,emp_0055
WF-1991,HR Onboarding,Human Resources,Submitted,2026-06-30T09:31:00,emp_0114
WF-1991,HR Onboarding,Human Resources,Under Review,2026-06-30T12:31:00,emp_0169
WF-1991,HR Onboarding,Human Resources,Manager Approval,2026-07-01T02:31:00,emp_0017
WF-1991,HR Onboarding,Human Resources,Compliance Check,2026-07-02T19:31:00,emp_0074
WF-1991,HR Onboarding,Human Resources,Rejected,2026-07-04T10:31:00,emp_0053
WF-1992,IT Service Request,Finance,Submitted,2026-06-24T19:24:00,emp_0042
WF-1992,IT Service Request,Finance,Under Review,2026-06-25T18:24:00,emp_0028
WF-1992,IT Service Request,Finance,Manager Approval,2026-06-27T13:24:00,emp_0044
WF-1992,IT Service Request,Finance,Compliance Check,2026-06-27T16:24:00,emp_0099
WF-1992,IT Service Request,Finance,Rejected,2026-06-28T19:24:00,emp_0091
WF-1993,HR Onboarding,IT,Submitted,2026-06-29T14:58:00,emp_0045
WF-1993,HR Onboarding,IT,Under Review,2026-07-01T13:58:00,emp_0125
WF-1993,HR Onboarding,IT,Manager Approval,2026-07-03T00:58:00,emp_0012
WF-1993,HR Onboarding,IT,Approved,2026-07-03T12:58:00,emp_0151
WF-1994,HR Onboarding,Legal,Submitted,2026-06-14T15:46:00,emp_0069
WF-1994,HR Onboarding,Legal,Under Review,2026-06-14T23:46:00,emp_0106
WF-1994,HR Onboarding,Legal,Manager Approval,2026-06-15T14:46:00,emp_0029
WF-1994,HR Onboarding,Legal,Compliance Check,2026-06-17T00:46:00,emp_0090
WF-1994,HR Onboarding,Legal,Rejected,2026-06-17T08:46:00,emp_0190
WF-1995,HR Onboarding,Operations,Submitted,2026-06-19T15:16:00,emp_0068
WF-1995,HR Onboarding,Operations,Under Review,2026-06-20T22:16:00,emp_0088
WF-1995,HR Onboarding,Operations,Manager Approval,2026-06-20T23:16:00,emp_0071
WF-1995,HR Onboarding,Operations,Approved,2026-06-21T17:16:00,emp_0055
WF-1996,HR Onboarding,Supply Chain,Submitted,2026-06-13T04:02:00,emp_0074
WF-1996,HR Onboarding,Supply Chain,Under Review,2026-06-14T05:02:00,emp_0184
WF-1996,HR Onboarding,Supply Chain,Compliance Check,2026-06-14T09:02:00,emp_0112
WF-1996,HR Onboarding,Supply Chain,Approved,2026-06-15T08:02:00,emp_0076
WF-1997,Procurement,Supply Chain,Submitted,2026-06-24T23:35:00,emp_0106
WF-1997,Procurement,Supply Chain,Under Review,2026-06-25T04:35:00,emp_0011
WF-1997,Procurement,Supply Chain,Manager Approval,2026-06-26T23:35:00,emp_0132
WF-1997,Procurement,Supply Chain,Approved,2026-06-28T05:35:00,emp_0073
WF-1998,Legal Review,Sales,Submitted,2026-07-02T03:02:00,emp_0071
WF-1998,Legal Review,Sales,Under Review,2026-07-03T02:02:00,emp_0005
WF-1998,Legal Review,Sales,Manager Approval,2026-07-04T23:02:00,emp_0090
WF-1998,Legal Review,Sales,Approved,2026-07-06T22:02:00,emp_0135
WF-1999,Procurement,Supply Chain,Submitted,2026-06-07T08:34:00,emp_0087
WF-1999,Procurement,Supply Chain,Under Review,2026-06-07T12:34:00,emp_0170
WF-1999,Procurement,Supply Chain,Manager Approval,2026-06-08T23:34:00,emp_0070
WF-1999,Procurement,Supply Chain,Compliance Check,2026-06-10T17:34:00,emp_0081
WF-1999,Procurement,Supply Chain,Approved,2026-06-12T17:34:00,emp_0196
WF-2000,Legal Review,IT,Submitted,2026-07-01T08:13:00,emp_0019
WF-2000,Legal Review,IT,Under Review,2026-07-02T12:13:00,emp_0015
WF-2000,Legal Review,IT,Compliance Check,2026-07-03T23:13:00,emp_0006
WF-2000,Legal Review,IT,Approved,2026-07-05T08:13:00,emp_0135
WF-2001,Procurement,Operations,Submitted,2026-06-03T02:21:00,emp_0151
WF-2001,Procurement,Operations,Under Review,2026-06-04T11:21:00,emp_0197
WF-2001,Procurement,Operations,Manager Approval,2026-06-05T21:21:00,emp_0107
WF-2001,Procurement,Operations,Compliance Check,2026-06-07T07:21:00,emp_0021
WF-2001,Procurement,Operations,Rejected,2026-06-08T07:21:00,emp_0036
WF-2002,Finance Approval,Sales,Submitted,2026-06-27T07:51:00,emp_0176
WF-2002,Finance Approval,Sales,Under Review,2026-06-28T04:51:00,emp_0176
WF-2002,Finance Approval,Sales,Manager Approval,2026-06-28T22:51:00,emp_0016
WF-2002,Finance Approval,Sales,Compliance Check,2026-06-30T10:51:00,emp_0182
WF-2002,Finance Approval,Sales,Approved,2026-07-02T07:51:00,emp_0066
WF-2003,HR Onboarding,Operations,Submitted,2026-06-05T02:35:00,emp_0119
WF-2003,HR Onboarding,Operations,Under Review,2026-06-07T01:35:00,emp_0133
WF-2003,HR Onboarding,Operations,Manager Approval,2026-06-07T22:35:00,emp_0017
WF-2003,HR Onboarding,Operations,Rejected,2026-06-08T19:35:00,emp_0097
WF-2004,Procurement,Operations,Submitted,2026-06-03T19:34:00,emp_0112
WF-2004,Procurement,Operations,Under Review,2026-06-03T22:34:00,emp_0193
WF-2004,Procurement,Operations,Compliance Check,2026-06-05T17:34:00,emp_0020
WF-2004,Procurement,Operations,Rejected,2026-06-06T00:34:00,emp_0169
WF-2005,Legal Review,IT,Submitted,2026-06-11T23:04:00,emp_0139
WF-2005,Legal Review,IT,Under Review,2026-06-12T15:04:00,emp_0183
WF-2005,Legal Review,IT,Manager Approval,2026-06-13T01:04:00,emp_0060
WF-2005,Legal Review,IT,Compliance Check,2026-06-14T01:04:00,emp_0048
WF-2005,Legal Review,IT,Rejected,2026-06-14T15:04:00,emp_0151
WF-2006,Procurement,Operations,Submitted,2026-06-18T16:19:00,emp_0167
WF-2006,Procurement,Operations,Under Review,2026-06-20T06:19:00,emp_0010
WF-2006,Procurement,Operations,Manager Approval,2026-06-22T00:19:00,emp_0152
WF-2006,Procurement,Operations,Compliance Check,2026-06-22T12:19:00,emp_0027
WF-2006,Procurement,Operations,Approved,2026-06-23T15:19:00,emp_0065
WF-2007,HR Onboarding,Finance,Submitted,2026-07-02T15:29:00,emp_0084
WF-2007,HR Onboarding,Finance,Under Review,2026-07-03T10:29:00,emp_0199
WF-2007,HR Onboarding,Finance,Manager Approval,2026-07-04T19:29:00,emp_0112
WF-2007,HR Onboarding,Finance,Compliance Check,2026-07-05T09:29:00,emp_0123
WF-2007,HR Onboarding,Finance,Rejected,2026-07-06T09:29:00,emp_0131
WF-2008,IT Service Request,Operations,Submitted,2026-06-13T09:56:00,emp_0014
WF-2008,IT Service Request,Operations,Under Review,2026-06-13T14:56:00,emp_0044
WF-2008,IT Service Request,Operations,Manager Approval,2026-06-15T10:56:00,emp_0077
WF-2008,IT Service Request,Operations,Compliance Check,2026-06-16T07:56:00,emp_0027
WF-2008,IT Service Request,Operations,Approved,2026-06-16T08:56:00,emp_0038
WF-2009,Legal Review,IT,Submitted,2026-06-03T23:54:00,emp_0005
WF-2009,Legal Review,IT,Under Review,2026-06-05T22:54:00,emp_0137
WF-2009,Legal Review,IT,Manager Approval,2026-06-07T12:54:00,emp_0006
WF-2009,Legal Review,IT,Compliance Check,2026-06-09T00:54:00,emp_0178
WF-2009,Legal Review,IT,Approved,2026-06-09T03:54:00,emp_0042
WF-2010,IT Service Request,Finance,Submitted,2026-06-11T13:56:00,emp_0153
WF-2010,IT Service Request,Finance,Under Review,2026-06-12T09:56:00,emp_0006
WF-2010,IT Service Request,Finance,Approved,2026-06-13T04:56:00,emp_0120
WF-2011,IT Service Request,Legal,Submitted,2026-06-18T01:16:00,emp_0071
WF-2011,IT Service Request,Legal,Under Review,2026-06-18T20:16:00,emp_0012
WF-2011,IT Service Request,Legal,Manager Approval,2026-06-20T11:16:00,emp_0046
WF-2011,IT Service Request,Legal,Rejected,2026-06-22T04:16:00,emp_0051
WF-2012,Finance Approval,Operations,Submitted,2026-06-23T14:38:00,emp_0091
WF-2012,Finance Approval,Operations,Under Review,2026-06-23T22:38:00,emp_0115
WF-2012,Finance Approval,Operations,Manager Approval,2026-06-24T00:38:00,emp_0054
WF-2012,Finance Approval,Operations,Approved,2026-06-25T17:38:00,emp_0157
WF-2013,Legal Review,Sales,Submitted,2026-06-11T12:41:00,emp_0036
WF-2013,Legal Review,Sales,Under Review,2026-06-12T19:41:00,emp_0115
WF-2013,Legal Review,Sales,Manager Approval,2026-06-14T09:41:00,emp_0046
WF-2013,Legal Review,Sales,Compliance Check,2026-06-14T15:41:00,emp_0063
WF-2013,Legal Review,Sales,Approved,2026-06-15T18:41:00,emp_0069
WF-2014,Finance Approval,Supply Chain,Submitted,2026-06-14T15:14:00,emp_0138
WF-2014,Finance Approval,Supply Chain,Under Review,2026-06-16T07:14:00,emp_0184
WF-2014,Finance Approval,Supply Chain,Manager Approval,2026-06-18T03:14:00,emp_0103
WF-2014,Finance Approval,Supply Chain,Approved,2026-06-19T20:14:00,emp_0004
WF-2015,Legal Review,Operations,Submitted,2026-06-29T07:47:00,emp_0042
WF-2015,Legal Review,Operations,Under Review,2026-06-29T16:47:00,emp_0170
WF-2015,Legal Review,Operations,Manager Approval,2026-06-30T21:47:00,emp_0070
WF-2015,Legal Review,Operations,Rejected,2026-07-01T19:47:00,emp_0178
WF-2016,Procurement,Human Resources,Submitted,2026-06-10T16:42:00,emp_0100
WF-2016,Procurement,Human Resources,Under Review,2026-06-12T07:42:00,emp_0077
WF-2016,Procurement,Human Resources,Manager Approval,2026-06-13T09:42:00,emp_0076
WF-2016,Procurement,Human Resources,Compliance Check,2026-06-14T05:42:00,emp_0154
WF-2016,Procurement,Human Resources,Approved,2026-06-14T19:42:00,emp_0161
WF-2017,Procurement,Finance,Submitted,2026-06-09T13:42:00,emp_0081
WF-2017,Procurement,Finance,Under Review,2026-06-11T01:42:00,emp_0029
WF-2017,Procurement,Finance,Compliance Check,2026-06-11T19:42:00,emp_0066
WF-2017,Procurement,Finance,Rejected,2026-06-12T03:42:00,emp_0004
WF-2018,Finance Approval,Operations,Submitted,2026-06-30T10:26:00,emp_0061
WF-2018,Finance Approval,Operations,Under Review,2026-07-02T00:26:00,emp_0087
WF-2018,Finance Approval,Operations,Manager Approval,2026-07-02T15:26:00,emp_0167
WF-2018,Finance Approval,Operations,Rejected,2026-07-03T20:26:00,emp_0072
WF-2019,Finance Approval,IT,Submitted,2026-06-09T06:03:00,emp_0122
WF-2019,Finance Approval,IT,Under Review,2026-06-09T10:03:00,emp_0048
WF-2019,Finance Approval,IT,Manager Approval,2026-06-11T01:03:00,emp_0078
WF-2019,Finance Approval,IT,Rejected,2026-06-12T12:03:00,emp_0058
WF-2020,Finance Approval,Operations,Submitted,2026-06-04T13:46:00,emp_0186
WF-2020,Finance Approval,Operations,Under Review,2026-06-05T13:46:00,emp_0200
WF-2020,Finance Approval,Operations,Manager Approval,2026-06-06T00:46:00,emp_0109
WF-2020,Finance Approval,Operations,Rejected,2026-06-07T05:46:00,emp_0079
WF-2021,Finance Approval,IT,Submitted,2026-06-11T23:28:00,emp_0053
WF-2021,Finance Approval,IT,Under Review,2026-06-13T06:28:00,emp_0102
WF-2021,Finance Approval,IT,Manager Approval,2026-06-14T17:28:00,emp_0149
WF-2021,Finance Approval,IT,Compliance Check,2026-06-15T05:28:00,emp_0050
WF-2021,Finance Approval,IT,Rejected,2026-06-15T21:28:00,emp_0135
WF-2022,IT Service Request,Sales,Submitted,2026-06-05T19:03:00,emp_0178
WF-2022,IT Service Request,Sales,Under Review,2026-06-07T08:03:00,emp_0175
WF-2022,IT Service Request,Sales,Manager Approval,2026-06-07T12:03:00,emp_0149
WF-2022,IT Service Request,Sales,Approved,2026-06-09T11:03:00,emp_0188
WF-2023,HR Onboarding,IT,Submitted,2026-06-24T17:33:00,emp_0179
WF-2023,HR Onboarding,IT,Under Review,2026-06-25T16:33:00,emp_0133
WF-2023,HR Onboarding,IT,Manager Approval,2026-06-26T18:33:00,emp_0199
WF-2023,HR Onboarding,IT,Approved,2026-06-27T01:33:00,emp_0079
WF-2024,Legal Review,Finance,Submitted,2026-06-11T03:13:00,emp_0063
WF-2024,Legal Review,Finance,Under Review,2026-06-12T09:13:00,emp_0047
WF-2024,Legal Review,Finance,Manager Approval,2026-06-12T19:13:00,emp_0067
WF-2024,Legal Review,Finance,Rejected,2026-06-13T10:13:00,emp_0080
WF-2025,Finance Approval,Operations,Submitted,2026-06-14T18:51:00,emp_0057
WF-2025,Finance Approval,Operations,Under Review,2026-06-16T11:51:00,emp_0118
WF-2025,Finance Approval,Operations,Approved,2026-06-16T20:51:00,emp_0032
WF-2026,HR Onboarding,Human Resources,Submitted,2026-06-19T19:52:00,emp_0132
WF-2026,HR Onboarding,Human Resources,Under Review,2026-06-20T22:52:00,emp_0171
WF-2026,HR Onboarding,Human Resources,Manager Approval,2026-06-21T12:52:00,emp_0194
WF-2026,HR Onboarding,Human Resources,Compliance Check,2026-06-22T14:52:00,emp_0192
WF-2026,HR Onboarding,Human Resources,Rejected,2026-06-24T12:52:00,emp_0064
WF-2027,Legal Review,Finance,Submitted,2026-06-19T13:05:00,emp_0186
WF-2027,Legal Review,Finance,Under Review,2026-06-20T07:05:00,emp_0120
WF-2027,Legal Review,Finance,Manager Approval,2026-06-22T06:05:00,emp_0014
WF-2027,Legal Review,Finance,Compliance Check,2026-06-23T09:05:00,emp_0129
WF-2027,Legal Review,Finance,Rejected,2026-06-24T02:05:00,emp_0022
WF-2028,Procurement,Sales,Submitted,2026-06-11T05:38:00,emp_0070
WF-2028,Procurement,Sales,Under Review,2026-06-13T00:38:00,emp_0081
WF-2028,Procurement,Sales,Manager Approval,2026-06-13T15:38:00,emp_0196
WF-2028,Procurement,Sales,Compliance Check,2026-06-13T19:38:00,emp_0152
WF-2028,Procurement,Sales,Rejected,2026-06-14T16:38:00,emp_0038
WF-2029,IT Service Request,Legal,Submitted,2026-06-16T03:46:00,emp_0196
WF-2029,IT Service Request,Legal,Under Review,2026-06-17T21:46:00,emp_0029
WF-2029,IT Service Request,Legal,Manager Approval,2026-06-18T15:46:00,emp_0011
WF-2029,IT Service Request,Legal,Compliance Check,2026-06-18T21:46:00,emp_0136
WF-2029,IT Service Request,Legal,Approved,2026-06-19T10:46:00,emp_0044
WF-2030,Finance Approval,Legal,Submitted,2026-06-06T14:51:00,emp_0155
WF-2030,Finance Approval,Legal,Under Review,2026-06-08T00:51:00,emp_0076
WF-2030,Finance Approval,Legal,Approved,2026-06-08T04:51:00,emp_0108
WF-2031,Legal Review,Finance,Submitted,2026-06-14T12:02:00,emp_0185
WF-2031,Legal Review,Finance,Under Review,2026-06-15T09:02:00,emp_0016
WF-2031,Legal Review,Finance,Manager Approval,2026-06-16T04:02:00,emp_0002
WF-2031,Legal Review,Finance,Approved,2026-06-18T03:02:00,emp_0045
WF-2032,IT Service Request,IT,Submitted,2026-06-16T16:20:00,emp_0124
WF-2032,IT Service Request,IT,Under Review,2026-06-17T16:20:00,emp_0049
WF-2032,IT Service Request,IT,Manager Approval,2026-06-18T14:20:00,emp_0182
WF-2032,IT Service Request,IT,Rejected,2026-06-19T21:20:00,emp_0194
WF-2033,HR Onboarding,Finance,Submitted,2026-07-03T10:36:00,emp_0072
WF-2033,HR Onboarding,Finance,Under Review,2026-07-04T14:36:00,emp_0114
WF-2033,HR Onboarding,Finance,Manager Approval,2026-07-04T15:36:00,emp_0124
WF-2033,HR Onboarding,Finance,Compliance Check,2026-07-05T00:36:00,emp_0055
WF-2033,HR Onboarding,Finance,Rejected,2026-07-05T17:36:00,emp_0147
WF-2034,HR Onboarding,Operations,Submitted,2026-06-09T16:13:00,emp_0182
WF-2034,HR Onboarding,Operations,Under Review,2026-06-10T09:13:00,emp_0056
WF-2034,HR Onboarding,Operations,Manager Approval,2026-06-11T05:13:00,emp_0095
WF-2034,HR Onboarding,Operations,Rejected,2026-06-11T21:13:00,emp_0096
WF-2035,Legal Review,Supply Chain,Submitted,2026-06-30T10:57:00,emp_0065
WF-2035,Legal Review,Supply Chain,Under Review,2026-07-01T05:57:00,emp_0185
WF-2035,Legal Review,Supply Chain,Manager Approval,2026-07-03T01:57:00,emp_0007
WF-2035,Legal Review,Supply Chain,Compliance Check,2026-07-03T22:57:00,emp_0174
WF-2035,Legal Review,Supply Chain,Rejected,2026-07-05T21:57:00,emp_0039
WF-2036,Procurement,Finance,Submitted,2026-06-23T19:05:00,emp_0128
WF-2036,Procurement,Finance,Under Review,2026-06-25T18:05:00,emp_0074
WF-2036,Procurement,Finance,Manager Approval,2026-06-26T23:05:00,emp_0070
WF-2036,Procurement,Finance,Approved,2026-06-28T19:05:00,emp_0035
WF-2037,HR Onboarding,IT,Submitted,2026-06-22T17:46:00,emp_0093
WF-2037,HR Onboarding,IT,Under Review,2026-06-24T02:46:00,emp_0020
WF-2037,HR Onboarding,IT,Manager Approval,2026-06-25T22:46:00,emp_0039
WF-2037,HR Onboarding,IT,Rejected,2026-06-26T17:46:00,emp_0030
WF-2038,Legal Review,Supply Chain,Submitted,2026-06-29T07:11:00,emp_0077
WF-2038,Legal Review,Supply Chain,Under Review,2026-06-29T22:11:00,emp_0083
WF-2038,Legal Review,Supply Chain,Manager Approval,2026-06-30T10:11:00,emp_0073
WF-2038,Legal Review,Supply Chain,Approved,2026-07-01T01:11:00,emp_0003
WF-2039,HR Onboarding,Sales,Submitted,2026-06-01T06:12:00,emp_0023
WF-2039,HR Onboarding,Sales,Under Review,2026-06-02T00:12:00,emp_0149
WF-2039,HR Onboarding,Sales,Manager Approval,2026-06-03T21:12:00,emp_0038
WF-2039,HR Onboarding,Sales,Rejected,2026-06-04T17:12:00,emp_0157
WF-2040,IT Service Request,IT,Submitted,2026-06-19T10:57:00,emp_0078
WF-2040,IT Service Request,IT,Under Review,2026-06-20T03:57:00,emp_0004
WF-2040,IT Service Request,IT,Approved,2026-06-20T22:57:00,emp_0194
WF-2041,HR Onboarding,Sales,Submitted,2026-06-15T10:39:00,emp_0198
WF-2041,HR Onboarding,Sales,Under Review,2026-06-16T06:39:00,emp_0004
WF-2041,HR Onboarding,Sales,Manager Approval,2026-06-16T14:39:00,emp_0155
WF-2041,HR Onboarding,Sales,Compliance Check,2026-06-18T13:39:00,emp_0042
WF-2041,HR Onboarding,Sales,Approved,2026-06-18T15:39:00,emp_0123
WF-2042,Legal Review,Operations,Submitted,2026-06-23T15:31:00,emp_0074
WF-2042,Legal Review,Operations,Under Review,2026-06-25T11:31:00,emp_0120
WF-2042,Legal Review,Operations,Manager Approval,2026-06-25T23:31:00,emp_0086
WF-2042,Legal Review,Operations,Compliance Check,2026-06-26T04:31:00,emp_0061
WF-2042,Legal Review,Operations,Rejected,2026-06-27T02:31:00,emp_0041
WF-2043,IT Service Request,IT,Submitted,2026-06-16T03:24:00,emp_0122
WF-2043,IT Service Request,IT,Under Review,2026-06-17T14:24:00,emp_0050
WF-2043,IT Service Request,IT,Manager Approval,2026-06-19T00:24:00,emp_0144
WF-2043,IT Service Request,IT,Compliance Check,2026-06-20T08:24:00,emp_0187
WF-2043,IT Service Request,IT,Rejected,2026-06-21T19:24:00,emp_0167
WF-2044,IT Service Request,Finance,Submitted,2026-06-25T00:19:00,emp_0134
WF-2044,IT Service Request,Finance,Under Review,2026-06-25T22:19:00,emp_0145
WF-2044,IT Service Request,Finance,Manager Approval,2026-06-26T01:19:00,emp_0060
WF-2044,IT Service Request,Finance,Compliance Check,2026-06-27T08:19:00,emp_0045
WF-2044,IT Service Request,Finance,Approved,2026-06-29T01:19:00,emp_0048
WF-2045,Finance Approval,Sales,Submitted,2026-06-19T10:06:00,emp_0144
WF-2045,Finance Approval,Sales,Under Review,2026-06-20T14:06:00,emp_0069
WF-2045,Finance Approval,Sales,Manager Approval,2026-06-21T12:06:00,emp_0179
WF-2045,Finance Approval,Sales,Rejected,2026-06-21T21:06:00,emp_0095
WF-2046,IT Service Request,Human Resources,Submitted,2026-06-08T02:04:00,emp_0183
WF-2046,IT Service Request,Human Resources,Under Review,2026-06-09T03:04:00,emp_0056
WF-2046,IT Service Request,Human Resources,Manager Approval,2026-06-10T16:04:00,emp_0012
WF-2046,IT Service Request,Human Resources,Approved,2026-06-11T02:04:00,emp_0194
WF-2047,Procurement,Sales,Submitted,2026-06-17T08:06:00,emp_0140
WF-2047,Procurement,Sales,Under Review,2026-06-19T02:06:00,emp_0024
WF-2047,Procurement,Sales,Manager Approval,2026-06-20T01:06:00,emp_0192
WF-2047,Procurement,Sales,Compliance Check,2026-06-21T21:06:00,emp_0024
WF-2047,Procurement,Sales,Approved,2026-06-23T11:06:00,emp_0146
WF-2048,Procurement,Human Resources,Submitted,2026-06-27T23:21:00,emp_0058
WF-2048,Procurement,Human Resources,Under Review,2026-06-29T05:21:00,emp_0041
WF-2048,Procurement,Human Resources,Manager Approval,2026-07-01T03:21:00,emp_0030
WF-2048,Procurement,Human Resources,Compliance Check,2026-07-01T10:21:00,emp_0022
WF-2048,Procurement,Human Resources,Rejected,2026-07-02T20:21:00,emp_0144
WF-2049,HR Onboarding,Finance,Submitted,2026-07-01T08:57:00,emp_0176
WF-2049,HR Onboarding,Finance,Under Review,2026-07-02T10:57:00,emp_0086
WF-2049,HR Onboarding,Finance,Manager Approval,2026-07-03T21:57:00,emp_0063
WF-2049,HR Onboarding,Finance,Approved,2026-07-05T05:57:00,emp_0076
WF-2050,Procurement,Finance,Submitted,2026-06-09T09:36:00,emp_0110
WF-2050,Procurement,Finance,Under Review,2026-06-10T11:36:00,emp_0004
WF-2050,Procurement,Finance,Manager Approval,2026-06-11T20:36:00,emp_0144
WF-2050,Procurement,Finance,Compliance Check,2026-06-12T07:36:00,emp_0038
WF-2050,Procurement,Finance,Approved,2026-06-13T10:36:00,emp_0082
WF-2051,Finance Approval,Supply Chain,Submitted,2026-06-09T05:04:00,emp_0150
WF-2051,Finance Approval,Supply Chain,Under Review,2026-06-11T05:04:00,emp_0025
WF-2051,Finance Approval,Supply Chain,Manager Approval,2026-06-12T22:04:00,emp_0001
WF-2051,Finance Approval,Supply Chain,Compliance Check,2026-06-14T02:04:00,emp_0034
WF-2051,Finance Approval,Supply Chain,Approved,2026-06-14T06:04:00,emp_0050
WF-2052,IT Service Request,Supply Chain,Submitted,2026-06-14T17:07:00,emp_0144
WF-2052,IT Service Request,Supply Chain,Under Review,2026-06-16T17:07:00,emp_0013
WF-2052,IT Service Request,Supply Chain,Compliance Check,2026-06-18T01:07:00,emp_0176
WF-2052,IT Service Request,Supply Chain,Approved,2026-06-19T20:07:00,emp_0056
WF-2053,HR Onboarding,Legal,Submitted,2026-06-13T03:12:00,emp_0075
WF-2053,HR Onboarding,Legal,Under Review,2026-06-14T13:12:00,emp_0060
WF-2053,HR Onboarding,Legal,Manager Approval,2026-06-16T08:12:00,emp_0067
WF-2053,HR Onboarding,Legal,Rejected,2026-06-17T16:12:00,emp_0104
WF-2054,Finance Approval,Finance,Submitted,2026-06-13T02:27:00,emp_0064
WF-2054,Finance Approval,Finance,Under Review,2026-06-14T07:27:00,emp_0091
WF-2054,Finance Approval,Finance,Compliance Check,2026-06-14T11:27:00,emp_0098
WF-2054,Finance Approval,Finance,Rejected,2026-06-15T12:27:00,emp_0189
WF-2055,HR Onboarding,Operations,Submitted,2026-06-06T06:34:00,emp_0139
WF-2055,HR Onboarding,Operations,Under Review,2026-06-07T13:34:00,emp_0177
WF-2055,HR Onboarding,Operations,Manager Approval,2026-06-09T00:34:00,emp_0105
WF-2055,HR Onboarding,Operations,Compliance Check,2026-06-10T12:34:00,emp_0187
WF-2055,HR Onboarding,Operations,Approved,2026-06-11T19:34:00,emp_0085
WF-2056,Finance Approval,Supply Chain,Submitted,2026-06-10T23:36:00,emp_0135
WF-2056,Finance Approval,Supply Chain,Under Review,2026-06-12T12:36:00,emp_0055
WF-2056,Finance Approval,Supply Chain,Manager Approval,2026-06-13T06:36:00,emp_0140
WF-2056,Finance Approval,Supply Chain,Compliance Check,2026-06-13T17:36:00,emp_0045
WF-2056,Finance Approval,Supply Chain,Approved,2026-06-15T06:36:00,emp_0112
WF-2057,IT Service Request,Supply Chain,Submitted,2026-06-14T06:13:00,emp_0033
WF-2057,IT Service Request,Supply Chain,Under Review,2026-06-15T09:13:00,emp_0187
WF-2057,IT Service Request,Supply Chain,Compliance Check,2026-06-15T16:13:00,emp_0060
WF-2057,IT Service Request,Supply Chain,Approved,2026-06-16T12:13:00,emp_0126
WF-2058,Legal Review,Finance,Submitted,2026-06-13T13:06:00,emp_0037
WF-2058,Legal Review,Finance,Under Review,2026-06-13T19:06:00,emp_0142
WF-2058,Legal Review,Finance,Manager Approval,2026-06-14T01:06:00,emp_0164
WF-2058,Legal Review,Finance,Compliance Check,2026-06-16T00:06:00,emp_0101
WF-2058,Legal Review,Finance,Approved,2026-06-17T23:06:00,emp_0039
WF-2059,Legal Review,Finance,Submitted,2026-06-16T13:03:00,emp_0067
WF-2059,Legal Review,Finance,Under Review,2026-06-18T03:03:00,emp_0121
WF-2059,Legal Review,Finance,Manager Approval,2026-06-18T13:03:00,emp_0031
WF-2059,Legal Review,Finance,Rejected,2026-06-19T14:03:00,emp_0183
WF-2060,Procurement,Human Resources,Submitted,2026-06-26T04:27:00,emp_0154
WF-2060,Procurement,Human Resources,Under Review,2026-06-26T12:27:00,emp_0051
WF-2060,Procurement,Human Resources,Manager Approval,2026-06-27T18:27:00,emp_0124
WF-2060,Procurement,Human Resources,Rejected,2026-06-28T15:27:00,emp_0147
WF-2061,HR Onboarding,IT,Submitted,2026-06-04T03:56:00,emp_0172
WF-2061,HR Onboarding,IT,Under Review,2026-06-05T21:56:00,emp_0090
WF-2061,HR Onboarding,IT,Manager Approval,2026-06-06T13:56:00,emp_0103
WF-2061,HR Onboarding,IT,Compliance Check,2026-06-06T20:56:00,emp_0036
WF-2061,HR Onboarding,IT,Approved,2026-06-08T18:56:00,emp_0109
WF-2062,Finance Approval,IT,Submitted,2026-06-20T09:54:00,emp_0041
WF-2062,Finance Approval,IT,Under Review,2026-06-20T16:54:00,emp_0167
WF-2062,Finance Approval,IT,Manager Approval,2026-06-21T16:54:00,emp_0055
WF-2062,Finance Approval,IT,Approved,2026-06-22T16:54:00,emp_0085
WF-2063,Legal Review,Human Resources,Submitted,2026-06-07T03:10:00,emp_0014
WF-2063,Legal Review,Human Resources,Under Review,2026-06-08T10:10:00,emp_0079
WF-2063,Legal Review,Human Resources,Manager Approval,2026-06-08T11:10:00,emp_0176
WF-2063,Legal Review,Human Resources,Approved,2026-06-10T07:10:00,emp_0135
WF-2064,IT Service Request,Supply Chain,Submitted,2026-06-12T22:53:00,emp_0053
WF-2064,IT Service Request,Supply Chain,Under Review,2026-06-13T20:53:00,emp_0131
WF-2064,IT Service Request,Supply Chain,Manager Approval,2026-06-15T07:53:00,emp_0111
WF-2064,IT Service Request,Supply Chain,Rejected,2026-06-16T09:53:00,emp_0039
WF-2065,Legal Review,Finance,Submitted,2026-06-21T04:23:00,emp_0148
WF-2065,Legal Review,Finance,Under Review,2026-06-22T22:23:00,emp_0120
WF-2065,Legal Review,Finance,Manager Approval,2026-06-23T00:23:00,emp_0166
WF-2065,Legal Review,Finance,Approved,2026-06-23T21:23:00,emp_0053
WF-2066,Procurement,Operations,Submitted,2026-06-04T03:56:00,emp_0013
WF-2066,Procurement,Operations,Under Review,2026-06-06T02:56:00,emp_0185
WF-2066,Procurement,Operations,Compliance Check,2026-06-07T12:56:00,emp_0105
WF-2066,Procurement,Operations,Rejected,2026-06-07T20:56:00,emp_0187
WF-2067,Legal Review,Human Resources,Submitted,2026-06-25T23:15:00,emp_0042
WF-2067,Legal Review,Human Resources,Under Review,2026-06-27T20:15:00,emp_0185
WF-2067,Legal Review,Human Resources,Manager Approval,2026-06-29T12:15:00,emp_0189
WF-2067,Legal Review,Human Resources,Rejected,2026-06-29T22:15:00,emp_0128
WF-2068,Procurement,Legal,Submitted,2026-06-08T11:26:00,emp_0062
WF-2068,Procurement,Legal,Under Review,2026-06-08T23:26:00,emp_0158
WF-2068,Procurement,Legal,Manager Approval,2026-06-10T11:26:00,emp_0004
WF-2068,Procurement,Legal,Approved,2026-06-11T13:26:00,emp_0038
WF-2069,Procurement,Sales,Submitted,2026-06-02T14:00:00,emp_0153
WF-2069,Procurement,Sales,Under Review,2026-06-03T03:00:00,emp_0012
WF-2069,Procurement,Sales,Rejected,2026-06-04T19:00:00,emp_0100
WF-2070,Legal Review,Finance,Submitted,2026-06-19T05:11:00,emp_0070
WF-2070,Legal Review,Finance,Under Review,2026-06-19T23:11:00,emp_0193
WF-2070,Legal Review,Finance,Manager Approval,2026-06-20T06:11:00,emp_0020
WF-2070,Legal Review,Finance,Compliance Check,2026-06-21T19:11:00,emp_0070
WF-2070,Legal Review,Finance,Approved,2026-06-21T21:11:00,emp_0096
WF-2071,IT Service Request,IT,Submitted,2026-06-28T15:43:00,emp_0139
WF-2071,IT Service Request,IT,Under Review,2026-06-29T02:43:00,emp_0162
WF-2071,IT Service Request,IT,Approved,2026-06-30T07:43:00,emp_0132
WF-2072,Procurement,Legal,Submitted,2026-06-06T00:41:00,emp_0111
WF-2072,Procurement,Legal,Under Review,2026-06-07T07:41:00,emp_0182
WF-2072,Procurement,Legal,Manager Approval,2026-06-07T14:41:00,emp_0080
WF-2072,Procurement,Legal,Compliance Check,2026-06-08T00:41:00,emp_0118
WF-2072,Procurement,Legal,Rejected,2026-06-08T16:41:00,emp_0168
WF-2073,Procurement,Supply Chain,Submitted,2026-06-15T00:34:00,emp_0077
WF-2073,Procurement,Supply Chain,Under Review,2026-06-15T04:34:00,emp_0049
WF-2073,Procurement,Supply Chain,Manager Approval,2026-06-15T21:34:00,emp_0126
WF-2073,Procurement,Supply Chain,Compliance Check,2026-06-16T02:34:00,emp_0031
WF-2073,Procurement,Supply Chain,Approved,2026-06-17T17:34:00,emp_0136
WF-2074,Legal Review,Legal,Submitted,2026-06-27T00:05:00,emp_0182
WF-2074,Legal Review,Legal,Under Review,2026-06-28T12:05:00,emp_0138
WF-2074,Legal Review,Legal,Manager Approval,2026-06-29T02:05:00,emp_0199
WF-2074,Legal Review,Legal,Approved,2026-06-29T15:05:00,emp_0148
WF-2075,HR Onboarding,Human Resources,Submitted,2026-06-23T15:07:00,emp_0139
WF-2075,HR Onboarding,Human Resources,Under Review,2026-06-24T03:07:00,emp_0160
WF-2075,HR Onboarding,Human Resources,Manager Approval,2026-06-24T20:07:00,emp_0154
WF-2075,HR Onboarding,Human Resources,Approved,2026-06-25T12:07:00,emp_0002
WF-2076,Finance Approval,Legal,Submitted,2026-06-05T22:25:00,emp_0122
WF-2076,Finance Approval,Legal,Under Review,2026-06-07T16:25:00,emp_0084
WF-2076,Finance Approval,Legal,Rejected,2026-06-08T16:25:00,emp_0081
WF-2077,Legal Review,Operations,Submitted,2026-06-20T18:52:00,emp_0098
WF-2077,Legal Review,Operations,Under Review,2026-06-22T03:52:00,emp_0147
WF-2077,Legal Review,Operations,Manager Approval,2026-06-23T19:52:00,emp_0083
WF-2077,Legal Review,Operations,Rejected,2026-06-24T12:52:00,emp_0200
WF-2078,Legal Review,Sales,Submitted,2026-06-23T11:13:00,emp_0027
WF-2078,Legal Review,Sales,Under Review,2026-06-24T02:13:00,emp_0079
WF-2078,Legal Review,Sales,Compliance Check,2026-06-24T14:13:00,emp_0189
WF-2078,Legal Review,Sales,Rejected,2026-06-25T14:13:00,emp_0012
WF-2079,Procurement,Finance,Submitted,2026-06-12T19:46:00,emp_0033
WF-2079,Procurement,Finance,Under Review,2026-06-13T07:46:00,emp_0051
WF-2079,Procurement,Finance,Manager Approval,2026-06-14T05:46:00,emp_0184
WF-2079,Procurement,Finance,Approved,2026-06-15T02:46:00,emp_0167
WF-2080,Procurement,Sales,Submitted,2026-06-28T09:52:00,emp_0104
WF-2080,Procurement,Sales,Under Review,2026-06-28T11:52:00,emp_0198
WF-2080,Procurement,Sales,Manager Approval,2026-06-30T00:52:00,emp_0050
WF-2080,Procurement,Sales,Compliance Check,2026-07-01T04:52:00,emp_0051
WF-2080,Procurement,Sales,Rejected,2026-07-01T07:52:00,emp_0072
WF-2081,Legal Review,Supply Chain,Submitted,2026-06-19T01:29:00,emp_0147
WF-2081,Legal Review,Supply Chain,Under Review,2026-06-20T05:29:00,emp_0042
WF-2081,Legal Review,Supply Chain,Approved,2026-06-22T04:29:00,emp_0159
WF-2082,Procurement,Human Resources,Submitted,2026-06-15T16:05:00,emp_0156
WF-2082,Procurement,Human Resources,Under Review,2026-06-17T00:05:00,emp_0009
WF-2082,Procurement,Human Resources,Compliance Check,2026-06-17T13:05:00,emp_0022
WF-2082,Procurement,Human Resources,Rejected,2026-06-17T14:05:00,emp_0132
WF-2083,HR Onboarding,Operations,Submitted,2026-06-15T03:11:00,emp_0045
WF-2083,HR Onboarding,Operations,Under Review,2026-06-15T14:11:00,emp_0108
WF-2083,HR Onboarding,Operations,Manager Approval,2026-06-16T04:11:00,emp_0026
WF-2083,HR Onboarding,Operations,Rejected,2026-06-16T05:11:00,emp_0135
WF-2084,Legal Review,Operations,Submitted,2026-07-01T13:33:00,emp_0142
WF-2084,Legal Review,Operations,Under Review,2026-07-02T07:33:00,emp_0077
WF-2084,Legal Review,Operations,Manager Approval,2026-07-03T05:33:00,emp_0185
WF-2084,Legal Review,Operations,Compliance Check,2026-07-04T18:33:00,emp_0046
WF-2084,Legal Review,Operations,Approved,2026-07-05T19:33:00,emp_0034
WF-2085,IT Service Request,Operations,Submitted,2026-07-02T23:50:00,emp_0151
WF-2085,IT Service Request,Operations,Under Review,2026-07-03T04:50:00,emp_0105
WF-2085,IT Service Request,Operations,Manager Approval,2026-07-04T12:50:00,emp_0060
WF-2085,IT Service Request,Operations,Compliance Check,2026-07-06T04:50:00,emp_0158
WF-2085,IT Service Request,Operations,Rejected,2026-07-06T08:50:00,emp_0135
WF-2086,Finance Approval,IT,Submitted,2026-06-04T08:14:00,emp_0054
WF-2086,Finance Approval,IT,Under Review,2026-06-05T07:14:00,emp_0070
WF-2086,Finance Approval,IT,Manager Approval,2026-06-05T17:14:00,emp_0171
WF-2086,Finance Approval,IT,Rejected,2026-06-06T12:14:00,emp_0175
WF-2087,Legal Review,Finance,Submitted,2026-06-10T14:03:00,emp_0063
WF-2087,Legal Review,Finance,Under Review,2026-06-12T04:03:00,emp_0174
WF-2087,Legal Review,Finance,Manager Approval,2026-06-13T17:03:00,emp_0175
WF-2087,Legal Review,Finance,Approved,2026-06-14T00:03:00,emp_0078
WF-2088,IT Service Request,Finance,Submitted,2026-06-13T18:05:00,emp_0164
WF-2088,IT Service Request,Finance,Under Review,2026-06-14T22:05:00,emp_0122
WF-2088,IT Service Request,Finance,Compliance Check,2026-06-15T19:05:00,emp_0073
WF-2088,IT Service Request,Finance,Rejected,2026-06-17T06:05:00,emp_0133
WF-2089,Finance Approval,IT,Submitted,2026-06-26T11:44:00,emp_0027
WF-2089,Finance Approval,IT,Under Review,2026-06-27T20:44:00,emp_0057
WF-2089,Finance Approval,IT,Manager Approval,2026-06-29T12:44:00,emp_0033
WF-2089,Finance Approval,IT,Compliance Check,2026-07-01T02:44:00,emp_0010
WF-2089,Finance Approval,IT,Rejected,2026-07-02T02:44:00,emp_0016
WF-2090,IT Service Request,Sales,Submitted,2026-06-06T15:20:00,emp_0198
WF-2090,IT Service Request,Sales,Under Review,2026-06-07T00:20:00,emp_0025
WF-2090,IT Service Request,Sales,Manager Approval,2026-06-08T14:20:00,emp_0114
WF-2090,IT Service Request,Sales,Compliance Check,2026-06-08T16:20:00,emp_0004
WF-2090,IT Service Request,Sales,Rejected,2026-06-08T20:20:00,emp_0126
WF-2091,IT Service Request,Human Resources,Submitted,2026-06-19T23:21:00,emp_0066
WF-2091,IT Service Request,Human Resources,Under Review,2026-06-20T16:21:00,emp_0156
WF-2091,IT Service Request,Human Resources,Manager Approval,2026-06-21T03:21:00,emp_0184
WF-2091,IT Service Request,Human Resources,Rejected,2026-06-21T21:21:00,emp_0087
WF-2092,Finance Approval,IT,Submitted,2026-06-06T04:20:00,emp_0011
WF-2092,Finance Approval,IT,Under Review,2026-06-06T16:20:00,emp_0089
WF-2092,Finance Approval,IT,Manager Approval,2026-06-08T08:20:00,emp_0197
WF-2092,Finance Approval,IT,Compliance Check,2026-06-08T23:20:00,emp_0164
WF-2092,Finance Approval,IT,Rejected,2026-06-10T01:20:00,emp_0058
WF-2093,IT Service Request,IT,Submitted,2026-06-19T17:30:00,emp_0167
WF-2093,IT Service Request,IT,Under Review,2026-06-21T13:30:00,emp_0197
WF-2093,IT Service Request,IT,Manager Approval,2026-06-22T16:30:00,emp_0022
WF-2093,IT Service Request,IT,Compliance Check,2026-06-24T06:30:00,emp_0054
WF-2093,IT Service Request,IT,Approved,2026-06-25T06:30:00,emp_0082
WF-2094,IT Service Request,Operations,Submitted,2026-06-17T01:36:00,emp_0038
WF-2094,IT Service Request,Operations,Under Review,2026-06-19T00:36:00,emp_0184
WF-2094,IT Service Request,Operations,Manager Approval,2026-06-19T01:36:00,emp_0075
WF-2094,IT Service Request,Operations,Compliance Check,2026-06-19T10:36:00,emp_0160
WF-2094,IT Service Request,Operations,Rejected,2026-06-20T01:36:00,emp_0042
WF-2095,Procurement,Supply Chain,Submitted,2026-06-14T00:02:00,emp_0106
WF-2095,Procurement,Supply Chain,Under Review,2026-06-15T18:02:00,emp_0194
WF-2095,Procurement,Supply Chain,Manager Approval,2026-06-15T23:02:00,emp_0099
WF-2095,Procurement,Supply Chain,Approved,2026-06-16T14:02:00,emp_0048
WF-2096,Procurement,Human Resources,Submitted,2026-06-04T00:59:00,emp_0155
WF-2096,Procurement,Human Resources,Under Review,2026-06-04T11:59:00,emp_0019
WF-2096,Procurement,Human Resources,Manager Approval,2026-06-05T19:59:00,emp_0096
WF-2096,Procurement,Human Resources,Rejected,2026-06-06T10:59:00,emp_0189
WF-2097,Legal Review,Operations,Submitted,2026-06-14T23:45:00,emp_0046
WF-2097,Legal Review,Operations,Under Review,2026-06-15T06:45:00,emp_0061
WF-2097,Legal Review,Operations,Manager Approval,2026-06-15T19:45:00,emp_0055
WF-2097,Legal Review,Operations,Compliance Check,2026-06-17T19:45:00,emp_0116
WF-2097,Legal Review,Operations,Rejected,2026-06-18T19:45:00,emp_0073
WF-2098,IT Service Request,IT,Submitted,2026-06-25T21:52:00,emp_0121
WF-2098,IT Service Request,IT,Under Review,2026-06-27T00:52:00,emp_0076
WF-2098,IT Service Request,IT,Manager Approval,2026-06-28T06:52:00,emp_0176
WF-2098,IT Service Request,IT,Compliance Check,2026-06-29T10:52:00,emp_0138
WF-2098,IT Service Request,IT,Approved,2026-06-30T11:52:00,emp_0087
WF-2099,HR Onboarding,Finance,Submitted,2026-06-06T10:18:00,emp_0147
WF-2099,HR Onboarding,Finance,Under Review,2026-06-06T18:18:00,emp_0148
WF-2099,HR Onboarding,Finance,Manager Approval,2026-06-06T22:18:00,emp_0142
WF-2099,HR Onboarding,Finance,Approved,2026-06-07T08:18:00,emp_0158
WF-2100,Finance Approval,Finance,Submitted,2026-06-25T06:33:00,emp_0006
WF-2100,Finance Approval,Finance,Under Review,2026-06-26T22:33:00,emp_0057
WF-2100,Finance Approval,Finance,Manager Approval,2026-06-27T15:33:00,emp_0187
WF-2100,Finance Approval,Finance,Compliance Check,2026-06-28T07:33:00,emp_0106
WF-2100,Finance Approval,Finance,Approved,2026-06-28T22:33:00,emp_0188
WF-2101,Finance Approval,Sales,Submitted,2026-06-29T18:08:00,emp_0089
WF-2101,Finance Approval,Sales,Under Review,2026-06-30T16:08:00,emp_0077
WF-2101,Finance Approval,Sales,Manager Approval,2026-07-01T04:08:00,emp_0007
WF-2101,Finance Approval,Sales,Approved,2026-07-02T01:08:00,emp_0124
WF-2102,HR Onboarding,Operations,Submitted,2026-06-18T03:29:00,emp_0156
WF-2102,HR Onboarding,Operations,Under Review,2026-06-18T22:29:00,emp_0035
WF-2102,HR Onboarding,Operations,Manager Approval,2026-06-19T20:29:00,emp_0071
WF-2102,HR Onboarding,Operations,Compliance Check,2026-06-20T07:29:00,emp_0047
WF-2102,HR Onboarding,Operations,Rejected,2026-06-21T09:29:00,emp_0058
WF-2103,Legal Review,Human Resources,Submitted,2026-06-03T13:54:00,emp_0161
WF-2103,Legal Review,Human Resources,Under Review,2026-06-05T12:54:00,emp_0191
WF-2103,Legal Review,Human Resources,Manager Approval,2026-06-07T07:54:00,emp_0080
WF-2103,Legal Review,Human Resources,Compliance Check,2026-06-07T11:54:00,emp_0008
WF-2103,Legal Review,Human Resources,Approved,2026-06-08T22:54:00,emp_0100
WF-2104,HR Onboarding,Operations,Submitted,2026-06-08T17:27:00,emp_0088
WF-2104,HR Onboarding,Operations,Under Review,2026-06-10T07:27:00,emp_0121
WF-2104,HR Onboarding,Operations,Manager Approval,2026-06-10T08:27:00,emp_0187
WF-2104,HR Onboarding,Operations,Approved,2026-06-11T08:27:00,emp_0029
WF-2105,Legal Review,Operations,Submitted,2026-06-16T01:23:00,emp_0179
WF-2105,Legal Review,Operations,Under Review,2026-06-17T16:23:00,emp_0109
WF-2105,Legal Review,Operations,Manager Approval,2026-06-17T19:23:00,emp_0171
WF-2105,Legal Review,Operations,Approved,2026-06-18T06:23:00,emp_0128
WF-2106,Procurement,IT,Submitted,2026-06-26T00:45:00,emp_0146
WF-2106,Procurement,IT,Under Review,2026-06-26T23:45:00,emp_0109
WF-2106,Procurement,IT,Manager Approval,2026-06-27T06:45:00,emp_0074
WF-2106,Procurement,IT,Compliance Check,2026-06-28T13:45:00,emp_0087
WF-2106,Procurement,IT,Approved,2026-06-28T15:45:00,emp_0177
WF-2107,IT Service Request,Finance,Submitted,2026-06-06T09:25:00,emp_0072
WF-2107,IT Service Request,Finance,Under Review,2026-06-06T16:25:00,emp_0138
WF-2107,IT Service Request,Finance,Manager Approval,2026-06-06T18:25:00,emp_0157
WF-2107,IT Service Request,Finance,Rejected,2026-06-07T23:25:00,emp_0074
WF-2108,Legal Review,IT,Submitted,2026-06-19T19:57:00,emp_0004
WF-2108,Legal Review,IT,Under Review,2026-06-21T14:57:00,emp_0194
WF-2108,Legal Review,IT,Approved,2026-06-23T03:57:00,emp_0146
WF-2109,Legal Review,Human Resources,Submitted,2026-06-03T12:45:00,emp_0196
WF-2109,Legal Review,Human Resources,Under Review,2026-06-03T15:45:00,emp_0072
WF-2109,Legal Review,Human Resources,Manager Approval,2026-06-05T00:45:00,emp_0048
WF-2109,Legal Review,Human Resources,Rejected,2026-06-05T15:45:00,emp_0151
WF-2110,Legal Review,IT,Submitted,2026-06-15T07:25:00,emp_0191
WF-2110,Legal Review,IT,Under Review,2026-06-16T22:25:00,emp_0188
WF-2110,Legal Review,IT,Manager Approval,2026-06-18T09:25:00,emp_0134
WF-2110,Legal Review,IT,Rejected,2026-06-20T09:25:00,emp_0040
WF-2111,HR Onboarding,Finance,Submitted,2026-06-24T06:09:00,emp_0003
WF-2111,HR Onboarding,Finance,Under Review,2026-06-25T22:09:00,emp_0173
WF-2111,HR Onboarding,Finance,Approved,2026-06-26T00:09:00,emp_0137
WF-2112,IT Service Request,Finance,Submitted,2026-06-25T04:32:00,emp_0186
WF-2112,IT Service Request,Finance,Under Review,2026-06-25T05:32:00,emp_0186
WF-2112,IT Service Request,Finance,Manager Approval,2026-06-27T04:32:00,emp_0103
WF-2112,IT Service Request,Finance,Rejected,2026-06-28T06:32:00,emp_0165
WF-2113,HR Onboarding,Operations,Submitted,2026-06-04T08:57:00,emp_0091
WF-2113,HR Onboarding,Operations,Under Review,2026-06-05T19:57:00,emp_0185
WF-2113,HR Onboarding,Operations,Manager Approval,2026-06-07T01:57:00,emp_0171
WF-2113,HR Onboarding,Operations,Compliance Check,2026-06-08T15:57:00,emp_0171
WF-2113,HR Onboarding,Operations,Rejected,2026-06-09T14:57:00,emp_0147
WF-2114,Legal Review,Supply Chain,Submitted,2026-06-16T06:42:00,emp_0161
WF-2114,Legal Review,Supply Chain,Under Review,2026-06-17T12:42:00,emp_0131
WF-2114,Legal Review,Supply Chain,Manager Approval,2026-06-17T16:42:00,emp_0100
WF-2114,Legal Review,Supply Chain,Compliance Check,2026-06-19T07:42:00,emp_0007
WF-2114,Legal Review,Supply Chain,Approved,2026-06-19T23:42:00,emp_0064
WF-2115,Legal Review,Legal,Submitted,2026-06-16T07:13:00,emp_0159
WF-2115,Legal Review,Legal,Under Review,2026-06-17T09:13:00,emp_0080
WF-2115,Legal Review,Legal,Manager Approval,2026-06-17T18:13:00,emp_0011
WF-2115,Legal Review,Legal,Rejected,2026-06-18T20:13:00,emp_0074
WF-2116,Legal Review,IT,Submitted,2026-06-07T11:14:00,emp_0178
WF-2116,Legal Review,IT,Under Review,2026-06-08T13:14:00,emp_0041
WF-2116,Legal Review,IT,Manager Approval,2026-06-09T19:14:00,emp_0091
WF-2116,Legal Review,IT,Rejected,2026-06-11T01:14:00,emp_0025
WF-2117,Procurement,Finance,Submitted,2026-06-18T06:55:00,emp_0166
WF-2117,Procurement,Finance,Under Review,2026-06-19T12:55:00,emp_0060
WF-2117,Procurement,Finance,Manager Approval,2026-06-20T08:55:00,emp_0197
WF-2117,Procurement,Finance,Approved,2026-06-22T04:55:00,emp_0061
WF-2118,Procurement,Legal,Submitted,2026-06-23T23:18:00,emp_0197
WF-2118,Procurement,Legal,Under Review,2026-06-25T05:18:00,emp_0011
WF-2118,Procurement,Legal,Compliance Check,2026-06-26T10:18:00,emp_0051
WF-2118,Procurement,Legal,Rejected,2026-06-27T23:18:00,emp_0087
WF-2119,IT Service Request,Sales,Submitted,2026-06-21T02:12:00,emp_0181
WF-2119,IT Service Request,Sales,Under Review,2026-06-21T11:12:00,emp_0193
WF-2119,IT Service Request,Sales,Manager Approval,2026-06-22T08:12:00,emp_0124
WF-2119,IT Service Request,Sales,Approved,2026-06-23T19:12:00,emp_0142
WF-2120,Procurement,Supply Chain,Submitted,2026-06-06T20:32:00,emp_0153
WF-2120,Procurement,Supply Chain,Under Review,2026-06-08T03:32:00,emp_0160
WF-2120,Procurement,Supply Chain,Manager Approval,2026-06-08T21:32:00,emp_0181
WF-2120,Procurement,Supply Chain,Rejected,2026-06-09T08:32:00,emp_0014
WF-2121,HR Onboarding,Legal,Submitted,2026-06-15T15:20:00,emp_0129
WF-2121,HR Onboarding,Legal,Under Review,2026-06-16T05:20:00,emp_0142
WF-2121,HR Onboarding,Legal,Manager Approval,2026-06-17T22:20:00,emp_0148
WF-2121,HR Onboarding,Legal,Approved,2026-06-19T08:20:00,emp_0010
WF-2122,Legal Review,Legal,Submitted,2026-06-27T21:27:00,emp_0174
WF-2122,Legal Review,Legal,Under Review,2026-06-29T18:27:00,emp_0180
WF-2122,Legal Review,Legal,Compliance Check,2026-06-30T13:27:00,emp_0197
WF-2122,Legal Review,Legal,Approved,2026-07-01T08:27:00,emp_0070
WF-2123,HR Onboarding,Sales,Submitted,2026-06-13T13:34:00,emp_0031
WF-2123,HR Onboarding,Sales,Under Review,2026-06-14T09:34:00,emp_0066
WF-2123,HR Onboarding,Sales,Manager Approval,2026-06-16T06:34:00,emp_0038
WF-2123,HR Onboarding,Sales,Rejected,2026-06-17T23:34:00,emp_0078
WF-2124,Legal Review,IT,Submitted,2026-06-12T11:34:00,emp_0088
WF-2124,Legal Review,IT,Under Review,2026-06-12T15:34:00,emp_0072
WF-2124,Legal Review,IT,Manager Approval,2026-06-12T16:34:00,emp_0074
WF-2124,Legal Review,IT,Approved,2026-06-13T07:34:00,emp_0179
WF-2125,IT Service Request,Operations,Submitted,2026-06-06T16:39:00,emp_0021
WF-2125,IT Service Request,Operations,Under Review,2026-06-08T10:39:00,emp_0058
WF-2125,IT Service Request,Operations,Approved,2026-06-09T16:39:00,emp_0098
WF-2126,Finance Approval,Sales,Submitted,2026-06-03T05:17:00,emp_0052
WF-2126,Finance Approval,Sales,Under Review,2026-06-03T16:17:00,emp_0035
WF-2126,Finance Approval,Sales,Manager Approval,2026-06-04T22:17:00,emp_0182
WF-2126,Finance Approval,Sales,Compliance Check,2026-06-05T01:17:00,emp_0163
WF-2126,Finance Approval,Sales,Approved,2026-06-06T10:17:00,emp_0095
WF-2127,Finance Approval,Supply Chain,Submitted,2026-06-17T21:11:00,emp_0049
WF-2127,Finance Approval,Supply Chain,Under Review,2026-06-18T03:11:00,emp_0040
WF-2127,Finance Approval,Supply Chain,Manager Approval,2026-06-19T17:11:00,emp_0121
WF-2127,Finance Approval,Supply Chain,Rejected,2026-06-21T03:11:00,emp_0093
WF-2128,Finance Approval,Sales,Submitted,2026-06-26T03:31:00,emp_0029
WF-2128,Finance Approval,Sales,Under Review,2026-06-27T21:31:00,emp_0047
WF-2128,Finance Approval,Sales,Manager Approval,2026-06-28T22:31:00,emp_0183
WF-2128,Finance Approval,Sales,Compliance Check,2026-06-29T13:31:00,emp_0052
WF-2128,Finance Approval,Sales,Rejected,2026-06-29T16:31:00,emp_0127
WF-2129,Finance Approval,Human Resources,Submitted,2026-06-27T10:43:00,emp_0068
WF-2129,Finance Approval,Human Resources,Under Review,2026-06-27T23:43:00,emp_0115
WF-2129,Finance Approval,Human Resources,Manager Approval,2026-06-28T02:43:00,emp_0124
WF-2129,Finance Approval,Human Resources,Compliance Check,2026-06-29T15:43:00,emp_0095
WF-2129,Finance Approval,Human Resources,Approved,2026-06-30T15:43:00,emp_0093
WF-2130,Procurement,Human Resources,Submitted,2026-06-13T01:27:00,emp_0147
WF-2130,Procurement,Human Resources,Under Review,2026-06-13T19:27:00,emp_0152
WF-2130,Procurement,Human Resources,Manager Approval,2026-06-14T08:27:00,emp_0113
WF-2130,Procurement,Human Resources,Compliance Check,2026-06-15T20:27:00,emp_0187
WF-2130,Procurement,Human Resources,Approved,2026-06-16T13:27:00,emp_0168
WF-2131,IT Service Request,Legal,Submitted,2026-06-13T21:23:00,emp_0056
WF-2131,IT Service Request,Legal,Under Review,2026-06-15T02:23:00,emp_0107
WF-2131,IT Service Request,Legal,Approved,2026-06-16T11:23:00,emp_0190
WF-2132,Procurement,Legal,Submitted,2026-06-04T09:07:00,emp_0076
WF-2132,Procurement,Legal,Under Review,2026-06-05T07:07:00,emp_0058
WF-2132,Procurement,Legal,Manager Approval,2026-06-05T14:07:00,emp_0055
WF-2132,Procurement,Legal,Compliance Check,2026-06-05T15:07:00,emp_0168
WF-2132,Procurement,Legal,Approved,2026-06-06T06:07:00,emp_0101
WF-2133,Procurement,Supply Chain,Submitted,2026-06-27T15:26:00,emp_0143
WF-2133,Procurement,Supply Chain,Under Review,2026-06-28T03:26:00,emp_0167
WF-2133,Procurement,Supply Chain,Rejected,2026-06-28T05:26:00,emp_0003
WF-2134,IT Service Request,IT,Submitted,2026-06-25T14:41:00,emp_0110
WF-2134,IT Service Request,IT,Under Review,2026-06-26T19:41:00,emp_0170
WF-2134,IT Service Request,IT,Manager Approval,2026-06-27T18:41:00,emp_0145
WF-2134,IT Service Request,IT,Compliance Check,2026-06-28T14:41:00,emp_0123
WF-2134,IT Service Request,IT,Approved,2026-06-29T21:41:00,emp_0055
WF-2135,HR Onboarding,Supply Chain,Submitted,2026-06-06T09:00:00,emp_0139
WF-2135,HR Onboarding,Supply Chain,Under Review,2026-06-06T11:00:00,emp_0154
WF-2135,HR Onboarding,Supply Chain,Manager Approval,2026-06-06T14:00:00,emp_0141
WF-2135,HR Onboarding,Supply Chain,Compliance Check,2026-06-07T03:00:00,emp_0007
WF-2135,HR Onboarding,Supply Chain,Approved,2026-06-08T10:00:00,emp_0113
WF-2136,Legal Review,Finance,Submitted,2026-06-24T07:47:00,emp_0147
WF-2136,Legal Review,Finance,Under Review,2026-06-24T22:47:00,emp_0017
WF-2136,Legal Review,Finance,Manager Approval,2026-06-25T01:47:00,emp_0090
WF-2136,Legal Review,Finance,Approved,2026-06-25T11:47:00,emp_0056
WF-2137,IT Service Request,Supply Chain,Submitted,2026-06-13T11:22:00,emp_0051
WF-2137,IT Service Request,Supply Chain,Under Review,2026-06-14T03:22:00,emp_0140
WF-2137,IT Service Request,Supply Chain,Manager Approval,2026-06-14T18:22:00,emp_0042
WF-2137,IT Service Request,Supply Chain,Rejected,2026-06-15T03:22:00,emp_0102
WF-2138,HR Onboarding,Finance,Submitted,2026-06-26T19:39:00,emp_0066
WF-2138,HR Onboarding,Finance,Under Review,2026-06-27T09:39:00,emp_0064
WF-2138,HR Onboarding,Finance,Approved,2026-06-28T13:39:00,emp_0106
WF-2139,IT Service Request,Finance,Submitted,2026-06-13T10:09:00,emp_0194
WF-2139,IT Service Request,Finance,Under Review,2026-06-15T06:09:00,emp_0187
WF-2139,IT Service Request,Finance,Manager Approval,2026-06-15T08:09:00,emp_0036
WF-2139,IT Service Request,Finance,Compliance Check,2026-06-15T10:09:00,emp_0190
WF-2139,IT Service Request,Finance,Rejected,2026-06-16T11:09:00,emp_0189
WF-2140,Procurement,Sales,Submitted,2026-07-01T08:27:00,emp_0163
WF-2140,Procurement,Sales,Under Review,2026-07-01T21:27:00,emp_0032
WF-2140,Procurement,Sales,Manager Approval,2026-07-02T00:27:00,emp_0139
WF-2140,Procurement,Sales,Compliance Check,2026-07-03T06:27:00,emp_0178
WF-2140,Procurement,Sales,Rejected,2026-07-04T20:27:00,emp_0037
WF-2141,Procurement,Legal,Submitted,2026-06-03T04:29:00,emp_0131
WF-2141,Procurement,Legal,Under Review,2026-06-03T14:29:00,emp_0059
WF-2141,Procurement,Legal,Manager Approval,2026-06-04T03:29:00,emp_0097
WF-2141,Procurement,Legal,Compliance Check,2026-06-05T20:29:00,emp_0077
WF-2141,Procurement,Legal,Rejected,2026-06-07T10:29:00,emp_0050
WF-2142,Finance Approval,Supply Chain,Submitted,2026-06-09T15:57:00,emp_0154
WF-2142,Finance Approval,Supply Chain,Under Review,2026-06-09T23:57:00,emp_0003
WF-2142,Finance Approval,Supply Chain,Manager Approval,2026-06-11T11:57:00,emp_0015
WF-2142,Finance Approval,Supply Chain,Compliance Check,2026-06-11T23:57:00,emp_0131
WF-2142,Finance Approval,Supply Chain,Approved,2026-06-12T08:57:00,emp_0072
WF-2143,Finance Approval,Human Resources,Submitted,2026-06-29T23:22:00,emp_0116
WF-2143,Finance Approval,Human Resources,Under Review,2026-07-01T15:22:00,emp_0075
WF-2143,Finance Approval,Human Resources,Manager Approval,2026-07-02T12:22:00,emp_0035
WF-2143,Finance Approval,Human Resources,Compliance Check,2026-07-03T11:22:00,emp_0087
WF-2143,Finance Approval,Human Resources,Approved,2026-07-05T01:22:00,emp_0122
WF-2144,HR Onboarding,Human Resources,Submitted,2026-06-20T12:40:00,emp_0075
WF-2144,HR Onboarding,Human Resources,Under Review,2026-06-21T02:40:00,emp_0025
WF-2144,HR Onboarding,Human Resources,Compliance Check,2026-06-21T12:40:00,emp_0006
WF-2144,HR Onboarding,Human Resources,Rejected,2026-06-23T11:40:00,emp_0131
WF-2145,HR Onboarding,Sales,Submitted,2026-06-15T19:37:00,emp_0095
WF-2145,HR Onboarding,Sales,Under Review,2026-06-15T21:37:00,emp_0017
WF-2145,HR Onboarding,Sales,Manager Approval,2026-06-16T10:37:00,emp_0057
WF-2145,HR Onboarding,Sales,Compliance Check,2026-06-17T23:37:00,emp_0036
WF-2145,HR Onboarding,Sales,Approved,2026-06-19T19:37:00,emp_0067
WF-2146,Finance Approval,Finance,Submitted,2026-06-05T16:45:00,emp_0103
WF-2146,Finance Approval,Finance,Under Review,2026-06-05T22:45:00,emp_0080
WF-2146,Finance Approval,Finance,Manager Approval,2026-06-06T09:45:00,emp_0169
WF-2146,Finance Approval,Finance,Compliance Check,2026-06-07T04:45:00,emp_0104
WF-2146,Finance Approval,Finance,Rejected,2026-06-08T14:45:00,emp_0199
WF-2147,Finance Approval,Operations,Submitted,2026-06-27T20:51:00,emp_0032
WF-2147,Finance Approval,Operations,Under Review,2026-06-29T15:51:00,emp_0131
WF-2147,Finance Approval,Operations,Manager Approval,2026-07-01T00:51:00,emp_0082
WF-2147,Finance Approval,Operations,Approved,2026-07-02T11:51:00,emp_0006
WF-2148,Legal Review,IT,Submitted,2026-06-15T11:08:00,emp_0078
WF-2148,Legal Review,IT,Under Review,2026-06-17T10:08:00,emp_0115
WF-2148,Legal Review,IT,Approved,2026-06-19T06:08:00,emp_0088
WF-2149,Procurement,IT,Submitted,2026-06-03T10:34:00,emp_0049
WF-2149,Procurement,IT,Under Review,2026-06-03T23:34:00,emp_0125
WF-2149,Procurement,IT,Compliance Check,2026-06-04T02:34:00,emp_0171
WF-2149,Procurement,IT,Approved,2026-06-05T19:34:00,emp_0058
WF-2150,IT Service Request,IT,Submitted,2026-06-12T20:29:00,emp_0114
WF-2150,IT Service Request,IT,Under Review,2026-06-14T17:29:00,emp_0093
WF-2150,IT Service Request,IT,Manager Approval,2026-06-15T23:29:00,emp_0007
WF-2150,IT Service Request,IT,Compliance Check,2026-06-16T01:29:00,emp_0009
WF-2150,IT Service Request,IT,Rejected,2026-06-17T20:29:00,emp_0144
WF-2151,Procurement,Operations,Submitted,2026-06-12T11:19:00,emp_0017
WF-2151,Procurement,Operations,Under Review,2026-06-13T06:19:00,emp_0093
WF-2151,Procurement,Operations,Manager Approval,2026-06-14T18:19:00,emp_0155
WF-2151,Procurement,Operations,Approved,2026-06-14T20:19:00,emp_0165
WF-2152,Legal Review,Human Resources,Submitted,2026-07-01T21:28:00,emp_0029
WF-2152,Legal Review,Human Resources,Under Review,2026-07-02T21:28:00,emp_0193
WF-2152,Legal Review,Human Resources,Compliance Check,2026-07-04T03:28:00,emp_0056
WF-2152,Legal Review,Human Resources,Rejected,2026-07-04T22:28:00,emp_0130
WF-2153,Procurement,Legal,Submitted,2026-06-04T21:26:00,emp_0193
WF-2153,Procurement,Legal,Under Review,2026-06-06T02:26:00,emp_0081
WF-2153,Procurement,Legal,Manager Approval,2026-06-07T08:26:00,emp_0086
WF-2153,Procurement,Legal,Compliance Check,2026-06-08T13:26:00,emp_0182
WF-2153,Procurement,Legal,Rejected,2026-06-10T10:26:00,emp_0095
WF-2154,IT Service Request,Operations,Submitted,2026-06-03T04:16:00,emp_0153
WF-2154,IT Service Request,Operations,Under Review,2026-06-04T19:16:00,emp_0032
WF-2154,IT Service Request,Operations,Manager Approval,2026-06-06T02:16:00,emp_0028
WF-2154,IT Service Request,Operations,Approved,2026-06-07T01:16:00,emp_0091
WF-2155,IT Service Request,Legal,Submitted,2026-07-01T22:34:00,emp_0026
WF-2155,IT Service Request,Legal,Under Review,2026-07-03T19:34:00,emp_0079
WF-2155,IT Service Request,Legal,Manager Approval,2026-07-05T15:34:00,emp_0076
WF-2155,IT Service Request,Legal,Approved,2026-07-06T15:34:00,emp_0114
WF-2156,IT Service Request,Operations,Submitted,2026-06-08T22:45:00,emp_0102
WF-2156,IT Service Request,Operations,Under Review,2026-06-10T10:45:00,emp_0027
WF-2156,IT Service Request,Operations,Compliance Check,2026-06-11T12:45:00,emp_0054
WF-2156,IT Service Request,Operations,Approved,2026-06-12T16:45:00,emp_0184
WF-2157,HR Onboarding,Sales,Submitted,2026-06-20T02:27:00,emp_0044
WF-2157,HR Onboarding,Sales,Under Review,2026-06-20T19:27:00,emp_0095
WF-2157,HR Onboarding,Sales,Manager Approval,2026-06-21T18:27:00,emp_0089
WF-2157,HR Onboarding,Sales,Compliance Check,2026-06-22T08:27:00,emp_0048
WF-2157,HR Onboarding,Sales,Rejected,2026-06-24T06:27:00,emp_0073
WF-2158,Finance Approval,IT,Submitted,2026-06-06T05:31:00,emp_0009
WF-2158,Finance Approval,IT,Under Review,2026-06-06T19:31:00,emp_0052
WF-2158,Finance Approval,IT,Manager Approval,2026-06-07T21:31:00,emp_0037
WF-2158,Finance Approval,IT,Compliance Check,2026-06-09T20:31:00,emp_0197
WF-2158,Finance Approval,IT,Rejected,2026-06-10T13:31:00,emp_0016
WF-2159,HR Onboarding,Sales,Submitted,2026-06-11T10:46:00,emp_0001
WF-2159,HR Onboarding,Sales,Under Review,2026-06-12T10:46:00,emp_0062
WF-2159,HR Onboarding,Sales,Manager Approval,2026-06-12T19:46:00,emp_0190
WF-2159,HR Onboarding,Sales,Approved,2026-06-13T14:46:00,emp_0032
WF-2160,IT Service Request,Legal,Submitted,2026-06-08T21:43:00,emp_0041
WF-2160,IT Service Request,Legal,Under Review,2026-06-09T14:43:00,emp_0186
WF-2160,IT Service Request,Legal,Manager Approval,2026-06-11T08:43:00,emp_0096
WF-2160,IT Service Request,Legal,Approved,2026-06-12T16:43:00,emp_0097
WF-2161,Procurement,Operations,Submitted,2026-06-30T22:25:00,emp_0050
WF-2161,Procurement,Operations,Under Review,2026-07-01T06:25:00,emp_0193
WF-2161,Procurement,Operations,Manager Approval,2026-07-03T06:25:00,emp_0099
WF-2161,Procurement,Operations,Rejected,2026-07-03T18:25:00,emp_0027
WF-2162,IT Service Request,Operations,Submitted,2026-06-10T02:24:00,emp_0167
WF-2162,IT Service Request,Operations,Under Review,2026-06-10T07:24:00,emp_0046
WF-2162,IT Service Request,Operations,Manager Approval,2026-06-10T20:24:00,emp_0172
WF-2162,IT Service Request,Operations,Rejected,2026-06-12T20:24:00,emp_0006
WF-2163,Procurement,IT,Submitted,2026-06-05T07:54:00,emp_0047
WF-2163,Procurement,IT,Under Review,2026-06-06T16:54:00,emp_0120
WF-2163,Procurement,IT,Manager Approval,2026-06-07T02:54:00,emp_0047
WF-2163,Procurement,IT,Compliance Check,2026-06-08T10:54:00,emp_0138
WF-2163,Procurement,IT,Rejected,2026-06-10T01:54:00,emp_0055
WF-2164,IT Service Request,IT,Submitted,2026-06-21T08:43:00,emp_0187
WF-2164,IT Service Request,IT,Under Review,2026-06-22T04:43:00,emp_0183
WF-2164,IT Service Request,IT,Manager Approval,2026-06-22T21:43:00,emp_0002
WF-2164,IT Service Request,IT,Rejected,2026-06-24T20:43:00,emp_0129
WF-2165,Legal Review,Human Resources,Submitted,2026-06-21T22:57:00,emp_0100
WF-2165,Legal Review,Human Resources,Under Review,2026-06-23T04:57:00,emp_0182
WF-2165,Legal Review,Human Resources,Manager Approval,2026-06-25T04:57:00,emp_0097
WF-2165,Legal Review,Human Resources,Approved,2026-06-25T21:57:00,emp_0070
WF-2166,Finance Approval,Legal,Submitted,2026-07-02T19:02:00,emp_0163
WF-2166,Finance Approval,Legal,Under Review,2026-07-03T05:02:00,emp_0095
WF-2166,Finance Approval,Legal,Manager Approval,2026-07-03T22:02:00,emp_0092
WF-2166,Finance Approval,Legal,Compliance Check,2026-07-04T09:02:00,emp_0022
WF-2166,Finance Approval,Legal,Rejected,2026-07-06T07:02:00,emp_0022
WF-2167,Legal Review,Finance,Submitted,2026-06-10T13:02:00,emp_0024
WF-2167,Legal Review,Finance,Under Review,2026-06-10T15:02:00,emp_0192
WF-2167,Legal Review,Finance,Manager Approval,2026-06-10T19:02:00,emp_0146
WF-2167,Legal Review,Finance,Compliance Check,2026-06-11T02:02:00,emp_0119
WF-2167,Legal Review,Finance,Rejected,2026-06-11T03:02:00,emp_0094
WF-2168,Procurement,Human Resources,Submitted,2026-06-29T23:59:00,emp_0191
WF-2168,Procurement,Human Resources,Under Review,2026-06-30T07:59:00,emp_0190
WF-2168,Procurement,Human Resources,Manager Approval,2026-07-01T07:59:00,emp_0020
WF-2168,Procurement,Human Resources,Approved,2026-07-02T15:59:00,emp_0018
WF-2169,HR Onboarding,Operations,Submitted,2026-06-15T14:43:00,emp_0082
WF-2169,HR Onboarding,Operations,Under Review,2026-06-16T04:43:00,emp_0061
WF-2169,HR Onboarding,Operations,Compliance Check,2026-06-18T00:43:00,emp_0091
WF-2169,HR Onboarding,Operations,Rejected,2026-06-19T20:43:00,emp_0095
WF-2170,IT Service Request,Supply Chain,Submitted,2026-06-12T05:06:00,emp_0152
WF-2170,IT Service Request,Supply Chain,Under Review,2026-06-13T08:06:00,emp_0121
WF-2170,IT Service Request,Supply Chain,Manager Approval,2026-06-14T11:06:00,emp_0097
WF-2170,IT Service Request,Supply Chain,Rejected,2026-06-15T04:06:00,emp_0119
WF-2171,Procurement,Supply Chain,Submitted,2026-06-25T17:56:00,emp_0167
WF-2171,Procurement,Supply Chain,Under Review,2026-06-26T08:56:00,emp_0120
WF-2171,Procurement,Supply Chain,Manager Approval,2026-06-27T18:56:00,emp_0045
WF-2171,Procurement,Supply Chain,Compliance Check,2026-06-29T17:56:00,emp_0120
WF-2171,Procurement,Supply Chain,Approved,2026-06-29T23:56:00,emp_0150
WF-2172,HR Onboarding,Sales,Submitted,2026-06-06T01:56:00,emp_0142
WF-2172,HR Onboarding,Sales,Under Review,2026-06-06T17:56:00,emp_0192
WF-2172,HR Onboarding,Sales,Manager Approval,2026-06-08T09:56:00,emp_0009
WF-2172,HR Onboarding,Sales,Approved,2026-06-10T05:56:00,emp_0097
WF-2173,Finance Approval,Operations,Submitted,2026-06-04T22:09:00,emp_0129
WF-2173,Finance Approval,Operations,Under Review,2026-06-06T13:09:00,emp_0137
WF-2173,Finance Approval,Operations,Manager Approval,2026-06-07T06:09:00,emp_0079
WF-2173,Finance Approval,Operations,Approved,2026-06-07T21:09:00,emp_0051
WF-2174,IT Service Request,Human Resources,Submitted,2026-06-03T23:08:00,emp_0036
WF-2174,IT Service Request,Human Resources,Under Review,2026-06-05T19:08:00,emp_0015
WF-2174,IT Service Request,Human Resources,Rejected,2026-06-06T14:08:00,emp_0147
WF-2175,Legal Review,Operations,Submitted,2026-07-02T14:41:00,emp_0188
WF-2175,Legal Review,Operations,Under Review,2026-07-03T04:41:00,emp_0090
WF-2175,Legal Review,Operations,Manager Approval,2026-07-03T08:41:00,emp_0082
WF-2175,Legal Review,Operations,Rejected,2026-07-05T04:41:00,emp_0168
WF-2176,Legal Review,IT,Submitted,2026-06-14T16:38:00,emp_0096
WF-2176,Legal Review,IT,Under Review,2026-06-16T16:38:00,emp_0062
WF-2176,Legal Review,IT,Manager Approval,2026-06-18T09:38:00,emp_0058
WF-2176,Legal Review,IT,Approved,2026-06-19T20:38:00,emp_0183
WF-2177,Legal Review,Human Resources,Submitted,2026-06-16T06:23:00,emp_0142
WF-2177,Legal Review,Human Resources,Under Review,2026-06-17T11:23:00,emp_0181
WF-2177,Legal Review,Human Resources,Rejected,2026-06-17T18:23:00,emp_0157
WF-2178,HR Onboarding,IT,Submitted,2026-06-02T11:09:00,emp_0036
WF-2178,HR Onboarding,IT,Under Review,2026-06-02T14:09:00,emp_0002
WF-2178,HR Onboarding,IT,Compliance Check,2026-06-04T05:09:00,emp_0040
WF-2178,HR Onboarding,IT,Rejected,2026-06-04T10:09:00,emp_0138
WF-2179,HR Onboarding,Supply Chain,Submitted,2026-06-24T08:43:00,emp_0127
WF-2179,HR Onboarding,Supply Chain,Under Review,2026-06-25T08:43:00,emp_0194
WF-2179,HR Onboarding,Supply Chain,Manager Approval,2026-06-26T10:43:00,emp_0082
WF-2179,HR Onboarding,Supply Chain,Compliance Check,2026-06-26T11:43:00,emp_0126
WF-2179,HR Onboarding,Supply Chain,Rejected,2026-06-26T18:43:00,emp_0094
WF-2180,Finance Approval,Human Resources,Submitted,2026-06-08T05:12:00,emp_0022
WF-2180,Finance Approval,Human Resources,Under Review,2026-06-08T11:12:00,emp_0024
WF-2180,Finance Approval,Human Resources,Manager Approval,2026-06-10T05:12:00,emp_0072
WF-2180,Finance Approval,Human Resources,Rejected,2026-06-10T07:12:00,emp_0121
WF-2181,Finance Approval,Legal,Submitted,2026-07-02T12:05:00,emp_0035
WF-2181,Finance Approval,Legal,Under Review,2026-07-02T16:05:00,emp_0003
WF-2181,Finance Approval,Legal,Manager Approval,2026-07-02T22:05:00,emp_0091
WF-2181,Finance Approval,Legal,Compliance Check,2026-07-03T11:05:00,emp_0093
WF-2181,Finance Approval,Legal,Approved,2026-07-05T02:05:00,emp_0159
WF-2182,IT Service Request,Finance,Submitted,2026-06-17T06:54:00,emp_0164
WF-2182,IT Service Request,Finance,Under Review,2026-06-17T23:54:00,emp_0048
WF-2182,IT Service Request,Finance,Manager Approval,2026-06-18T13:54:00,emp_0153
WF-2182,IT Service Request,Finance,Rejected,2026-06-19T20:54:00,emp_0074
WF-2183,Procurement,Supply Chain,Submitted,2026-06-22T04:08:00,emp_0086
WF-2183,Procurement,Supply Chain,Under Review,2026-06-24T01:08:00,emp_0058
WF-2183,Procurement,Supply Chain,Manager Approval,2026-06-25T01:08:00,emp_0080
WF-2183,Procurement,Supply Chain,Approved,2026-06-26T12:08:00,emp_0172
WF-2184,IT Service Request,Human Resources,Submitted,2026-06-04T10:08:00,emp_0032
WF-2184,IT Service Request,Human Resources,Under Review,2026-06-06T10:08:00,emp_0052
WF-2184,IT Service Request,Human Resources,Manager Approval,2026-06-07T17:08:00,emp_0131
WF-2184,IT Service Request,Human Resources,Compliance Check,2026-06-09T08:08:00,emp_0042
WF-2184,IT Service Request,Human Resources,Rejected,2026-06-10T07:08:00,emp_0112
WF-2185,Finance Approval,IT,Submitted,2026-06-24T09:12:00,emp_0144
WF-2185,Finance Approval,IT,Under Review,2026-06-25T15:12:00,emp_0073
WF-2185,Finance Approval,IT,Manager Approval,2026-06-27T11:12:00,emp_0073
WF-2185,Finance Approval,IT,Compliance Check,2026-06-28T17:12:00,emp_0128
WF-2185,Finance Approval,IT,Approved,2026-06-29T16:12:00,emp_0186
WF-2186,Procurement,IT,Submitted,2026-06-24T18:20:00,emp_0002
WF-2186,Procurement,IT,Under Review,2026-06-26T09:20:00,emp_0077
WF-2186,Procurement,IT,Manager Approval,2026-06-26T18:20:00,emp_0084
WF-2186,Procurement,IT,Rejected,2026-06-27T21:20:00,emp_0141
WF-2187,Finance Approval,IT,Submitted,2026-06-21T19:20:00,emp_0063
WF-2187,Finance Approval,IT,Under Review,2026-06-23T02:20:00,emp_0073
WF-2187,Finance Approval,IT,Compliance Check,2026-06-24T00:20:00,emp_0093
WF-2187,Finance Approval,IT,Rejected,2026-06-25T06:20:00,emp_0159
WF-2188,Legal Review,IT,Submitted,2026-06-18T13:13:00,emp_0074
WF-2188,Legal Review,IT,Under Review,2026-06-19T03:13:00,emp_0179
WF-2188,Legal Review,IT,Manager Approval,2026-06-20T17:13:00,emp_0113
WF-2188,Legal Review,IT,Compliance Check,2026-06-21T06:13:00,emp_0074
WF-2188,Legal Review,IT,Approved,2026-06-23T03:13:00,emp_0114
WF-2189,Finance Approval,Finance,Submitted,2026-06-24T15:20:00,emp_0032
WF-2189,Finance Approval,Finance,Under Review,2026-06-25T02:20:00,emp_0033
WF-2189,Finance Approval,Finance,Rejected,2026-06-25T14:20:00,emp_0070
WF-2190,Finance Approval,Human Resources,Submitted,2026-06-24T07:14:00,emp_0174
WF-2190,Finance Approval,Human Resources,Under Review,2026-06-26T03:14:00,emp_0093
WF-2190,Finance Approval,Human Resources,Manager Approval,2026-06-26T15:14:00,emp_0054
WF-2190,Finance Approval,Human Resources,Approved,2026-06-28T08:14:00,emp_0017
WF-2191,Procurement,Supply Chain,Submitted,2026-06-13T09:58:00,emp_0178
WF-2191,Procurement,Supply Chain,Under Review,2026-06-15T09:58:00,emp_0036
WF-2191,Procurement,Supply Chain,Manager Approval,2026-06-15T20:58:00,emp_0012
WF-2191,Procurement,Supply Chain,Rejected,2026-06-16T18:58:00,emp_0187
WF-2192,IT Service Request,Operations,Submitted,2026-06-29T03:40:00,emp_0036
WF-2192,IT Service Request,Operations,Under Review,2026-07-01T02:40:00,emp_0100
WF-2192,IT Service Request,Operations,Manager Approval,2026-07-02T05:40:00,emp_0023
WF-2192,IT Service Request,Operations,Compliance Check,2026-07-03T13:40:00,emp_0112
WF-2192,IT Service Request,Operations,Rejected,2026-07-05T05:40:00,emp_0193
WF-2193,Legal Review,Finance,Submitted,2026-06-05T17:55:00,emp_0002
WF-2193,Legal Review,Finance,Under Review,2026-06-07T10:55:00,emp_0170
WF-2193,Legal Review,Finance,Manager Approval,2026-06-08T11:55:00,emp_0059
WF-2193,Legal Review,Finance,Compliance Check,2026-06-09T18:55:00,emp_0149
WF-2193,Legal Review,Finance,Rejected,2026-06-10T12:55:00,emp_0004
WF-2194,HR Onboarding,Sales,Submitted,2026-06-09T22:49:00,emp_0055
WF-2194,HR Onboarding,Sales,Under Review,2026-06-11T03:49:00,emp_0094
WF-2194,HR Onboarding,Sales,Manager Approval,2026-06-11T07:49:00,emp_0056
WF-2194,HR Onboarding,Sales,Compliance Check,2026-06-12T21:49:00,emp_0143
WF-2194,HR Onboarding,Sales,Approved,2026-06-13T14:49:00,emp_0139
WF-2195,HR Onboarding,Human Resources,Submitted,2026-06-20T00:32:00,emp_0172
WF-2195,HR Onboarding,Human Resources,Under Review,2026-06-20T06:32:00,emp_0141
WF-2195,HR Onboarding,Human Resources,Manager Approval,2026-06-21T01:32:00,emp_0038
WF-2195,HR Onboarding,Human Resources,Compliance Check,2026-06-21T19:32:00,emp_0096
WF-2195,HR Onboarding,Human Resources,Rejected,2026-06-23T00:32:00,emp_0198
WF-2196,IT Service Request,Supply Chain,Submitted,2026-06-26T05:34:00,emp_0052
WF-2196,IT Service Request,Supply Chain,Under Review,2026-06-26T19:34:00,emp_0167
WF-2196,IT Service Request,Supply Chain,Manager Approval,2026-06-28T09:34:00,emp_0169
WF-2196,IT Service Request,Supply Chain,Approved,2026-06-30T06:34:00,emp_0083
WF-2197,IT Service Request,Human Resources,Submitted,2026-06-15T21:52:00,emp_0119
WF-2197,IT Service Request,Human Resources,Under Review,2026-06-16T01:52:00,emp_0104
WF-2197,IT Service Request,Human Resources,Manager Approval,2026-06-17T09:52:00,emp_0002
WF-2197,IT Service Request,Human Resources,Compliance Check,2026-06-18T22:52:00,emp_0035
WF-2197,IT Service Request,Human Resources,Rejected,2026-06-19T06:52:00,emp_0185
WF-2198,HR Onboarding,Human Resources,Submitted,2026-06-17T02:39:00,emp_0032
WF-2198,HR Onboarding,Human Resources,Under Review,2026-06-18T02:39:00,emp_0043
WF-2198,HR Onboarding,Human Resources,Manager Approval,2026-06-18T22:39:00,emp_0184
WF-2198,HR Onboarding,Human Resources,Rejected,2026-06-19T17:39:00,emp_0117
WF-2199,IT Service Request,Operations,Submitted,2026-06-05T06:18:00,emp_0064
WF-2199,IT Service Request,Operations,Under Review,2026-06-06T21:18:00,emp_0004
WF-2199,IT Service Request,Operations,Compliance Check,2026-06-08T16:18:00,emp_0074
WF-2199,IT Service Request,Operations,Rejected,2026-06-10T01:18:00,emp_0030
WF-2200,IT Service Request,Human Resources,Submitted,2026-06-23T22:44:00,emp_0009
WF-2200,IT Service Request,Human Resources,Under Review,2026-06-24T06:44:00,emp_0114
WF-2200,IT Service Request,Human Resources,Manager Approval,2026-06-24T11:44:00,emp_0096
WF-2200,IT Service Request,Human Resources,Compliance Check,2026-06-24T18:44:00,emp_0116
WF-2200,IT Service Request,Human Resources,Approved,2026-06-26T02:44:00,emp_0200
WF-2201,IT Service Request,Supply Chain,Submitted,2026-06-09T04:31:00,emp_0024
WF-2201,IT Service Request,Supply Chain,Under Review,2026-06-10T21:31:00,emp_0071
WF-2201,IT Service Request,Supply Chain,Manager Approval,2026-06-11T00:31:00,emp_0179
WF-2201,IT Service Request,Supply Chain,Compliance Check,2026-06-11T15:31:00,emp_0091
WF-2201,IT Service Request,Supply Chain,Rejected,2026-06-12T14:31:00,emp_0197
WF-2202,Finance Approval,Human Resources,Submitted,2026-06-10T00:32:00,emp_0109
WF-2202,Finance Approval,Human Resources,Under Review,2026-06-10T05:32:00,emp_0123
WF-2202,Finance Approval,Human Resources,Manager Approval,2026-06-10T08:32:00,emp_0117
WF-2202,Finance Approval,Human Resources,Rejected,2026-06-11T10:32:00,emp_0145
WF-2203,Finance Approval,Sales,Submitted,2026-06-07T02:01:00,emp_0022
WF-2203,Finance Approval,Sales,Under Review,2026-06-08T09:01:00,emp_0059
WF-2203,Finance Approval,Sales,Manager Approval,2026-06-09T16:01:00,emp_0039
WF-2203,Finance Approval,Sales,Compliance Check,2026-06-10T18:01:00,emp_0144
WF-2203,Finance Approval,Sales,Approved,2026-06-11T01:01:00,emp_0060
WF-2204,IT Service Request,Legal,Submitted,2026-06-20T04:58:00,emp_0170
WF-2204,IT Service Request,Legal,Under Review,2026-06-21T20:58:00,emp_0180
WF-2204,IT Service Request,Legal,Manager Approval,2026-06-22T23:58:00,emp_0124
WF-2204,IT Service Request,Legal,Rejected,2026-06-24T14:58:00,emp_0200
WF-2205,Finance Approval,Sales,Submitted,2026-06-24T22:52:00,emp_0129
WF-2205,Finance Approval,Sales,Under Review,2026-06-25T01:52:00,emp_0157
WF-2205,Finance Approval,Sales,Manager Approval,2026-06-25T11:52:00,emp_0135
WF-2205,Finance Approval,Sales,Rejected,2026-06-26T03:52:00,emp_0011
WF-2206,Legal Review,Sales,Submitted,2026-06-25T11:28:00,emp_0052
WF-2206,Legal Review,Sales,Under Review,2026-06-25T14:28:00,emp_0074
WF-2206,Legal Review,Sales,Manager Approval,2026-06-25T20:28:00,emp_0190
WF-2206,Legal Review,Sales,Compliance Check,2026-06-26T22:28:00,emp_0047
WF-2206,Legal Review,Sales,Approved,2026-06-28T19:28:00,emp_0098
WF-2207,HR Onboarding,IT,Submitted,2026-06-09T01:12:00,emp_0182
WF-2207,HR Onboarding,IT,Under Review,2026-06-09T12:12:00,emp_0165
WF-2207,HR Onboarding,IT,Compliance Check,2026-06-09T14:12:00,emp_0160
WF-2207,HR Onboarding,IT,Rejected,2026-06-11T10:12:00,emp_0046
WF-2208,Legal Review,IT,Submitted,2026-07-01T02:56:00,emp_0020
WF-2208,Legal Review,IT,Under Review,2026-07-02T18:56:00,emp_0088
WF-2208,Legal Review,IT,Manager Approval,2026-07-03T09:56:00,emp_0011
WF-2208,Legal Review,IT,Approved,2026-07-03T19:56:00,emp_0131
WF-2209,HR Onboarding,Supply Chain,Submitted,2026-06-29T06:14:00,emp_0147
WF-2209,HR Onboarding,Supply Chain,Under Review,2026-07-01T04:14:00,emp_0196
WF-2209,HR Onboarding,Supply Chain,Manager Approval,2026-07-02T23:14:00,emp_0129
WF-2209,HR Onboarding,Supply Chain,Rejected,2026-07-04T22:14:00,emp_0138
WF-2210,IT Service Request,Operations,Submitted,2026-06-10T10:12:00,emp_0190
WF-2210,IT Service Request,Operations,Under Review,2026-06-11T06:12:00,emp_0077
WF-2210,IT Service Request,Operations,Manager Approval,2026-06-13T05:12:00,emp_0002
WF-2210,IT Service Request,Operations,Approved,2026-06-13T19:12:00,emp_0169
WF-2211,Legal Review,Operations,Submitted,2026-06-11T05:16:00,emp_0076
WF-2211,Legal Review,Operations,Under Review,2026-06-11T23:16:00,emp_0192
WF-2211,Legal Review,Operations,Manager Approval,2026-06-12T17:16:00,emp_0151
WF-2211,Legal Review,Operations,Compliance Check,2026-06-14T04:16:00,emp_0130
WF-2211,Legal Review,Operations,Rejected,2026-06-14T20:16:00,emp_0040
WF-2212,IT Service Request,Supply Chain,Submitted,2026-06-07T14:29:00,emp_0191
WF-2212,IT Service Request,Supply Chain,Under Review,2026-06-09T07:29:00,emp_0071
WF-2212,IT Service Request,Supply Chain,Manager Approval,2026-06-10T21:29:00,emp_0140
WF-2212,IT Service Request,Supply Chain,Compliance Check,2026-06-11T16:29:00,emp_0096
WF-2212,IT Service Request,Supply Chain,Approved,2026-06-12T07:29:00,emp_0128
WF-2213,Finance Approval,Sales,Submitted,2026-06-08T15:33:00,emp_0090
WF-2213,Finance Approval,Sales,Under Review,2026-06-09T14:33:00,emp_0178
WF-2213,Finance Approval,Sales,Manager Approval,2026-06-09T15:33:00,emp_0097
WF-2213,Finance Approval,Sales,Approved,2026-06-10T12:33:00,emp_0006
WF-2214,HR Onboarding,Operations,Submitted,2026-06-10T10:29:00,emp_0151
WF-2214,HR Onboarding,Operations,Under Review,2026-06-11T00:29:00,emp_0159
WF-2214,HR Onboarding,Operations,Manager Approval,2026-06-11T01:29:00,emp_0008
WF-2214,HR Onboarding,Operations,Approved,2026-06-11T20:29:00,emp_0197
WF-2215,Legal Review,Finance,Submitted,2026-06-06T10:35:00,emp_0047
WF-2215,Legal Review,Finance,Under Review,2026-06-06T19:35:00,emp_0057
WF-2215,Legal Review,Finance,Manager Approval,2026-06-06T23:35:00,emp_0006
WF-2215,Legal Review,Finance,Compliance Check,2026-06-08T15:35:00,emp_0191
WF-2215,Legal Review,Finance,Rejected,2026-06-08T19:35:00,emp_0015
WF-2216,IT Service Request,Supply Chain,Submitted,2026-06-28T20:35:00,emp_0054
WF-2216,IT Service Request,Supply Chain,Under Review,2026-06-29T02:35:00,emp_0097
WF-2216,IT Service Request,Supply Chain,Manager Approval,2026-07-01T00:35:00,emp_0132
WF-2216,IT Service Request,Supply Chain,Compliance Check,2026-07-02T14:35:00,emp_0041
WF-2216,IT Service Request,Supply Chain,Approved,2026-07-04T10:35:00,emp_0061
WF-2217,Finance Approval,Sales,Submitted,2026-06-03T19:24:00,emp_0199
WF-2217,Finance Approval,Sales,Under Review,2026-06-04T14:24:00,emp_0091
WF-2217,Finance Approval,Sales,Manager Approval,2026-06-06T01:24:00,emp_0171
WF-2217,Finance Approval,Sales,Approved,2026-06-06T21:24:00,emp_0074
WF-2218,IT Service Request,Human Resources,Submitted,2026-06-17T20:02:00,emp_0167
WF-2218,IT Service Request,Human Resources,Under Review,2026-06-18T15:02:00,emp_0157
WF-2218,IT Service Request,Human Resources,Manager Approval,2026-06-20T06:02:00,emp_0079
WF-2218,IT Service Request,Human Resources,Compliance Check,2026-06-21T12:02:00,emp_0025
WF-2218,IT Service Request,Human Resources,Approved,2026-06-22T09:02:00,emp_0069
WF-2219,IT Service Request,IT,Submitted,2026-06-02T23:36:00,emp_0113
WF-2219,IT Service Request,IT,Under Review,2026-06-03T14:36:00,emp_0032
WF-2219,IT Service Request,IT,Manager Approval,2026-06-03T19:36:00,emp_0192
WF-2219,IT Service Request,IT,Compliance Check,2026-06-04T12:36:00,emp_0044
WF-2219,IT Service Request,IT,Approved,2026-06-05T16:36:00,emp_0097
WF-2220,HR Onboarding,Supply Chain,Submitted,2026-06-12T11:12:00,emp_0086
WF-2220,HR Onboarding,Supply Chain,Under Review,2026-06-13T00:12:00,emp_0046
WF-2220,HR Onboarding,Supply Chain,Manager Approval,2026-06-14T16:12:00,emp_0196
WF-2220,HR Onboarding,Supply Chain,Compliance Check,2026-06-15T14:12:00,emp_0139
WF-2220,HR Onboarding,Supply Chain,Rejected,2026-06-15T17:12:00,emp_0090
WF-2221,Finance Approval,Supply Chain,Submitted,2026-06-04T05:11:00,emp_0021
WF-2221,Finance Approval,Supply Chain,Under Review,2026-06-06T05:11:00,emp_0194
WF-2221,Finance Approval,Supply Chain,Manager Approval,2026-06-07T23:11:00,emp_0042
WF-2221,Finance Approval,Supply Chain,Compliance Check,2026-06-09T02:11:00,emp_0138
WF-2221,Finance Approval,Supply Chain,Approved,2026-06-10T01:11:00,emp_0104
WF-2222,HR Onboarding,Finance,Submitted,2026-06-08T12:12:00,emp_0136
WF-2222,HR Onboarding,Finance,Under Review,2026-06-10T11:12:00,emp_0154
WF-2222,HR Onboarding,Finance,Manager Approval,2026-06-10T21:12:00,emp_0101
WF-2222,HR Onboarding,Finance,Compliance Check,2026-06-12T21:12:00,emp_0187
WF-2222,HR Onboarding,Finance,Rejected,2026-06-14T02:12:00,emp_0153
WF-2223,HR Onboarding,Supply Chain,Submitted,2026-06-07T04:34:00,emp_0073
WF-2223,HR Onboarding,Supply Chain,Under Review,2026-06-08T01:34:00,emp_0051
WF-2223,HR Onboarding,Supply Chain,Manager Approval,2026-06-08T12:34:00,emp_0090
WF-2223,HR Onboarding,Supply Chain,Rejected,2026-06-10T09:34:00,emp_0111
WF-2224,HR Onboarding,Legal,Submitted,2026-06-15T12:30:00,emp_0193
WF-2224,HR Onboarding,Legal,Under Review,2026-06-16T04:30:00,emp_0051
WF-2224,HR Onboarding,Legal,Approved,2026-06-17T02:30:00,emp_0050
WF-2225,HR Onboarding,Sales,Submitted,2026-06-06T08:49:00,emp_0182
WF-2225,HR Onboarding,Sales,Under Review,2026-06-06T19:49:00,emp_0044
WF-2225,HR Onboarding,Sales,Manager Approval,2026-06-08T09:49:00,emp_0070
WF-2225,HR Onboarding,Sales,Compliance Check,2026-06-09T23:49:00,emp_0065
WF-2225,HR Onboarding,Sales,Approved,2026-06-10T13:49:00,emp_0080
WF-2226,Finance Approval,Human Resources,Submitted,2026-06-13T22:05:00,emp_0114
WF-2226,Finance Approval,Human Resources,Under Review,2026-06-13T23:05:00,emp_0168
WF-2226,Finance Approval,Human Resources,Manager Approval,2026-06-14T12:05:00,emp_0188
WF-2226,Finance Approval,Human Resources,Compliance Check,2026-06-15T02:05:00,emp_0050
WF-2226,Finance Approval,Human Resources,Rejected,2026-06-15T21:05:00,emp_0061
WF-2227,Finance Approval,IT,Submitted,2026-06-06T23:08:00,emp_0070
WF-2227,Finance Approval,IT,Under Review,2026-06-07T17:08:00,emp_0046
WF-2227,Finance Approval,IT,Manager Approval,2026-06-09T14:08:00,emp_0157
WF-2227,Finance Approval,IT,Compliance Check,2026-06-11T10:08:00,emp_0186
WF-2227,Finance Approval,IT,Rejected,2026-06-11T17:08:00,emp_0128
WF-2228,Finance Approval,Operations,Submitted,2026-06-06T19:22:00,emp_0126
WF-2228,Finance Approval,Operations,Under Review,2026-06-08T09:22:00,emp_0104
WF-2228,Finance Approval,Operations,Manager Approval,2026-06-10T07:22:00,emp_0103
WF-2228,Finance Approval,Operations,Rejected,2026-06-11T03:22:00,emp_0152
WF-2229,Procurement,Finance,Submitted,2026-06-14T18:25:00,emp_0011
WF-2229,Procurement,Finance,Under Review,2026-06-15T14:25:00,emp_0134
WF-2229,Procurement,Finance,Manager Approval,2026-06-17T09:25:00,emp_0082
WF-2229,Procurement,Finance,Compliance Check,2026-06-19T01:25:00,emp_0174
WF-2229,Procurement,Finance,Rejected,2026-06-19T17:25:00,emp_0168
WF-2230,IT Service Request,Sales,Submitted,2026-06-02T10:55:00,emp_0144
WF-2230,IT Service Request,Sales,Under Review,2026-06-04T08:55:00,emp_0070
WF-2230,IT Service Request,Sales,Manager Approval,2026-06-06T00:55:00,emp_0072
WF-2230,IT Service Request,Sales,Compliance Check,2026-06-06T17:55:00,emp_0019
WF-2230,IT Service Request,Sales,Rejected,2026-06-07T23:55:00,emp_0067
WF-2231,Legal Review,Operations,Submitted,2026-06-19T02:11:00,emp_0172
WF-2231,Legal Review,Operations,Under Review,2026-06-19T15:11:00,emp_0114
WF-2231,Legal Review,Operations,Manager Approval,2026-06-20T08:11:00,emp_0190
WF-2231,Legal Review,Operations,Rejected,2026-06-22T01:11:00,emp_0128
WF-2232,IT Service Request,Finance,Submitted,2026-06-13T19:55:00,emp_0064
WF-2232,IT Service Request,Finance,Under Review,2026-06-14T02:55:00,emp_0119
WF-2232,IT Service Request,Finance,Manager Approval,2026-06-14T12:55:00,emp_0011
WF-2232,IT Service Request,Finance,Approved,2026-06-15T00:55:00,emp_0118
WF-2233,Procurement,Legal,Submitted,2026-06-02T10:10:00,emp_0064
WF-2233,Procurement,Legal,Under Review,2026-06-03T16:10:00,emp_0112
WF-2233,Procurement,Legal,Compliance Check,2026-06-04T05:10:00,emp_0029
WF-2233,Procurement,Legal,Rejected,2026-06-05T23:10:00,emp_0024
WF-2234,Legal Review,Supply Chain,Submitted,2026-07-02T10:34:00,emp_0173
WF-2234,Legal Review,Supply Chain,Under Review,2026-07-03T00:34:00,emp_0078
WF-2234,Legal Review,Supply Chain,Approved,2026-07-03T02:34:00,emp_0043
WF-2235,Procurement,Sales,Submitted,2026-06-22T02:39:00,emp_0027
WF-2235,Procurement,Sales,Under Review,2026-06-23T03:39:00,emp_0040
WF-2235,Procurement,Sales,Manager Approval,2026-06-24T18:39:00,emp_0114
WF-2235,Procurement,Sales,Rejected,2026-06-26T16:39:00,emp_0092
WF-2236,Procurement,Operations,Submitted,2026-06-03T04:38:00,emp_0021
WF-2236,Procurement,Operations,Under Review,2026-06-05T04:38:00,emp_0042
WF-2236,Procurement,Operations,Manager Approval,2026-06-06T16:38:00,emp_0033
WF-2236,Procurement,Operations,Compliance Check,2026-06-06T23:38:00,emp_0026
WF-2236,Procurement,Operations,Rejected,2026-06-08T04:38:00,emp_0120
WF-2237,Procurement,Sales,Submitted,2026-06-30T20:58:00,emp_0010
WF-2237,Procurement,Sales,Under Review,2026-07-01T17:58:00,emp_0135
WF-2237,Procurement,Sales,Compliance Check,2026-07-02T18:58:00,emp_0020
WF-2237,Procurement,Sales,Approved,2026-07-03T08:58:00,emp_0146
WF-2238,Procurement,IT,Submitted,2026-06-08T15:59:00,emp_0137
WF-2238,Procurement,IT,Under Review,2026-06-09T20:59:00,emp_0119
WF-2238,Procurement,IT,Manager Approval,2026-06-10T08:59:00,emp_0050
WF-2238,Procurement,IT,Rejected,2026-06-10T19:59:00,emp_0113
WF-2239,Procurement,IT,Submitted,2026-06-15T18:52:00,emp_0147
WF-2239,Procurement,IT,Under Review,2026-06-17T18:52:00,emp_0062
WF-2239,Procurement,IT,Manager Approval,2026-06-19T15:52:00,emp_0159
WF-2239,Procurement,IT,Compliance Check,2026-06-19T17:52:00,emp_0164
WF-2239,Procurement,IT,Approved,2026-06-20T04:52:00,emp_0040
WF-2240,Finance Approval,Sales,Submitted,2026-06-20T19:58:00,emp_0050
WF-2240,Finance Approval,Sales,Under Review,2026-06-21T03:58:00,emp_0111
WF-2240,Finance Approval,Sales,Manager Approval,2026-06-22T13:58:00,emp_0154
WF-2240,Finance Approval,Sales,Compliance Check,2026-06-22T18:58:00,emp_0040
WF-2240,Finance Approval,Sales,Approved,2026-06-24T12:58:00,emp_0182
WF-2241,IT Service Request,IT,Submitted,2026-06-17T20:39:00,emp_0116
WF-2241,IT Service Request,IT,Under Review,2026-06-19T00:39:00,emp_0171
WF-2241,IT Service Request,IT,Manager Approval,2026-06-19T10:39:00,emp_0066
WF-2241,IT Service Request,IT,Compliance Check,2026-06-19T13:39:00,emp_0036
WF-2241,IT Service Request,IT,Approved,2026-06-20T02:39:00,emp_0028
WF-2242,Procurement,Sales,Submitted,2026-06-19T06:33:00,emp_0053
WF-2242,Procurement,Sales,Under Review,2026-06-20T05:33:00,emp_0103
WF-2242,Procurement,Sales,Manager Approval,2026-06-20T14:33:00,emp_0174
WF-2242,Procurement,Sales,Compliance Check,2026-06-21T09:33:00,emp_0102
WF-2242,Procurement,Sales,Approved,2026-06-22T09:33:00,emp_0075
WF-2243,Legal Review,IT,Submitted,2026-06-16T10:17:00,emp_0108
WF-2243,Legal Review,IT,Under Review,2026-06-16T13:17:00,emp_0193
WF-2243,Legal Review,IT,Manager Approval,2026-06-17T03:17:00,emp_0174
WF-2243,Legal Review,IT,Compliance Check,2026-06-18T08:17:00,emp_0052
WF-2243,Legal Review,IT,Approved,2026-06-19T19:17:00,emp_0056
WF-2244,Finance Approval,Finance,Submitted,2026-06-03T01:08:00,emp_0170
WF-2244,Finance Approval,Finance,Under Review,2026-06-03T23:08:00,emp_0033
WF-2244,Finance Approval,Finance,Manager Approval,2026-06-05T17:08:00,emp_0178
WF-2244,Finance Approval,Finance,Compliance Check,2026-06-07T06:08:00,emp_0089
WF-2244,Finance Approval,Finance,Approved,2026-06-07T08:08:00,emp_0018
WF-2245,Legal Review,Supply Chain,Submitted,2026-06-28T03:29:00,emp_0104
WF-2245,Legal Review,Supply Chain,Under Review,2026-06-29T23:29:00,emp_0132
WF-2245,Legal Review,Supply Chain,Manager Approval,2026-06-30T19:29:00,emp_0106
WF-2245,Legal Review,Supply Chain,Approved,2026-07-01T01:29:00,emp_0152
WF-2246,Procurement,IT,Submitted,2026-06-05T23:10:00,emp_0187
WF-2246,Procurement,IT,Under Review,2026-06-07T10:10:00,emp_0035
WF-2246,Procurement,IT,Rejected,2026-06-07T22:10:00,emp_0196
WF-2247,Legal Review,Human Resources,Submitted,2026-06-20T06:30:00,emp_0157
WF-2247,Legal Review,Human Resources,Under Review,2026-06-21T19:30:00,emp_0166
WF-2247,Legal Review,Human Resources,Compliance Check,2026-06-22T10:30:00,emp_0014
WF-2247,Legal Review,Human Resources,Rejected,2026-06-24T04:30:00,emp_0116
WF-2248,Procurement,IT,Submitted,2026-06-13T10:34:00,emp_0006
WF-2248,Procurement,IT,Under Review,2026-06-13T14:34:00,emp_0044
WF-2248,Procurement,IT,Manager Approval,2026-06-14T09:34:00,emp_0186
WF-2248,Procurement,IT,Compliance Check,2026-06-16T03:34:00,emp_0154
WF-2248,Procurement,IT,Rejected,2026-06-16T22:34:00,emp_0177
WF-2249,HR Onboarding,Supply Chain,Submitted,2026-06-22T02:30:00,emp_0101
WF-2249,HR Onboarding,Supply Chain,Under Review,2026-06-22T11:30:00,emp_0058
WF-2249,HR Onboarding,Supply Chain,Manager Approval,2026-06-23T15:30:00,emp_0006
WF-2249,HR Onboarding,Supply Chain,Approved,2026-06-23T23:30:00,emp_0122
WF-2250,IT Service Request,Finance,Submitted,2026-06-15T04:16:00,emp_0135
WF-2250,IT Service Request,Finance,Under Review,2026-06-15T20:16:00,emp_0161
WF-2250,IT Service Request,Finance,Manager Approval,2026-06-16T10:16:00,emp_0082
WF-2250,IT Service Request,Finance,Rejected,2026-06-16T22:16:00,emp_0123
WF-2251,Procurement,Human Resources,Submitted,2026-06-20T19:52:00,emp_0096
WF-2251,Procurement,Human Resources,Under Review,2026-06-21T03:52:00,emp_0063
WF-2251,Procurement,Human Resources,Manager Approval,2026-06-22T23:52:00,emp_0092
WF-2251,Procurement,Human Resources,Compliance Check,2026-06-23T07:52:00,emp_0160
WF-2251,Procurement,Human Resources,Rejected,2026-06-23T21:52:00,emp_0121
WF-2252,Finance Approval,Human Resources,Submitted,2026-06-05T19:14:00,emp_0107
WF-2252,Finance Approval,Human Resources,Under Review,2026-06-06T10:14:00,emp_0114
WF-2252,Finance Approval,Human Resources,Manager Approval,2026-06-07T05:14:00,emp_0117
WF-2252,Finance Approval,Human Resources,Approved,2026-06-08T16:14:00,emp_0105
WF-2253,Procurement,Operations,Submitted,2026-06-19T20:03:00,emp_0188
WF-2253,Procurement,Operations,Under Review,2026-06-21T11:03:00,emp_0113
WF-2253,Procurement,Operations,Manager Approval,2026-06-21T18:03:00,emp_0045
WF-2253,Procurement,Operations,Compliance Check,2026-06-23T11:03:00,emp_0099
WF-2253,Procurement,Operations,Rejected,2026-06-24T11:03:00,emp_0058
WF-2254,IT Service Request,Supply Chain,Submitted,2026-06-13T00:15:00,emp_0172
WF-2254,IT Service Request,Supply Chain,Under Review,2026-06-14T13:15:00,emp_0005
WF-2254,IT Service Request,Supply Chain,Manager Approval,2026-06-15T14:15:00,emp_0007
WF-2254,IT Service Request,Supply Chain,Rejected,2026-06-17T14:15:00,emp_0167
WF-2255,IT Service Request,Sales,Submitted,2026-06-14T13:15:00,emp_0024
WF-2255,IT Service Request,Sales,Under Review,2026-06-15T07:15:00,emp_0107
WF-2255,IT Service Request,Sales,Compliance Check,2026-06-15T18:15:00,emp_0064
WF-2255,IT Service Request,Sales,Rejected,2026-06-17T04:15:00,emp_0176
WF-2256,HR Onboarding,Supply Chain,Submitted,2026-06-10T03:37:00,emp_0132
WF-2256,HR Onboarding,Supply Chain,Under Review,2026-06-11T07:37:00,emp_0184
WF-2256,HR Onboarding,Supply Chain,Manager Approval,2026-06-11T19:37:00,emp_0147
WF-2256,HR Onboarding,Supply Chain,Compliance Check,2026-06-13T09:37:00,emp_0150
WF-2256,HR Onboarding,Supply Chain,Approved,2026-06-15T03:37:00,emp_0145
WF-2257,Legal Review,Sales,Submitted,2026-06-08T17:24:00,emp_0066
WF-2257,Legal Review,Sales,Under Review,2026-06-10T13:24:00,emp_0092
WF-2257,Legal Review,Sales,Manager Approval,2026-06-12T13:24:00,emp_0151
WF-2257,Legal Review,Sales,Compliance Check,2026-06-13T12:24:00,emp_0044
WF-2257,Legal Review,Sales,Approved,2026-06-15T03:24:00,emp_0165
WF-2258,Finance Approval,IT,Submitted,2026-06-19T21:08:00,emp_0140
WF-2258,Finance Approval,IT,Under Review,2026-06-19T22:08:00,emp_0157
WF-2258,Finance Approval,IT,Rejected,2026-06-21T09:08:00,emp_0053
WF-2259,HR Onboarding,Finance,Submitted,2026-06-04T03:17:00,emp_0099
WF-2259,HR Onboarding,Finance,Under Review,2026-06-05T12:17:00,emp_0050
WF-2259,HR Onboarding,Finance,Manager Approval,2026-06-06T17:17:00,emp_0105
WF-2259,HR Onboarding,Finance,Rejected,2026-06-08T13:17:00,emp_0024
WF-2260,HR Onboarding,Legal,Submitted,2026-06-14T16:01:00,emp_0123
WF-2260,HR Onboarding,Legal,Under Review,2026-06-15T13:01:00,emp_0110
WF-2260,HR Onboarding,Legal,Manager Approval,2026-06-15T22:01:00,emp_0175
WF-2260,HR Onboarding,Legal,Compliance Check,2026-06-17T13:01:00,emp_0176
WF-2260,HR Onboarding,Legal,Approved,2026-06-18T22:01:00,emp_0005
WF-2261,Procurement,Legal,Submitted,2026-06-02T18:58:00,emp_0079
WF-2261,Procurement,Legal,Under Review,2026-06-04T09:58:00,emp_0068
WF-2261,Procurement,Legal,Manager Approval,2026-06-05T19:58:00,emp_0094
WF-2261,Procurement,Legal,Approved,2026-06-05T23:58:00,emp_0108
WF-2262,IT Service Request,Sales,Submitted,2026-06-28T15:49:00,emp_0114
WF-2262,IT Service Request,Sales,Under Review,2026-06-29T20:49:00,emp_0141
WF-2262,IT Service Request,Sales,Manager Approval,2026-06-30T05:49:00,emp_0168
WF-2262,IT Service Request,Sales,Rejected,2026-07-01T05:49:00,emp_0067
WF-2263,HR Onboarding,Operations,Submitted,2026-06-01T16:24:00,emp_0052
WF-2263,HR Onboarding,Operations,Under Review,2026-06-02T17:24:00,emp_0027
WF-2263,HR Onboarding,Operations,Manager Approval,2026-06-04T01:24:00,emp_0147
WF-2263,HR Onboarding,Operations,Approved,2026-06-04T20:24:00,emp_0101
WF-2264,Finance Approval,Human Resources,Submitted,2026-06-02T19:50:00,emp_0039
WF-2264,Finance Approval,Human Resources,Under Review,2026-06-03T05:50:00,emp_0104
WF-2264,Finance Approval,Human Resources,Manager Approval,2026-06-04T16:50:00,emp_0160
WF-2264,Finance Approval,Human Resources,Approved,2026-06-04T22:50:00,emp_0154
WF-2265,Procurement,Sales,Submitted,2026-06-18T03:00:00,emp_0117
WF-2265,Procurement,Sales,Under Review,2026-06-18T19:00:00,emp_0069
WF-2265,Procurement,Sales,Manager Approval,2026-06-19T18:00:00,emp_0114
WF-2265,Procurement,Sales,Rejected,2026-06-21T11:00:00,emp_0142
WF-2266,Legal Review,Sales,Submitted,2026-06-23T16:50:00,emp_0080
WF-2266,Legal Review,Sales,Under Review,2026-06-24T21:50:00,emp_0178
WF-2266,Legal Review,Sales,Manager Approval,2026-06-24T23:50:00,emp_0082
WF-2266,Legal Review,Sales,Rejected,2026-06-26T07:50:00,emp_0106
WF-2267,Finance Approval,Operations,Submitted,2026-06-12T14:57:00,emp_0155
WF-2267,Finance Approval,Operations,Under Review,2026-06-13T13:57:00,emp_0196
WF-2267,Finance Approval,Operations,Manager Approval,2026-06-15T07:57:00,emp_0076
WF-2267,Finance Approval,Operations,Rejected,2026-06-17T01:57:00,emp_0191
WF-2268,IT Service Request,Operations,Submitted,2026-06-02T00:42:00,emp_0026
WF-2268,IT Service Request,Operations,Under Review,2026-06-02T18:42:00,emp_0108
WF-2268,IT Service Request,Operations,Manager Approval,2026-06-04T10:42:00,emp_0105
WF-2268,IT Service Request,Operations,Approved,2026-06-05T21:42:00,emp_0182
WF-2269,Finance Approval,Sales,Submitted,2026-06-02T14:28:00,emp_0071
WF-2269,Finance Approval,Sales,Under Review,2026-06-03T18:28:00,emp_0124
WF-2269,Finance Approval,Sales,Manager Approval,2026-06-03T23:28:00,emp_0120
WF-2269,Finance Approval,Sales,Rejected,2026-06-05T10:28:00,emp_0030
WF-2270,Legal Review,IT,Submitted,2026-06-19T03:12:00,emp_0010
WF-2270,Legal Review,IT,Under Review,2026-06-20T01:12:00,emp_0100
WF-2270,Legal Review,IT,Manager Approval,2026-06-21T07:12:00,emp_0030
WF-2270,Legal Review,IT,Approved,2026-06-22T07:12:00,emp_0169
WF-2271,HR Onboarding,IT,Submitted,2026-06-06T05:24:00,emp_0113
WF-2271,HR Onboarding,IT,Under Review,2026-06-07T15:24:00,emp_0184
WF-2271,HR Onboarding,IT,Manager Approval,2026-06-08T14:24:00,emp_0083
WF-2271,HR Onboarding,IT,Rejected,2026-06-09T14:24:00,emp_0080
WF-2272,HR Onboarding,IT,Submitted,2026-06-23T18:09:00,emp_0198
WF-2272,HR Onboarding,IT,Under Review,2026-06-24T16:09:00,emp_0051
WF-2272,HR Onboarding,IT,Manager Approval,2026-06-26T16:09:00,emp_0065
WF-2272,HR Onboarding,IT,Compliance Check,2026-06-27T23:09:00,emp_0155
WF-2272,HR Onboarding,IT,Approved,2026-06-29T20:09:00,emp_0018
WF-2273,Procurement,Legal,Submitted,2026-06-29T21:14:00,emp_0159
WF-2273,Procurement,Legal,Under Review,2026-06-30T05:14:00,emp_0093
WF-2273,Procurement,Legal,Manager Approval,2026-07-02T00:14:00,emp_0079
WF-2273,Procurement,Legal,Approved,2026-07-03T09:14:00,emp_0075
WF-2274,HR Onboarding,Legal,Submitted,2026-06-26T19:27:00,emp_0167
WF-2274,HR Onboarding,Legal,Under Review,2026-06-27T16:27:00,emp_0157
WF-2274,HR Onboarding,Legal,Manager Approval,2026-06-28T11:27:00,emp_0103
WF-2274,HR Onboarding,Legal,Approved,2026-06-30T06:27:00,emp_0065
WF-2275,IT Service Request,Finance,Submitted,2026-06-21T00:38:00,emp_0146
WF-2275,IT Service Request,Finance,Under Review,2026-06-22T21:38:00,emp_0179
WF-2275,IT Service Request,Finance,Manager Approval,2026-06-24T07:38:00,emp_0035
WF-2275,IT Service Request,Finance,Compliance Check,2026-06-24T20:38:00,emp_0038
WF-2275,IT Service Request,Finance,Approved,2026-06-26T17:38:00,emp_0037
WF-2276,Legal Review,Sales,Submitted,2026-06-24T10:58:00,emp_0181
WF-2276,Legal Review,Sales,Under Review,2026-06-25T02:58:00,emp_0197
WF-2276,Legal Review,Sales,Rejected,2026-06-25T16:58:00,emp_0134
WF-2277,Procurement,Sales,Submitted,2026-06-27T18:33:00,emp_0118
WF-2277,Procurement,Sales,Under Review,2026-06-28T15:33:00,emp_0090
WF-2277,Procurement,Sales,Manager Approval,2026-06-30T01:33:00,emp_0136
WF-2277,Procurement,Sales,Approved,2026-06-30T23:33:00,emp_0192
WF-2278,Legal Review,Sales,Submitted,2026-06-26T08:15:00,emp_0092
WF-2278,Legal Review,Sales,Under Review,2026-06-26T11:15:00,emp_0164
WF-2278,Legal Review,Sales,Manager Approval,2026-06-28T04:15:00,emp_0124
WF-2278,Legal Review,Sales,Compliance Check,2026-06-29T03:15:00,emp_0072
WF-2278,Legal Review,Sales,Rejected,2026-06-29T20:15:00,emp_0164
WF-2279,HR Onboarding,Legal,Submitted,2026-06-26T08:09:00,emp_0132
WF-2279,HR Onboarding,Legal,Under Review,2026-06-27T07:09:00,emp_0100
WF-2279,HR Onboarding,Legal,Manager Approval,2026-06-28T14:09:00,emp_0189
WF-2279,HR Onboarding,Legal,Compliance Check,2026-06-29T14:09:00,emp_0053
WF-2279,HR Onboarding,Legal,Rejected,2026-06-30T16:09:00,emp_0134
WF-2280,Procurement,Human Resources,Submitted,2026-06-17T05:29:00,emp_0002
WF-2280,Procurement,Human Resources,Under Review,2026-06-18T16:29:00,emp_0074
WF-2280,Procurement,Human Resources,Manager Approval,2026-06-20T06:29:00,emp_0181
WF-2280,Procurement,Human Resources,Compliance Check,2026-06-22T04:29:00,emp_0153
WF-2280,Procurement,Human Resources,Approved,2026-06-24T02:29:00,emp_0124
WF-2281,IT Service Request,Human Resources,Submitted,2026-06-18T12:47:00,emp_0153
WF-2281,IT Service Request,Human Resources,Under Review,2026-06-19T10:47:00,emp_0121
WF-2281,IT Service Request,Human Resources,Rejected,2026-06-19T12:47:00,emp_0019
WF-2282,Finance Approval,Legal,Submitted,2026-07-01T05:40:00,emp_0064
WF-2282,Finance Approval,Legal,Under Review,2026-07-02T15:40:00,emp_0135
WF-2282,Finance Approval,Legal,Manager Approval,2026-07-04T11:40:00,emp_0090
WF-2282,Finance Approval,Legal,Compliance Check,2026-07-05T12:40:00,emp_0157
WF-2282,Finance Approval,Legal,Approved,2026-07-06T21:40:00,emp_0010
WF-2283,Legal Review,Legal,Submitted,2026-06-17T20:20:00,emp_0025
WF-2283,Legal Review,Legal,Under Review,2026-06-19T02:20:00,emp_0127
WF-2283,Legal Review,Legal,Rejected,2026-06-19T14:20:00,emp_0072
WF-2284,HR Onboarding,Finance,Submitted,2026-06-23T03:46:00,emp_0177
WF-2284,HR Onboarding,Finance,Under Review,2026-06-25T03:46:00,emp_0051
WF-2284,HR Onboarding,Finance,Manager Approval,2026-06-26T06:46:00,emp_0098
WF-2284,HR Onboarding,Finance,Compliance Check,2026-06-27T10:46:00,emp_0061
WF-2284,HR Onboarding,Finance,Rejected,2026-06-29T03:46:00,emp_0058
WF-2285,Legal Review,Sales,Submitted,2026-06-14T15:58:00,emp_0166
WF-2285,Legal Review,Sales,Under Review,2026-06-15T19:58:00,emp_0008
WF-2285,Legal Review,Sales,Manager Approval,2026-06-16T20:58:00,emp_0128
WF-2285,Legal Review,Sales,Approved,2026-06-17T12:58:00,emp_0028
WF-2286,Procurement,Legal,Submitted,2026-06-20T00:24:00,emp_0050
WF-2286,Procurement,Legal,Under Review,2026-06-21T19:24:00,emp_0134
WF-2286,Procurement,Legal,Manager Approval,2026-06-22T10:24:00,emp_0092
WF-2286,Procurement,Legal,Compliance Check,2026-06-24T07:24:00,emp_0058
WF-2286,Procurement,Legal,Rejected,2026-06-25T09:24:00,emp_0048
WF-2287,Legal Review,Operations,Submitted,2026-06-27T20:41:00,emp_0086
WF-2287,Legal Review,Operations,Under Review,2026-06-29T07:41:00,emp_0065
WF-2287,Legal Review,Operations,Manager Approval,2026-06-30T06:41:00,emp_0177
WF-2287,Legal Review,Operations,Compliance Check,2026-07-02T00:41:00,emp_0039
WF-2287,Legal Review,Operations,Approved,2026-07-03T15:41:00,emp_0099
WF-2288,HR Onboarding,Operations,Submitted,2026-06-08T02:07:00,emp_0188
WF-2288,HR Onboarding,Operations,Under Review,2026-06-08T11:07:00,emp_0139
WF-2288,HR Onboarding,Operations,Compliance Check,2026-06-09T06:07:00,emp_0171
WF-2288,HR Onboarding,Operations,Rejected,2026-06-09T07:07:00,emp_0075
WF-2289,Procurement,IT,Submitted,2026-06-07T09:27:00,emp_0151
WF-2289,Procurement,IT,Under Review,2026-06-08T12:27:00,emp_0095
WF-2289,Procurement,IT,Manager Approval,2026-06-09T12:27:00,emp_0146
WF-2289,Procurement,IT,Compliance Check,2026-06-10T18:27:00,emp_0194
WF-2289,Procurement,IT,Rejected,2026-06-12T11:27:00,emp_0165
WF-2290,Finance Approval,Human Resources,Submitted,2026-06-22T10:31:00,emp_0121
WF-2290,Finance Approval,Human Resources,Under Review,2026-06-23T13:31:00,emp_0180
WF-2290,Finance Approval,Human Resources,Manager Approval,2026-06-24T02:31:00,emp_0128
WF-2290,Finance Approval,Human Resources,Rejected,2026-06-25T22:31:00,emp_0151
WF-2291,IT Service Request,Legal,Submitted,2026-06-28T08:51:00,emp_0037
WF-2291,IT Service Request,Legal,Under Review,2026-06-29T16:51:00,emp_0001
WF-2291,IT Service Request,Legal,Manager Approval,2026-06-29T17:51:00,emp_0190
WF-2291,IT Service Request,Legal,Compliance Check,2026-07-01T15:51:00,emp_0079
WF-2291,IT Service Request,Legal,Approved,2026-07-01T23:51:00,emp_0116
WF-2292,Procurement,Supply Chain,Submitted,2026-07-03T02:54:00,emp_0119
WF-2292,Procurement,Supply Chain,Under Review,2026-07-03T16:54:00,emp_0099
WF-2292,Procurement,Supply Chain,Manager Approval,2026-07-04T13:54:00,emp_0104
WF-2292,Procurement,Supply Chain,Compliance Check,2026-07-06T03:54:00,emp_0028
WF-2292,Procurement,Supply Chain,Rejected,2026-07-06T06:54:00,emp_0156
WF-2293,HR Onboarding,Sales,Submitted,2026-06-27T20:33:00,emp_0162
WF-2293,HR Onboarding,Sales,Under Review,2026-06-28T15:33:00,emp_0158
WF-2293,HR Onboarding,Sales,Manager Approval,2026-06-29T22:33:00,emp_0120
WF-2293,HR Onboarding,Sales,Compliance Check,2026-06-30T15:33:00,emp_0021
WF-2293,HR Onboarding,Sales,Approved,2026-07-02T02:33:00,emp_0158
WF-2294,IT Service Request,Supply Chain,Submitted,2026-06-24T08:06:00,emp_0181
WF-2294,IT Service Request,Supply Chain,Under Review,2026-06-26T05:06:00,emp_0035
WF-2294,IT Service Request,Supply Chain,Manager Approval,2026-06-27T04:06:00,emp_0010
WF-2294,IT Service Request,Supply Chain,Compliance Check,2026-06-28T19:06:00,emp_0088
WF-2294,IT Service Request,Supply Chain,Approved,2026-06-28T20:06:00,emp_0047
WF-2295,Legal Review,IT,Submitted,2026-06-06T06:39:00,emp_0154
WF-2295,Legal Review,IT,Under Review,2026-06-06T09:39:00,emp_0090
WF-2295,Legal Review,IT,Manager Approval,2026-06-07T14:39:00,emp_0029
WF-2295,Legal Review,IT,Compliance Check,2026-06-08T12:39:00,emp_0127
WF-2295,Legal Review,IT,Rejected,2026-06-09T04:39:00,emp_0007
WF-2296,IT Service Request,Human Resources,Submitted,2026-06-15T05:17:00,emp_0088
WF-2296,IT Service Request,Human Resources,Under Review,2026-06-15T21:17:00,emp_0121
WF-2296,IT Service Request,Human Resources,Manager Approval,2026-06-16T15:17:00,emp_0138
WF-2296,IT Service Request,Human Resources,Compliance Check,2026-06-17T10:17:00,emp_0191
WF-2296,IT Service Request,Human Resources,Approved,2026-06-19T10:17:00,emp_0162
WF-2297,Procurement,Sales,Submitted,2026-06-26T08:35:00,emp_0048
WF-2297,Procurement,Sales,Under Review,2026-06-27T14:35:00,emp_0092
WF-2297,Procurement,Sales,Manager Approval,2026-06-28T13:35:00,emp_0087
WF-2297,Procurement,Sales,Rejected,2026-06-29T17:35:00,emp_0140
WF-2298,Legal Review,Sales,Submitted,2026-07-02T00:20:00,emp_0030
WF-2298,Legal Review,Sales,Under Review,2026-07-02T10:20:00,emp_0038
WF-2298,Legal Review,Sales,Manager Approval,2026-07-04T07:20:00,emp_0068
WF-2298,Legal Review,Sales,Approved,2026-07-05T03:20:00,emp_0089
WF-2299,Legal Review,Human Resources,Submitted,2026-06-05T06:12:00,emp_0159
WF-2299,Legal Review,Human Resources,Under Review,2026-06-06T23:12:00,emp_0042
WF-2299,Legal Review,Human Resources,Manager Approval,2026-06-07T21:12:00,emp_0048
WF-2299,Legal Review,Human Resources,Rejected,2026-06-09T05:12:00,emp_0094
WF-2300,Finance Approval,Legal,Submitted,2026-06-16T01:32:00,emp_0140
WF-2300,Finance Approval,Legal,Under Review,2026-06-17T05:32:00,emp_0017
WF-2300,Finance Approval,Legal,Manager Approval,2026-06-18T00:32:00,emp_0031
WF-2300,Finance Approval,Legal,Approved,2026-06-18T23:32:00,emp_0043
WF-2301,Legal Review,Finance,Submitted,2026-06-19T10:31:00,emp_0187
WF-2301,Legal Review,Finance,Under Review,2026-06-20T09:31:00,emp_0102
WF-2301,Legal Review,Finance,Manager Approval,2026-06-21T06:31:00,emp_0041
WF-2301,Legal Review,Finance,Compliance Check,2026-06-22T05:31:00,emp_0138
WF-2301,Legal Review,Finance,Approved,2026-06-23T23:31:00,emp_0163
WF-2302,Procurement,Legal,Submitted,2026-06-17T10:26:00,emp_0062
WF-2302,Procurement,Legal,Under Review,2026-06-18T08:26:00,emp_0076
WF-2302,Procurement,Legal,Manager Approval,2026-06-19T21:26:00,emp_0131
WF-2302,Procurement,Legal,Rejected,2026-06-21T05:26:00,emp_0120
WF-2303,Legal Review,Sales,Submitted,2026-06-23T12:38:00,emp_0185
WF-2303,Legal Review,Sales,Under Review,2026-06-23T21:38:00,emp_0025
WF-2303,Legal Review,Sales,Manager Approval,2026-06-23T23:38:00,emp_0198
WF-2303,Legal Review,Sales,Compliance Check,2026-06-25T06:38:00,emp_0152
WF-2303,Legal Review,Sales,Approved,2026-06-26T19:38:00,emp_0029
WF-2304,IT Service Request,Legal,Submitted,2026-06-15T07:12:00,emp_0035
WF-2304,IT Service Request,Legal,Under Review,2026-06-15T18:12:00,emp_0040
WF-2304,IT Service Request,Legal,Manager Approval,2026-06-17T16:12:00,emp_0068
WF-2304,IT Service Request,Legal,Rejected,2026-06-18T22:12:00,emp_0075
WF-2305,Procurement,Sales,Submitted,2026-06-13T04:22:00,emp_0139
WF-2305,Procurement,Sales,Under Review,2026-06-14T15:22:00,emp_0163
WF-2305,Procurement,Sales,Manager Approval,2026-06-16T00:22:00,emp_0029
WF-2305,Procurement,Sales,Approved,2026-06-17T15:22:00,emp_0005
WF-2306,IT Service Request,IT,Submitted,2026-06-25T22:17:00,emp_0005
WF-2306,IT Service Request,IT,Under Review,2026-06-26T04:17:00,emp_0004
WF-2306,IT Service Request,IT,Manager Approval,2026-06-27T06:17:00,emp_0025
WF-2306,IT Service Request,IT,Compliance Check,2026-06-29T02:17:00,emp_0010
WF-2306,IT Service Request,IT,Approved,2026-06-30T22:17:00,emp_0057
WF-2307,Legal Review,Sales,Submitted,2026-06-29T09:52:00,emp_0011
WF-2307,Legal Review,Sales,Under Review,2026-06-29T23:52:00,emp_0003
WF-2307,Legal Review,Sales,Approved,2026-06-30T19:52:00,emp_0161
WF-2308,IT Service Request,IT,Submitted,2026-06-11T05:05:00,emp_0061
WF-2308,IT Service Request,IT,Under Review,2026-06-11T18:05:00,emp_0041
WF-2308,IT Service Request,IT,Manager Approval,2026-06-13T08:05:00,emp_0029
WF-2308,IT Service Request,IT,Approved,2026-06-14T09:05:00,emp_0021
WF-2309,Procurement,Legal,Submitted,2026-06-03T09:14:00,emp_0048
WF-2309,Procurement,Legal,Under Review,2026-06-04T07:14:00,emp_0077
WF-2309,Procurement,Legal,Manager Approval,2026-06-04T22:14:00,emp_0024
WF-2309,Procurement,Legal,Rejected,2026-06-05T21:14:00,emp_0118
WF-2310,Procurement,IT,Submitted,2026-06-28T09:19:00,emp_0069
WF-2310,Procurement,IT,Under Review,2026-06-29T17:19:00,emp_0184
WF-2310,Procurement,IT,Manager Approval,2026-07-01T04:19:00,emp_0066
WF-2310,Procurement,IT,Approved,2026-07-01T05:19:00,emp_0039
WF-2311,Legal Review,IT,Submitted,2026-06-14T05:44:00,emp_0048
WF-2311,Legal Review,IT,Under Review,2026-06-14T22:44:00,emp_0119
WF-2311,Legal Review,IT,Manager Approval,2026-06-15T10:44:00,emp_0113
WF-2311,Legal Review,IT,Rejected,2026-06-17T01:44:00,emp_0071
WF-2312,IT Service Request,Human Resources,Submitted,2026-06-01T13:40:00,emp_0127
WF-2312,IT Service Request,Human Resources,Under Review,2026-06-03T12:40:00,emp_0089
WF-2312,IT Service Request,Human Resources,Approved,2026-06-04T05:40:00,emp_0037
WF-2313,Finance Approval,Finance,Submitted,2026-06-19T15:55:00,emp_0019
WF-2313,Finance Approval,Finance,Under Review,2026-06-20T07:55:00,emp_0066
WF-2313,Finance Approval,Finance,Manager Approval,2026-06-20T20:55:00,emp_0054
WF-2313,Finance Approval,Finance,Compliance Check,2026-06-21T18:55:00,emp_0040
WF-2313,Finance Approval,Finance,Approved,2026-06-23T17:55:00,emp_0022
WF-2314,Procurement,IT,Submitted,2026-06-13T10:52:00,emp_0052
WF-2314,Procurement,IT,Under Review,2026-06-14T06:52:00,emp_0152
WF-2314,Procurement,IT,Manager Approval,2026-06-15T01:52:00,emp_0032
WF-2314,Procurement,IT,Approved,2026-06-15T22:52:00,emp_0163
WF-2315,Procurement,Supply Chain,Submitted,2026-06-07T18:22:00,emp_0031
WF-2315,Procurement,Supply Chain,Under Review,2026-06-09T09:22:00,emp_0017
WF-2315,Procurement,Supply Chain,Manager Approval,2026-06-09T13:22:00,emp_0141
WF-2315,Procurement,Supply Chain,Compliance Check,2026-06-10T23:22:00,emp_0064
WF-2315,Procurement,Supply Chain,Rejected,2026-06-11T12:22:00,emp_0173
WF-2316,Legal Review,Supply Chain,Submitted,2026-06-08T00:03:00,emp_0111
WF-2316,Legal Review,Supply Chain,Under Review,2026-06-09T08:03:00,emp_0200
WF-2316,Legal Review,Supply Chain,Manager Approval,2026-06-09T13:03:00,emp_0157
WF-2316,Legal Review,Supply Chain,Rejected,2026-06-11T12:03:00,emp_0047
WF-2317,HR Onboarding,Supply Chain,Submitted,2026-06-28T02:47:00,emp_0028
WF-2317,HR Onboarding,Supply Chain,Under Review,2026-06-28T17:47:00,emp_0188
WF-2317,HR Onboarding,Supply Chain,Manager Approval,2026-06-29T00:47:00,emp_0010
WF-2317,HR Onboarding,Supply Chain,Rejected,2026-06-30T22:47:00,emp_0189
WF-2318,HR Onboarding,Finance,Submitted,2026-06-17T23:35:00,emp_0188
WF-2318,HR Onboarding,Finance,Under Review,2026-06-19T20:35:00,emp_0035
WF-2318,HR Onboarding,Finance,Manager Approval,2026-06-21T06:35:00,emp_0092
WF-2318,HR Onboarding,Finance,Compliance Check,2026-06-22T04:35:00,emp_0152
WF-2318,HR Onboarding,Finance,Rejected,2026-06-23T06:35:00,emp_0046
WF-2319,HR Onboarding,Supply Chain,Submitted,2026-06-03T20:50:00,emp_0052
WF-2319,HR Onboarding,Supply Chain,Under Review,2026-06-04T22:50:00,emp_0105
WF-2319,HR Onboarding,Supply Chain,Rejected,2026-06-06T12:50:00,emp_0189
WF-2320,Legal Review,Supply Chain,Submitted,2026-07-02T21:08:00,emp_0187
WF-2320,Legal Review,Supply Chain,Under Review,2026-07-04T02:08:00,emp_0195
WF-2320,Legal Review,Supply Chain,Rejected,2026-07-06T00:08:00,emp_0152
WF-2321,Procurement,Finance,Submitted,2026-06-16T14:05:00,emp_0096
WF-2321,Procurement,Finance,Under Review,2026-06-16T15:05:00,emp_0097
WF-2321,Procurement,Finance,Manager Approval,2026-06-17T07:05:00,emp_0149
WF-2321,Procurement,Finance,Approved,2026-06-19T02:05:00,emp_0065
WF-2322,Legal Review,Supply Chain,Submitted,2026-06-25T13:40:00,emp_0069
WF-2322,Legal Review,Supply Chain,Under Review,2026-06-26T08:40:00,emp_0191
WF-2322,Legal Review,Supply Chain,Manager Approval,2026-06-27T16:40:00,emp_0120
WF-2322,Legal Review,Supply Chain,Rejected,2026-06-28T13:40:00,emp_0180
WF-2323,HR Onboarding,Legal,Submitted,2026-07-02T13:20:00,emp_0158
WF-2323,HR Onboarding,Legal,Under Review,2026-07-03T13:20:00,emp_0158
WF-2323,HR Onboarding,Legal,Manager Approval,2026-07-05T00:20:00,emp_0155
WF-2323,HR Onboarding,Legal,Approved,2026-07-06T19:20:00,emp_0070
WF-2324,Finance Approval,Operations,Submitted,2026-07-03T02:50:00,emp_0021
WF-2324,Finance Approval,Operations,Under Review,2026-07-04T15:50:00,emp_0168
WF-2324,Finance Approval,Operations,Manager Approval,2026-07-04T19:50:00,emp_0131
WF-2324,Finance Approval,Operations,Rejected,2026-07-06T09:50:00,emp_0077
WF-2325,Procurement,Human Resources,Submitted,2026-06-16T19:46:00,emp_0096
WF-2325,Procurement,Human Resources,Under Review,2026-06-17T16:46:00,emp_0025
WF-2325,Procurement,Human Resources,Approved,2026-06-17T21:46:00,emp_0019
WF-2326,IT Service Request,Operations,Submitted,2026-06-29T13:40:00,emp_0002
WF-2326,IT Service Request,Operations,Under Review,2026-06-30T11:40:00,emp_0172
WF-2326,IT Service Request,Operations,Manager Approval,2026-06-30T15:40:00,emp_0060
WF-2326,IT Service Request,Operations,Approved,2026-07-02T01:40:00,emp_0022
WF-2327,IT Service Request,IT,Submitted,2026-07-03T09:01:00,emp_0044
WF-2327,IT Service Request,IT,Under Review,2026-07-04T20:01:00,emp_0068
WF-2327,IT Service Request,IT,Manager Approval,2026-07-06T00:01:00,emp_0026
WF-2327,IT Service Request,IT,Compliance Check,2026-07-06T11:01:00,emp_0160
WF-2327,IT Service Request,IT,Rejected,2026-07-07T08:01:00,emp_0017
WF-2328,Procurement,Human Resources,Submitted,2026-06-10T09:38:00,emp_0123
WF-2328,Procurement,Human Resources,Under Review,2026-06-12T07:38:00,emp_0171
WF-2328,Procurement,Human Resources,Manager Approval,2026-06-12T09:38:00,emp_0091
WF-2328,Procurement,Human Resources,Compliance Check,2026-06-12T18:38:00,emp_0129
WF-2328,Procurement,Human Resources,Approved,2026-06-14T16:38:00,emp_0185
WF-2329,Finance Approval,Legal,Submitted,2026-06-22T17:21:00,emp_0035
WF-2329,Finance Approval,Legal,Under Review,2026-06-23T12:21:00,emp_0003
WF-2329,Finance Approval,Legal,Manager Approval,2026-06-24T04:21:00,emp_0038
WF-2329,Finance Approval,Legal,Compliance Check,2026-06-24T19:21:00,emp_0030
WF-2329,Finance Approval,Legal,Rejected,2026-06-26T12:21:00,emp_0187
WF-2330,Legal Review,Sales,Submitted,2026-06-10T04:08:00,emp_0101
WF-2330,Legal Review,Sales,Under Review,2026-06-11T17:08:00,emp_0144
WF-2330,Legal Review,Sales,Manager Approval,2026-06-12T11:08:00,emp_0150
WF-2330,Legal Review,Sales,Approved,2026-06-13T05:08:00,emp_0117
WF-2331,IT Service Request,Finance,Submitted,2026-06-11T01:47:00,emp_0097
WF-2331,IT Service Request,Finance,Under Review,2026-06-11T08:47:00,emp_0043
WF-2331,IT Service Request,Finance,Manager Approval,2026-06-12T07:47:00,emp_0075
WF-2331,IT Service Request,Finance,Compliance Check,2026-06-14T05:47:00,emp_0009
WF-2331,IT Service Request,Finance,Rejected,2026-06-14T18:47:00,emp_0097
WF-2332,Procurement,Sales,Submitted,2026-06-10T17:27:00,emp_0023
WF-2332,Procurement,Sales,Under Review,2026-06-12T13:27:00,emp_0177
WF-2332,Procurement,Sales,Compliance Check,2026-06-14T03:27:00,emp_0012
WF-2332,Procurement,Sales,Approved,2026-06-14T08:27:00,emp_0082
WF-2333,Finance Approval,Supply Chain,Submitted,2026-06-20T00:58:00,emp_0150
WF-2333,Finance Approval,Supply Chain,Under Review,2026-06-20T16:58:00,emp_0043
WF-2333,Finance Approval,Supply Chain,Manager Approval,2026-06-22T06:58:00,emp_0150
WF-2333,Finance Approval,Supply Chain,Rejected,2026-06-22T18:58:00,emp_0005
WF-2334,Legal Review,Human Resources,Submitted,2026-06-16T17:54:00,emp_0038
WF-2334,Legal Review,Human Resources,Under Review,2026-06-16T22:54:00,emp_0093
WF-2334,Legal Review,Human Resources,Manager Approval,2026-06-17T15:54:00,emp_0100
WF-2334,Legal Review,Human Resources,Rejected,2026-06-19T04:54:00,emp_0145
WF-2335,Finance Approval,Legal,Submitted,2026-06-04T13:00:00,emp_0198
WF-2335,Finance Approval,Legal,Under Review,2026-06-05T16:00:00,emp_0107
WF-2335,Finance Approval,Legal,Manager Approval,2026-06-07T06:00:00,emp_0192
WF-2335,Finance Approval,Legal,Approved,2026-06-07T09:00:00,emp_0104
WF-2336,Finance Approval,Human Resources,Submitted,2026-06-07T11:23:00,emp_0032
WF-2336,Finance Approval,Human Resources,Under Review,2026-06-09T05:23:00,emp_0041
WF-2336,Finance Approval,Human Resources,Manager Approval,2026-06-10T21:23:00,emp_0025
WF-2336,Finance Approval,Human Resources,Compliance Check,2026-06-11T02:23:00,emp_0104
WF-2336,Finance Approval,Human Resources,Rejected,2026-06-12T02:23:00,emp_0100
WF-2337,Legal Review,Operations,Submitted,2026-06-04T19:25:00,emp_0054
WF-2337,Legal Review,Operations,Under Review,2026-06-06T00:25:00,emp_0099
WF-2337,Legal Review,Operations,Manager Approval,2026-06-06T07:25:00,emp_0121
WF-2337,Legal Review,Operations,Compliance Check,2026-06-06T09:25:00,emp_0091
WF-2337,Legal Review,Operations,Rejected,2026-06-08T02:25:00,emp_0117
WF-2338,Legal Review,Legal,Submitted,2026-06-25T18:00:00,emp_0181
WF-2338,Legal Review,Legal,Under Review,2026-06-26T08:00:00,emp_0021
WF-2338,Legal Review,Legal,Manager Approval,2026-06-26T15:00:00,emp_0197
WF-2338,Legal Review,Legal,Compliance Check,2026-06-28T03:00:00,emp_0185
WF-2338,Legal Review,Legal,Approved,2026-06-29T07:00:00,emp_0045
WF-2339,Legal Review,Operations,Submitted,2026-06-27T12:33:00,emp_0066
WF-2339,Legal Review,Operations,Under Review,2026-06-29T10:33:00,emp_0013
WF-2339,Legal Review,Operations,Manager Approval,2026-06-30T15:33:00,emp_0035
WF-2339,Legal Review,Operations,Rejected,2026-07-01T05:33:00,emp_0182
WF-2340,IT Service Request,Operations,Submitted,2026-07-01T01:24:00,emp_0031
WF-2340,IT Service Request,Operations,Under Review,2026-07-02T10:24:00,emp_0092
WF-2340,IT Service Request,Operations,Manager Approval,2026-07-03T13:24:00,emp_0032
WF-2340,IT Service Request,Operations,Rejected,2026-07-03T20:24:00,emp_0049
WF-2341,Procurement,Legal,Submitted,2026-06-22T16:25:00,emp_0095
WF-2341,Procurement,Legal,Under Review,2026-06-23T01:25:00,emp_0048
WF-2341,Procurement,Legal,Manager Approval,2026-06-24T19:25:00,emp_0129
WF-2341,Procurement,Legal,Approved,2026-06-26T02:25:00,emp_0018
WF-2342,Legal Review,Supply Chain,Submitted,2026-06-22T00:12:00,emp_0042
WF-2342,Legal Review,Supply Chain,Under Review,2026-06-22T06:12:00,emp_0130
WF-2342,Legal Review,Supply Chain,Compliance Check,2026-06-23T18:12:00,emp_0158
WF-2342,Legal Review,Supply Chain,Rejected,2026-06-24T11:12:00,emp_0177
WF-2343,HR Onboarding,Supply Chain,Submitted,2026-06-29T18:44:00,emp_0191
WF-2343,HR Onboarding,Supply Chain,Under Review,2026-07-01T11:44:00,emp_0120
WF-2343,HR Onboarding,Supply Chain,Manager Approval,2026-07-01T22:44:00,emp_0089
WF-2343,HR Onboarding,Supply Chain,Compliance Check,2026-07-02T07:44:00,emp_0070
WF-2343,HR Onboarding,Supply Chain,Rejected,2026-07-02T18:44:00,emp_0124
WF-2344,IT Service Request,Human Resources,Submitted,2026-06-24T12:23:00,emp_0153
WF-2344,IT Service Request,Human Resources,Under Review,2026-06-26T05:23:00,emp_0077
WF-2344,IT Service Request,Human Resources,Approved,2026-06-28T00:23:00,emp_0130
WF-2345,Finance Approval,Supply Chain,Submitted,2026-06-12T07:25:00,emp_0067
WF-2345,Finance Approval,Supply Chain,Under Review,2026-06-12T09:25:00,emp_0024
WF-2345,Finance Approval,Supply Chain,Manager Approval,2026-06-12T22:25:00,emp_0083
WF-2345,Finance Approval,Supply Chain,Compliance Check,2026-06-13T12:25:00,emp_0148
WF-2345,Finance Approval,Supply Chain,Rejected,2026-06-13T19:25:00,emp_0004
WF-2346,IT Service Request,Supply Chain,Submitted,2026-06-13T10:49:00,emp_0172
WF-2346,IT Service Request,Supply Chain,Under Review,2026-06-15T01:49:00,emp_0108
WF-2346,IT Service Request,Supply Chain,Manager Approval,2026-06-17T01:49:00,emp_0160
WF-2346,IT Service Request,Supply Chain,Compliance Check,2026-06-18T06:49:00,emp_0100
WF-2346,IT Service Request,Supply Chain,Rejected,2026-06-18T22:49:00,emp_0070
WF-2347,Procurement,Finance,Submitted,2026-06-06T21:34:00,emp_0131
WF-2347,Procurement,Finance,Under Review,2026-06-07T07:34:00,emp_0166
WF-2347,Procurement,Finance,Manager Approval,2026-06-09T06:34:00,emp_0169
WF-2347,Procurement,Finance,Approved,2026-06-11T00:34:00,emp_0014
WF-2348,Procurement,Finance,Submitted,2026-06-09T09:28:00,emp_0058
WF-2348,Procurement,Finance,Under Review,2026-06-10T19:28:00,emp_0111
WF-2348,Procurement,Finance,Manager Approval,2026-06-11T10:28:00,emp_0013
WF-2348,Procurement,Finance,Compliance Check,2026-06-12T09:28:00,emp_0075
WF-2348,Procurement,Finance,Approved,2026-06-13T09:28:00,emp_0042
WF-2349,HR Onboarding,Finance,Submitted,2026-06-23T23:40:00,emp_0154
WF-2349,HR Onboarding,Finance,Under Review,2026-06-25T09:40:00,emp_0069
WF-2349,HR Onboarding,Finance,Manager Approval,2026-06-25T23:40:00,emp_0087
WF-2349,HR Onboarding,Finance,Compliance Check,2026-06-26T20:40:00,emp_0075
WF-2349,HR Onboarding,Finance,Rejected,2026-06-27T01:40:00,emp_0162
WF-2350,Legal Review,Sales,Submitted,2026-06-28T02:18:00,emp_0011
WF-2350,Legal Review,Sales,Under Review,2026-06-29T06:18:00,emp_0083
WF-2350,Legal Review,Sales,Manager Approval,2026-06-29T09:18:00,emp_0181
WF-2350,Legal Review,Sales,Compliance Check,2026-07-01T00:18:00,emp_0129
WF-2350,Legal Review,Sales,Approved,2026-07-01T08:18:00,emp_0062
WF-2351,HR Onboarding,Sales,Submitted,2026-06-20T16:35:00,emp_0073
WF-2351,HR Onboarding,Sales,Under Review,2026-06-22T07:35:00,emp_0118
WF-2351,HR Onboarding,Sales,Manager Approval,2026-06-23T01:35:00,emp_0080
WF-2351,HR Onboarding,Sales,Approved,2026-06-24T10:35:00,emp_0051
WF-2352,Legal Review,Human Resources,Submitted,2026-06-19T10:19:00,emp_0075
WF-2352,Legal Review,Human Resources,Under Review,2026-06-20T09:19:00,emp_0039
WF-2352,Legal Review,Human Resources,Manager Approval,2026-06-22T01:19:00,emp_0114
WF-2352,Legal Review,Human Resources,Compliance Check,2026-06-23T21:19:00,emp_0153
WF-2352,Legal Review,Human Resources,Approved,2026-06-24T16:19:00,emp_0065
WF-2353,IT Service Request,Human Resources,Submitted,2026-06-28T11:14:00,emp_0159
WF-2353,IT Service Request,Human Resources,Under Review,2026-06-28T17:14:00,emp_0083
WF-2353,IT Service Request,Human Resources,Manager Approval,2026-06-29T15:14:00,emp_0009
WF-2353,IT Service Request,Human Resources,Compliance Check,2026-07-01T01:14:00,emp_0058
WF-2353,IT Service Request,Human Resources,Approved,2026-07-02T10:14:00,emp_0033
WF-2354,HR Onboarding,Legal,Submitted,2026-06-28T14:08:00,emp_0110
WF-2354,HR Onboarding,Legal,Under Review,2026-06-30T05:08:00,emp_0179
WF-2354,HR Onboarding,Legal,Manager Approval,2026-07-01T10:08:00,emp_0150
WF-2354,HR Onboarding,Legal,Rejected,2026-07-02T00:08:00,emp_0008
WF-2355,HR Onboarding,Legal,Submitted,2026-06-29T22:34:00,emp_0163
WF-2355,HR Onboarding,Legal,Under Review,2026-07-01T20:34:00,emp_0180
WF-2355,HR Onboarding,Legal,Manager Approval,2026-07-03T14:34:00,emp_0055
WF-2355,HR Onboarding,Legal,Rejected,2026-07-04T02:34:00,emp_0104
WF-2356,Legal Review,Human Resources,Submitted,2026-06-17T19:32:00,emp_0101
WF-2356,Legal Review,Human Resources,Under Review,2026-06-19T04:32:00,emp_0094
WF-2356,Legal Review,Human Resources,Manager Approval,2026-06-20T18:32:00,emp_0074
WF-2356,Legal Review,Human Resources,Rejected,2026-06-22T09:32:00,emp_0057
WF-2357,Finance Approval,Human Resources,Submitted,2026-06-08T21:50:00,emp_0165
WF-2357,Finance Approval,Human Resources,Under Review,2026-06-10T21:50:00,emp_0103
WF-2357,Finance Approval,Human Resources,Manager Approval,2026-06-12T02:50:00,emp_0030
WF-2357,Finance Approval,Human Resources,Approved,2026-06-13T06:50:00,emp_0095
WF-2358,Procurement,IT,Submitted,2026-06-04T17:23:00,emp_0072
WF-2358,Procurement,IT,Under Review,2026-06-05T02:23:00,emp_0006
WF-2358,Procurement,IT,Manager Approval,2026-06-07T00:23:00,emp_0032
WF-2358,Procurement,IT,Rejected,2026-06-08T04:23:00,emp_0187
WF-2359,Finance Approval,IT,Submitted,2026-06-19T00:13:00,emp_0001
WF-2359,Finance Approval,IT,Under Review,2026-06-20T16:13:00,emp_0090
WF-2359,Finance Approval,IT,Manager Approval,2026-06-22T05:13:00,emp_0106
WF-2359,Finance Approval,IT,Approved,2026-06-23T00:13:00,emp_0098
WF-2360,IT Service Request,Operations,Submitted,2026-06-17T15:34:00,emp_0056
WF-2360,IT Service Request,Operations,Under Review,2026-06-18T03:34:00,emp_0071
WF-2360,IT Service Request,Operations,Manager Approval,2026-06-19T11:34:00,emp_0146
WF-2360,IT Service Request,Operations,Compliance Check,2026-06-20T14:34:00,emp_0025
WF-2360,IT Service Request,Operations,Approved,2026-06-20T17:34:00,emp_0098
WF-2361,Finance Approval,Legal,Submitted,2026-07-01T20:04:00,emp_0043
WF-2361,Finance Approval,Legal,Under Review,2026-07-03T03:04:00,emp_0029
WF-2361,Finance Approval,Legal,Compliance Check,2026-07-03T04:04:00,emp_0102
WF-2361,Finance Approval,Legal,Rejected,2026-07-04T21:04:00,emp_0191
WF-2362,HR Onboarding,Legal,Submitted,2026-06-06T15:53:00,emp_0036
WF-2362,HR Onboarding,Legal,Under Review,2026-06-07T03:53:00,emp_0078
WF-2362,HR Onboarding,Legal,Manager Approval,2026-06-08T20:53:00,emp_0044
WF-2362,HR Onboarding,Legal,Rejected,2026-06-09T09:53:00,emp_0142
WF-2363,Legal Review,Legal,Submitted,2026-07-02T20:14:00,emp_0130
WF-2363,Legal Review,Legal,Under Review,2026-07-03T03:14:00,emp_0158
WF-2363,Legal Review,Legal,Manager Approval,2026-07-03T05:14:00,emp_0167
WF-2363,Legal Review,Legal,Compliance Check,2026-07-04T12:14:00,emp_0181
WF-2363,Legal Review,Legal,Rejected,2026-07-05T01:14:00,emp_0149
WF-2364,Legal Review,Legal,Submitted,2026-06-07T17:52:00,emp_0166
WF-2364,Legal Review,Legal,Under Review,2026-06-07T18:52:00,emp_0139
WF-2364,Legal Review,Legal,Manager Approval,2026-06-07T23:52:00,emp_0049
WF-2364,Legal Review,Legal,Compliance Check,2026-06-08T09:52:00,emp_0119
WF-2364,Legal Review,Legal,Rejected,2026-06-09T07:52:00,emp_0065
WF-2365,HR Onboarding,Operations,Submitted,2026-06-26T22:41:00,emp_0197
WF-2365,HR Onboarding,Operations,Under Review,2026-06-27T12:41:00,emp_0082
WF-2365,HR Onboarding,Operations,Manager Approval,2026-06-27T21:41:00,emp_0110
WF-2365,HR Onboarding,Operations,Compliance Check,2026-06-27T22:41:00,emp_0126
WF-2365,HR Onboarding,Operations,Rejected,2026-06-29T12:41:00,emp_0121
WF-2366,Procurement,Finance,Submitted,2026-06-22T16:26:00,emp_0016
WF-2366,Procurement,Finance,Under Review,2026-06-23T06:26:00,emp_0155
WF-2366,Procurement,Finance,Manager Approval,2026-06-23T15:26:00,emp_0175
WF-2366,Procurement,Finance,Compliance Check,2026-06-25T05:26:00,emp_0112
WF-2366,Procurement,Finance,Rejected,2026-06-25T07:26:00,emp_0024
WF-2367,Finance Approval,Supply Chain,Submitted,2026-06-17T09:06:00,emp_0137
WF-2367,Finance Approval,Supply Chain,Under Review,2026-06-18T05:06:00,emp_0001
WF-2367,Finance Approval,Supply Chain,Manager Approval,2026-06-19T00:06:00,emp_0152
WF-2367,Finance Approval,Supply Chain,Rejected,2026-06-19T15:06:00,emp_0090
WF-2368,Legal Review,Human Resources,Submitted,2026-06-13T11:31:00,emp_0185
WF-2368,Legal Review,Human Resources,Under Review,2026-06-13T17:31:00,emp_0162
WF-2368,Legal Review,Human Resources,Manager Approval,2026-06-14T09:31:00,emp_0151
WF-2368,Legal Review,Human Resources,Compliance Check,2026-06-15T18:31:00,emp_0115
WF-2368,Legal Review,Human Resources,Rejected,2026-06-16T05:31:00,emp_0194
WF-2369,Procurement,Supply Chain,Submitted,2026-06-08T04:24:00,emp_0098
WF-2369,Procurement,Supply Chain,Under Review,2026-06-08T07:24:00,emp_0174
WF-2369,Procurement,Supply Chain,Manager Approval,2026-06-09T23:24:00,emp_0014
WF-2369,Procurement,Supply Chain,Rejected,2026-06-11T03:24:00,emp_0017
WF-2370,Finance Approval,Supply Chain,Submitted,2026-06-26T06:09:00,emp_0132
WF-2370,Finance Approval,Supply Chain,Under Review,2026-06-28T00:09:00,emp_0076
WF-2370,Finance Approval,Supply Chain,Compliance Check,2026-06-29T19:09:00,emp_0102
WF-2370,Finance Approval,Supply Chain,Rejected,2026-06-30T10:09:00,emp_0005
WF-2371,Finance Approval,Legal,Submitted,2026-06-08T00:14:00,emp_0189
WF-2371,Finance Approval,Legal,Under Review,2026-06-09T05:14:00,emp_0129
WF-2371,Finance Approval,Legal,Manager Approval,2026-06-11T02:14:00,emp_0174
WF-2371,Finance Approval,Legal,Approved,2026-06-11T14:14:00,emp_0133
WF-2372,IT Service Request,Legal,Submitted,2026-06-23T08:13:00,emp_0125
WF-2372,IT Service Request,Legal,Under Review,2026-06-23T11:13:00,emp_0176
WF-2372,IT Service Request,Legal,Manager Approval,2026-06-24T07:13:00,emp_0089
WF-2372,IT Service Request,Legal,Compliance Check,2026-06-25T01:13:00,emp_0105
WF-2372,IT Service Request,Legal,Rejected,2026-06-25T23:13:00,emp_0100
WF-2373,HR Onboarding,Sales,Submitted,2026-06-27T21:38:00,emp_0008
WF-2373,HR Onboarding,Sales,Under Review,2026-06-28T23:38:00,emp_0109
WF-2373,HR Onboarding,Sales,Rejected,2026-06-30T03:38:00,emp_0141
WF-2374,Procurement,Legal,Submitted,2026-06-02T17:27:00,emp_0167
WF-2374,Procurement,Legal,Under Review,2026-06-04T06:27:00,emp_0157
WF-2374,Procurement,Legal,Manager Approval,2026-06-05T05:27:00,emp_0198
WF-2374,Procurement,Legal,Approved,2026-06-07T01:27:00,emp_0076
WF-2375,Legal Review,Human Resources,Submitted,2026-06-09T20:57:00,emp_0034
WF-2375,Legal Review,Human Resources,Under Review,2026-06-11T20:57:00,emp_0045
WF-2375,Legal Review,Human Resources,Manager Approval,2026-06-12T22:57:00,emp_0003
WF-2375,Legal Review,Human Resources,Rejected,2026-06-13T14:57:00,emp_0049
WF-2376,Legal Review,Human Resources,Submitted,2026-06-24T16:59:00,emp_0161
WF-2376,Legal Review,Human Resources,Under Review,2026-06-25T10:59:00,emp_0180
WF-2376,Legal Review,Human Resources,Approved,2026-06-27T09:59:00,emp_0066
WF-2377,Finance Approval,Legal,Submitted,2026-06-30T12:39:00,emp_0163
WF-2377,Finance Approval,Legal,Under Review,2026-06-30T17:39:00,emp_0094
WF-2377,Finance Approval,Legal,Manager Approval,2026-07-01T20:39:00,emp_0012
WF-2377,Finance Approval,Legal,Compliance Check,2026-07-02T14:39:00,emp_0059
WF-2377,Finance Approval,Legal,Approved,2026-07-04T14:39:00,emp_0038
WF-2378,IT Service Request,Human Resources,Submitted,2026-06-02T16:32:00,emp_0016
WF-2378,IT Service Request,Human Resources,Under Review,2026-06-03T09:32:00,emp_0119
WF-2378,IT Service Request,Human Resources,Manager Approval,2026-06-03T11:32:00,emp_0132
WF-2378,IT Service Request,Human Resources,Rejected,2026-06-05T03:32:00,emp_0043
WF-2379,Procurement,Supply Chain,Submitted,2026-06-05T14:00:00,emp_0013
WF-2379,Procurement,Supply Chain,Under Review,2026-06-07T10:00:00,emp_0109
WF-2379,Procurement,Supply Chain,Manager Approval,2026-06-09T09:00:00,emp_0052
WF-2379,Procurement,Supply Chain,Approved,2026-06-09T21:00:00,emp_0166
WF-2380,Legal Review,Human Resources,Submitted,2026-06-18T20:27:00,emp_0033
WF-2380,Legal Review,Human Resources,Under Review,2026-06-20T09:27:00,emp_0007
WF-2380,Legal Review,Human Resources,Manager Approval,2026-06-22T08:27:00,emp_0024
WF-2380,Legal Review,Human Resources,Approved,2026-06-23T01:27:00,emp_0010
WF-2381,Procurement,Legal,Submitted,2026-06-03T00:14:00,emp_0055
WF-2381,Procurement,Legal,Under Review,2026-06-04T09:14:00,emp_0192
WF-2381,Procurement,Legal,Manager Approval,2026-06-04T10:14:00,emp_0097
WF-2381,Procurement,Legal,Compliance Check,2026-06-05T23:14:00,emp_0191
WF-2381,Procurement,Legal,Rejected,2026-06-07T19:14:00,emp_0199
WF-2382,HR Onboarding,Sales,Submitted,2026-06-06T07:05:00,emp_0182
WF-2382,HR Onboarding,Sales,Under Review,2026-06-08T04:05:00,emp_0115
WF-2382,HR Onboarding,Sales,Manager Approval,2026-06-09T09:05:00,emp_0179
WF-2382,HR Onboarding,Sales,Rejected,2026-06-10T15:05:00,emp_0087
WF-2383,HR Onboarding,Operations,Submitted,2026-06-04T03:11:00,emp_0069
WF-2383,HR Onboarding,Operations,Under Review,2026-06-05T23:11:00,emp_0195
WF-2383,HR Onboarding,Operations,Compliance Check,2026-06-06T20:11:00,emp_0178
WF-2383,HR Onboarding,Operations,Rejected,2026-06-08T02:11:00,emp_0114
WF-2384,Procurement,Legal,Submitted,2026-06-06T08:44:00,emp_0181
WF-2384,Procurement,Legal,Under Review,2026-06-07T01:44:00,emp_0012
WF-2384,Procurement,Legal,Rejected,2026-06-07T16:44:00,emp_0200
WF-2385,HR Onboarding,Sales,Submitted,2026-06-10T13:03:00,emp_0035
WF-2385,HR Onboarding,Sales,Under Review,2026-06-11T11:03:00,emp_0183
WF-2385,HR Onboarding,Sales,Manager Approval,2026-06-11T14:03:00,emp_0168
WF-2385,HR Onboarding,Sales,Approved,2026-06-13T08:03:00,emp_0122
WF-2386,IT Service Request,Human Resources,Submitted,2026-06-10T10:55:00,emp_0189
WF-2386,IT Service Request,Human Resources,Under Review,2026-06-11T13:55:00,emp_0006
WF-2386,IT Service Request,Human Resources,Manager Approval,2026-06-12T16:55:00,emp_0010
WF-2386,IT Service Request,Human Resources,Compliance Check,2026-06-13T05:55:00,emp_0089
WF-2386,IT Service Request,Human Resources,Approved,2026-06-14T11:55:00,emp_0141
WF-2387,HR Onboarding,Sales,Submitted,2026-07-02T02:57:00,emp_0001
WF-2387,HR Onboarding,Sales,Under Review,2026-07-03T15:57:00,emp_0176
WF-2387,HR Onboarding,Sales,Approved,2026-07-05T14:57:00,emp_0029
WF-2388,Finance Approval,Finance,Submitted,2026-06-28T23:18:00,emp_0107
WF-2388,Finance Approval,Finance,Under Review,2026-06-29T01:18:00,emp_0117
WF-2388,Finance Approval,Finance,Manager Approval,2026-06-29T12:18:00,emp_0024
WF-2388,Finance Approval,Finance,Compliance Check,2026-07-01T01:18:00,emp_0111
WF-2388,Finance Approval,Finance,Approved,2026-07-02T03:18:00,emp_0136
WF-2389,HR Onboarding,Sales,Submitted,2026-06-16T19:51:00,emp_0099
WF-2389,HR Onboarding,Sales,Under Review,2026-06-18T19:51:00,emp_0019
WF-2389,HR Onboarding,Sales,Manager Approval,2026-06-20T05:51:00,emp_0072
WF-2389,HR Onboarding,Sales,Compliance Check,2026-06-21T16:51:00,emp_0035
WF-2389,HR Onboarding,Sales,Approved,2026-06-23T12:51:00,emp_0122
WF-2390,IT Service Request,Legal,Submitted,2026-06-01T07:13:00,emp_0169
WF-2390,IT Service Request,Legal,Under Review,2026-06-02T19:13:00,emp_0121
WF-2390,IT Service Request,Legal,Manager Approval,2026-06-03T02:13:00,emp_0102
WF-2390,IT Service Request,Legal,Approved,2026-06-04T14:13:00,emp_0118
WF-2391,Procurement,Operations,Submitted,2026-07-02T04:55:00,emp_0135
WF-2391,Procurement,Operations,Under Review,2026-07-02T14:55:00,emp_0169
WF-2391,Procurement,Operations,Manager Approval,2026-07-03T08:55:00,emp_0010
WF-2391,Procurement,Operations,Rejected,2026-07-05T03:55:00,emp_0036
WF-2392,HR Onboarding,Human Resources,Submitted,2026-06-25T04:14:00,emp_0086
WF-2392,HR Onboarding,Human Resources,Under Review,2026-06-25T15:14:00,emp_0113
WF-2392,HR Onboarding,Human Resources,Manager Approval,2026-06-25T22:14:00,emp_0073
WF-2392,HR Onboarding,Human Resources,Approved,2026-06-26T06:14:00,emp_0108
WF-2393,Legal Review,Supply Chain,Submitted,2026-06-05T07:47:00,emp_0077
WF-2393,Legal Review,Supply Chain,Under Review,2026-06-06T02:47:00,emp_0075
WF-2393,Legal Review,Supply Chain,Manager Approval,2026-06-07T08:47:00,emp_0129
WF-2393,Legal Review,Supply Chain,Compliance Check,2026-06-08T11:47:00,emp_0041
WF-2393,Legal Review,Supply Chain,Approved,2026-06-10T02:47:00,emp_0028
WF-2394,Finance Approval,Sales,Submitted,2026-07-02T19:52:00,emp_0151
WF-2394,Finance Approval,Sales,Under Review,2026-07-03T04:52:00,emp_0064
WF-2394,Finance Approval,Sales,Manager Approval,2026-07-04T22:52:00,emp_0135
WF-2394,Finance Approval,Sales,Compliance Check,2026-07-06T08:52:00,emp_0145
WF-2394,Finance Approval,Sales,Rejected,2026-07-07T23:52:00,emp_0158
WF-2395,Procurement,Human Resources,Submitted,2026-06-14T15:16:00,emp_0039
WF-2395,Procurement,Human Resources,Under Review,2026-06-16T07:16:00,emp_0148
WF-2395,Procurement,Human Resources,Manager Approval,2026-06-16T18:16:00,emp_0157
WF-2395,Procurement,Human Resources,Compliance Check,2026-06-17T03:16:00,emp_0101
WF-2395,Procurement,Human Resources,Rejected,2026-06-19T01:16:00,emp_0043
WF-2396,Finance Approval,Sales,Submitted,2026-06-06T04:31:00,emp_0015
WF-2396,Finance Approval,Sales,Under Review,2026-06-08T02:31:00,emp_0028
WF-2396,Finance Approval,Sales,Manager Approval,2026-06-09T20:31:00,emp_0091
WF-2396,Finance Approval,Sales,Rejected,2026-06-10T14:31:00,emp_0032
WF-2397,HR Onboarding,Legal,Submitted,2026-06-21T01:14:00,emp_0037
WF-2397,HR Onboarding,Legal,Under Review,2026-06-22T00:14:00,emp_0198
WF-2397,HR Onboarding,Legal,Manager Approval,2026-06-22T02:14:00,emp_0086
WF-2397,HR Onboarding,Legal,Compliance Check,2026-06-22T22:14:00,emp_0100
WF-2397,HR Onboarding,Legal,Rejected,2026-06-22T23:14:00,emp_0106
WF-2398,Legal Review,Supply Chain,Submitted,2026-06-07T00:09:00,emp_0186
WF-2398,Legal Review,Supply Chain,Under Review,2026-06-08T11:09:00,emp_0151
WF-2398,Legal Review,Supply Chain,Compliance Check,2026-06-09T09:09:00,emp_0187
WF-2398,Legal Review,Supply Chain,Approved,2026-06-10T14:09:00,emp_0149
WF-2399,HR Onboarding,Sales,Submitted,2026-06-05T14:47:00,emp_0106
WF-2399,HR Onboarding,Sales,Under Review,2026-06-06T16:47:00,emp_0123
WF-2399,HR Onboarding,Sales,Manager Approval,2026-06-07T12:47:00,emp_0002
WF-2399,HR Onboarding,Sales,Rejected,2026-06-08T08:47:00,emp_0162
WF-2400,IT Service Request,IT,Submitted,2026-06-21T16:28:00,emp_0004
WF-2400,IT Service Request,IT,Under Review,2026-06-22T11:28:00,emp_0085
WF-2400,IT Service Request,IT,Manager Approval,2026-06-24T03:28:00,emp_0165
WF-2400,IT Service Request,IT,Compliance Check,2026-06-24T06:28:00,emp_0151
WF-2400,IT Service Request,IT,Approved,2026-06-25T17:28:00,emp_0094
WF-2401,Procurement,Operations,Submitted,2026-06-30T23:43:00,emp_0179
WF-2401,Procurement,Operations,Under Review,2026-07-02T10:43:00,emp_0128
WF-2401,Procurement,Operations,Rejected,2026-07-03T02:43:00,emp_0135
WF-2402,Procurement,Legal,Submitted,2026-06-20T12:04:00,emp_0107
WF-2402,Procurement,Legal,Under Review,2026-06-22T06:04:00,emp_0173
WF-2402,Procurement,Legal,Manager Approval,2026-06-23T09:04:00,emp_0166
WF-2402,Procurement,Legal,Compliance Check,2026-06-24T22:04:00,emp_0003
WF-2402,Procurement,Legal,Approved,2026-06-26T19:04:00,emp_0148
WF-2403,IT Service Request,Sales,Submitted,2026-06-11T15:00:00,emp_0055
WF-2403,IT Service Request,Sales,Under Review,2026-06-13T09:00:00,emp_0068
WF-2403,IT Service Request,Sales,Manager Approval,2026-06-14T16:00:00,emp_0076
WF-2403,IT Service Request,Sales,Compliance Check,2026-06-16T06:00:00,emp_0108
WF-2403,IT Service Request,Sales,Rejected,2026-06-17T18:00:00,emp_0085
WF-2404,HR Onboarding,Operations,Submitted,2026-06-28T22:40:00,emp_0167
WF-2404,HR Onboarding,Operations,Under Review,2026-06-29T04:40:00,emp_0125
WF-2404,HR Onboarding,Operations,Rejected,2026-06-29T09:40:00,emp_0048
WF-2405,Legal Review,Operations,Submitted,2026-06-24T07:58:00,emp_0045
WF-2405,Legal Review,Operations,Under Review,2026-06-25T11:58:00,emp_0189
WF-2405,Legal Review,Operations,Manager Approval,2026-06-26T03:58:00,emp_0030
WF-2405,Legal Review,Operations,Approved,2026-06-27T03:58:00,emp_0138
WF-2406,HR Onboarding,Supply Chain,Submitted,2026-06-23T03:42:00,emp_0083
WF-2406,HR Onboarding,Supply Chain,Under Review,2026-06-24T06:42:00,emp_0101
WF-2406,HR Onboarding,Supply Chain,Manager Approval,2026-06-25T23:42:00,emp_0147
WF-2406,HR Onboarding,Supply Chain,Compliance Check,2026-06-27T22:42:00,emp_0143
WF-2406,HR Onboarding,Supply Chain,Rejected,2026-06-29T11:42:00,emp_0169
WF-2407,Finance Approval,Operations,Submitted,2026-06-28T08:37:00,emp_0121
WF-2407,Finance Approval,Operations,Under Review,2026-06-29T12:37:00,emp_0005
WF-2407,Finance Approval,Operations,Manager Approval,2026-06-30T23:37:00,emp_0022
WF-2407,Finance Approval,Operations,Rejected,2026-07-01T23:37:00,emp_0120
WF-2408,IT Service Request,Finance,Submitted,2026-06-18T05:47:00,emp_0047
WF-2408,IT Service Request,Finance,Under Review,2026-06-18T12:47:00,emp_0186
WF-2408,IT Service Request,Finance,Manager Approval,2026-06-18T16:47:00,emp_0167
WF-2408,IT Service Request,Finance,Compliance Check,2026-06-19T09:47:00,emp_0155
WF-2408,IT Service Request,Finance,Approved,2026-06-19T21:47:00,emp_0165
WF-2409,Legal Review,Legal,Submitted,2026-06-21T18:47:00,emp_0089
WF-2409,Legal Review,Legal,Under Review,2026-06-22T19:47:00,emp_0198
WF-2409,Legal Review,Legal,Manager Approval,2026-06-23T18:47:00,emp_0068
WF-2409,Legal Review,Legal,Approved,2026-06-24T17:47:00,emp_0151
WF-2410,IT Service Request,Finance,Submitted,2026-06-27T22:00:00,emp_0098
WF-2410,IT Service Request,Finance,Under Review,2026-06-28T15:00:00,emp_0093
WF-2410,IT Service Request,Finance,Manager Approval,2026-06-29T16:00:00,emp_0113
WF-2410,IT Service Request,Finance,Compliance Check,2026-06-30T14:00:00,emp_0185
WF-2410,IT Service Request,Finance,Approved,2026-07-01T17:00:00,emp_0161
WF-2411,Procurement,Finance,Submitted,2026-06-23T07:57:00,emp_0108
WF-2411,Procurement,Finance,Under Review,2026-06-23T09:57:00,emp_0057
WF-2411,Procurement,Finance,Rejected,2026-06-24T14:57:00,emp_0115
WF-2412,Legal Review,Legal,Submitted,2026-06-02T17:35:00,emp_0120
WF-2412,Legal Review,Legal,Under Review,2026-06-04T17:35:00,emp_0138
WF-2412,Legal Review,Legal,Manager Approval,2026-06-05T15:35:00,emp_0170
WF-2412,Legal Review,Legal,Compliance Check,2026-06-07T14:35:00,emp_0034
WF-2412,Legal Review,Legal,Rejected,2026-06-08T09:35:00,emp_0115
WF-2413,Finance Approval,Legal,Submitted,2026-06-10T18:29:00,emp_0135
WF-2413,Finance Approval,Legal,Under Review,2026-06-12T18:29:00,emp_0086
WF-2413,Finance Approval,Legal,Manager Approval,2026-06-13T07:29:00,emp_0069
WF-2413,Finance Approval,Legal,Compliance Check,2026-06-13T11:29:00,emp_0111
WF-2413,Finance Approval,Legal,Approved,2026-06-14T20:29:00,emp_0059
WF-2414,Legal Review,Supply Chain,Submitted,2026-06-19T09:39:00,emp_0041
WF-2414,Legal Review,Supply Chain,Under Review,2026-06-21T06:39:00,emp_0195
WF-2414,Legal Review,Supply Chain,Rejected,2026-06-23T03:39:00,emp_0149
WF-2415,HR Onboarding,Operations,Submitted,2026-06-21T11:51:00,emp_0145
WF-2415,HR Onboarding,Operations,Under Review,2026-06-23T04:51:00,emp_0098
WF-2415,HR Onboarding,Operations,Approved,2026-06-24T09:51:00,emp_0145
WF-2416,Finance Approval,Finance,Submitted,2026-06-19T00:57:00,emp_0013
WF-2416,Finance Approval,Finance,Under Review,2026-06-19T14:57:00,emp_0087
WF-2416,Finance Approval,Finance,Manager Approval,2026-06-19T16:57:00,emp_0173
WF-2416,Finance Approval,Finance,Compliance Check,2026-06-20T01:57:00,emp_0044
WF-2416,Finance Approval,Finance,Approved,2026-06-20T21:57:00,emp_0170
WF-2417,IT Service Request,Sales,Submitted,2026-06-18T07:04:00,emp_0037
WF-2417,IT Service Request,Sales,Under Review,2026-06-19T22:04:00,emp_0145
WF-2417,IT Service Request,Sales,Manager Approval,2026-06-20T00:04:00,emp_0047
WF-2417,IT Service Request,Sales,Rejected,2026-06-20T11:04:00,emp_0104
WF-2418,HR Onboarding,Legal,Submitted,2026-06-28T21:44:00,emp_0090
WF-2418,HR Onboarding,Legal,Under Review,2026-06-29T14:44:00,emp_0093
WF-2418,HR Onboarding,Legal,Manager Approval,2026-07-01T14:44:00,emp_0133
WF-2418,HR Onboarding,Legal,Approved,2026-07-02T12:44:00,emp_0084
WF-2419,Legal Review,Sales,Submitted,2026-06-16T04:33:00,emp_0054
WF-2419,Legal Review,Sales,Under Review,2026-06-17T03:33:00,emp_0107
WF-2419,Legal Review,Sales,Manager Approval,2026-06-19T01:33:00,emp_0053
WF-2419,Legal Review,Sales,Approved,2026-06-20T21:33:00,emp_0168
WF-2420,IT Service Request,IT,Submitted,2026-06-05T04:22:00,emp_0176
WF-2420,IT Service Request,IT,Under Review,2026-06-06T04:22:00,emp_0147
WF-2420,IT Service Request,IT,Manager Approval,2026-06-06T18:22:00,emp_0172
WF-2420,IT Service Request,IT,Compliance Check,2026-06-07T01:22:00,emp_0014
WF-2420,IT Service Request,IT,Rejected,2026-06-08T03:22:00,emp_0103
WF-2421,Finance Approval,Supply Chain,Submitted,2026-06-08T14:42:00,emp_0027
WF-2421,Finance Approval,Supply Chain,Under Review,2026-06-08T23:42:00,emp_0066
WF-2421,Finance Approval,Supply Chain,Manager Approval,2026-06-10T10:42:00,emp_0160
WF-2421,Finance Approval,Supply Chain,Approved,2026-06-10T13:42:00,emp_0181
WF-2422,Legal Review,IT,Submitted,2026-06-22T23:19:00,emp_0098
WF-2422,Legal Review,IT,Under Review,2026-06-23T15:19:00,emp_0159
WF-2422,Legal Review,IT,Manager Approval,2026-06-24T01:19:00,emp_0182
WF-2422,Legal Review,IT,Approved,2026-06-25T12:19:00,emp_0126
WF-2423,IT Service Request,Supply Chain,Submitted,2026-06-30T14:03:00,emp_0036
WF-2423,IT Service Request,Supply Chain,Under Review,2026-07-01T04:03:00,emp_0093
WF-2423,IT Service Request,Supply Chain,Manager Approval,2026-07-01T14:03:00,emp_0006
WF-2423,IT Service Request,Supply Chain,Rejected,2026-07-02T08:03:00,emp_0175
WF-2424,Finance Approval,Operations,Submitted,2026-06-06T00:46:00,emp_0103
WF-2424,Finance Approval,Operations,Under Review,2026-06-07T11:46:00,emp_0176
WF-2424,Finance Approval,Operations,Manager Approval,2026-06-09T10:46:00,emp_0005
WF-2424,Finance Approval,Operations,Compliance Check,2026-06-10T01:46:00,emp_0050
WF-2424,Finance Approval,Operations,Rejected,2026-06-12T00:46:00,emp_0038
WF-2425,HR Onboarding,Finance,Submitted,2026-06-20T20:22:00,emp_0016
WF-2425,HR Onboarding,Finance,Under Review,2026-06-21T17:22:00,emp_0132
WF-2425,HR Onboarding,Finance,Manager Approval,2026-06-22T18:22:00,emp_0084
WF-2425,HR Onboarding,Finance,Rejected,2026-06-23T22:22:00,emp_0079
WF-2426,HR Onboarding,Human Resources,Submitted,2026-06-05T02:10:00,emp_0052
WF-2426,HR Onboarding,Human Resources,Under Review,2026-06-05T15:10:00,emp_0026
WF-2426,HR Onboarding,Human Resources,Approved,2026-06-07T03:10:00,emp_0153
WF-2427,Legal Review,Sales,Submitted,2026-06-01T20:46:00,emp_0106
WF-2427,Legal Review,Sales,Under Review,2026-06-02T06:46:00,emp_0066
WF-2427,Legal Review,Sales,Manager Approval,2026-06-04T01:46:00,emp_0113
WF-2427,Legal Review,Sales,Approved,2026-06-04T12:46:00,emp_0172
WF-2428,Legal Review,Human Resources,Submitted,2026-06-21T22:50:00,emp_0018
WF-2428,Legal Review,Human Resources,Under Review,2026-06-21T23:50:00,emp_0143
WF-2428,Legal Review,Human Resources,Manager Approval,2026-06-22T04:50:00,emp_0074
WF-2428,Legal Review,Human Resources,Approved,2026-06-23T11:50:00,emp_0007
WF-2429,HR Onboarding,Sales,Submitted,2026-06-14T17:19:00,emp_0130
WF-2429,HR Onboarding,Sales,Under Review,2026-06-16T08:19:00,emp_0043
WF-2429,HR Onboarding,Sales,Rejected,2026-06-17T04:19:00,emp_0133
WF-2430,HR Onboarding,IT,Submitted,2026-06-03T00:47:00,emp_0124
WF-2430,HR Onboarding,IT,Under Review,2026-06-03T09:47:00,emp_0054
WF-2430,HR Onboarding,IT,Compliance Check,2026-06-03T11:47:00,emp_0098
WF-2430,HR Onboarding,IT,Approved,2026-06-04T08:47:00,emp_0068
WF-2431,Finance Approval,Human Resources,Submitted,2026-06-25T09:51:00,emp_0124
WF-2431,Finance Approval,Human Resources,Under Review,2026-06-25T11:51:00,emp_0107
WF-2431,Finance Approval,Human Resources,Manager Approval,2026-06-26T06:51:00,emp_0078
WF-2431,Finance Approval,Human Resources,Compliance Check,2026-06-27T16:51:00,emp_0199
WF-2431,Finance Approval,Human Resources,Approved,2026-06-29T11:51:00,emp_0030
WF-2432,Legal Review,Supply Chain,Submitted,2026-06-22T20:13:00,emp_0088
WF-2432,Legal Review,Supply Chain,Under Review,2026-06-23T16:13:00,emp_0069
WF-2432,Legal Review,Supply Chain,Manager Approval,2026-06-24T03:13:00,emp_0052
WF-2432,Legal Review,Supply Chain,Compliance Check,2026-06-25T10:13:00,emp_0008
WF-2432,Legal Review,Supply Chain,Rejected,2026-06-26T17:13:00,emp_0057
WF-2433,Legal Review,Operations,Submitted,2026-06-28T00:49:00,emp_0104
WF-2433,Legal Review,Operations,Under Review,2026-06-29T01:49:00,emp_0039
WF-2433,Legal Review,Operations,Manager Approval,2026-06-29T07:49:00,emp_0033
WF-2433,Legal Review,Operations,Compliance Check,2026-06-30T18:49:00,emp_0021
WF-2433,Legal Review,Operations,Rejected,2026-07-01T12:49:00,emp_0160
WF-2434,IT Service Request,IT,Submitted,2026-06-23T06:24:00,emp_0041
WF-2434,IT Service Request,IT,Under Review,2026-06-23T18:24:00,emp_0191
WF-2434,IT Service Request,IT,Manager Approval,2026-06-24T01:24:00,emp_0122
WF-2434,IT Service Request,IT,Rejected,2026-06-24T23:24:00,emp_0016
WF-2435,HR Onboarding,Finance,Submitted,2026-06-07T20:27:00,emp_0170
WF-2435,HR Onboarding,Finance,Under Review,2026-06-09T09:27:00,emp_0125
WF-2435,HR Onboarding,Finance,Approved,2026-06-09T19:27:00,emp_0089
WF-2436,Legal Review,Sales,Submitted,2026-06-30T05:05:00,emp_0135
WF-2436,Legal Review,Sales,Under Review,2026-07-01T01:05:00,emp_0042
WF-2436,Legal Review,Sales,Rejected,2026-07-02T10:05:00,emp_0124
WF-2437,HR Onboarding,Legal,Submitted,2026-06-16T08:33:00,emp_0029
WF-2437,HR Onboarding,Legal,Under Review,2026-06-17T18:33:00,emp_0054
WF-2437,HR Onboarding,Legal,Manager Approval,2026-06-18T01:33:00,emp_0075
WF-2437,HR Onboarding,Legal,Compliance Check,2026-06-18T15:33:00,emp_0175
WF-2437,HR Onboarding,Legal,Rejected,2026-06-20T05:33:00,emp_0030
WF-2438,Procurement,Supply Chain,Submitted,2026-06-13T15:12:00,emp_0118
WF-2438,Procurement,Supply Chain,Under Review,2026-06-13T20:12:00,emp_0070
WF-2438,Procurement,Supply Chain,Manager Approval,2026-06-15T16:12:00,emp_0135
WF-2438,Procurement,Supply Chain,Compliance Check,2026-06-16T18:12:00,emp_0057
WF-2438,Procurement,Supply Chain,Rejected,2026-06-18T07:12:00,emp_0073
WF-2439,Legal Review,Sales,Submitted,2026-06-03T06:27:00,emp_0006
WF-2439,Legal Review,Sales,Under Review,2026-06-03T07:27:00,emp_0084
WF-2439,Legal Review,Sales,Manager Approval,2026-06-04T03:27:00,emp_0138
WF-2439,Legal Review,Sales,Compliance Check,2026-06-04T05:27:00,emp_0009
WF-2439,Legal Review,Sales,Rejected,2026-06-04T10:27:00,emp_0033
WF-2440,HR Onboarding,Legal,Submitted,2026-06-02T18:06:00,emp_0168
WF-2440,HR Onboarding,Legal,Under Review,2026-06-02T23:06:00,emp_0020
WF-2440,HR Onboarding,Legal,Rejected,2026-06-04T04:06:00,emp_0036
WF-2441,Finance Approval,Operations,Submitted,2026-06-03T04:09:00,emp_0045
WF-2441,Finance Approval,Operations,Under Review,2026-06-03T22:09:00,emp_0091
WF-2441,Finance Approval,Operations,Rejected,2026-06-05T09:09:00,emp_0188
WF-2442,Legal Review,Sales,Submitted,2026-06-16T08:40:00,emp_0161
WF-2442,Legal Review,Sales,Under Review,2026-06-16T13:40:00,emp_0058
WF-2442,Legal Review,Sales,Manager Approval,2026-06-17T19:40:00,emp_0023
WF-2442,Legal Review,Sales,Compliance Check,2026-06-18T05:40:00,emp_0077
WF-2442,Legal Review,Sales,Rejected,2026-06-18T12:40:00,emp_0064
WF-2443,IT Service Request,Operations,Submitted,2026-06-09T11:32:00,emp_0184
WF-2443,IT Service Request,Operations,Under Review,2026-06-09T18:32:00,emp_0112
WF-2443,IT Service Request,Operations,Manager Approval,2026-06-11T13:32:00,emp_0073
WF-2443,IT Service Request,Operations,Compliance Check,2026-06-12T18:32:00,emp_0012
WF-2443,IT Service Request,Operations,Rejected,2026-06-14T16:32:00,emp_0003
WF-2444,Procurement,Sales,Submitted,2026-07-01T14:25:00,emp_0133
WF-2444,Procurement,Sales,Under Review,2026-07-02T16:25:00,emp_0143
WF-2444,Procurement,Sales,Compliance Check,2026-07-03T12:25:00,emp_0104
WF-2444,Procurement,Sales,Rejected,2026-07-03T17:25:00,emp_0024
WF-2445,IT Service Request,Supply Chain,Submitted,2026-06-09T15:02:00,emp_0144
WF-2445,IT Service Request,Supply Chain,Under Review,2026-06-11T09:02:00,emp_0070
WF-2445,IT Service Request,Supply Chain,Manager Approval,2026-06-12T05:02:00,emp_0008
WF-2445,IT Service Request,Supply Chain,Rejected,2026-06-13T10:02:00,emp_0129
WF-2446,Procurement,Operations,Submitted,2026-06-21T21:44:00,emp_0197
WF-2446,Procurement,Operations,Under Review,2026-06-22T17:44:00,emp_0117
WF-2446,Procurement,Operations,Manager Approval,2026-06-23T12:44:00,emp_0184
WF-2446,Procurement,Operations,Rejected,2026-06-25T08:44:00,emp_0146
WF-2447,Procurement,Human Resources,Submitted,2026-06-02T09:58:00,emp_0055
WF-2447,Procurement,Human Resources,Under Review,2026-06-02T21:58:00,emp_0131
WF-2447,Procurement,Human Resources,Rejected,2026-06-04T03:58:00,emp_0094
WF-2448,Procurement,Sales,Submitted,2026-06-30T18:55:00,emp_0081
WF-2448,Procurement,Sales,Under Review,2026-07-01T21:55:00,emp_0165
WF-2448,Procurement,Sales,Manager Approval,2026-07-03T01:55:00,emp_0158
WF-2448,Procurement,Sales,Rejected,2026-07-04T20:55:00,emp_0138
WF-2449,Legal Review,Supply Chain,Submitted,2026-06-30T13:16:00,emp_0021
WF-2449,Legal Review,Supply Chain,Under Review,2026-07-02T03:16:00,emp_0181
WF-2449,Legal Review,Supply Chain,Manager Approval,2026-07-03T01:16:00,emp_0045
WF-2449,Legal Review,Supply Chain,Approved,2026-07-04T05:16:00,emp_0162
WF-2450,Procurement,Human Resources,Submitted,2026-06-23T05:34:00,emp_0191
WF-2450,Procurement,Human Resources,Under Review,2026-06-24T19:34:00,emp_0040
WF-2450,Procurement,Human Resources,Manager Approval,2026-06-26T05:34:00,emp_0045
WF-2450,Procurement,Human Resources,Compliance Check,2026-06-27T19:34:00,emp_0079
WF-2450,Procurement,Human Resources,Rejected,2026-06-28T10:34:00,emp_0032
WF-2451,IT Service Request,IT,Submitted,2026-06-29T16:18:00,emp_0059
WF-2451,IT Service Request,IT,Under Review,2026-06-30T23:18:00,emp_0145
WF-2451,IT Service Request,IT,Manager Approval,2026-07-02T21:18:00,emp_0181
WF-2451,IT Service Request,IT,Compliance Check,2026-07-02T22:18:00,emp_0082
WF-2451,IT Service Request,IT,Approved,2026-07-03T09:18:00,emp_0161
WF-2452,Legal Review,Human Resources,Submitted,2026-06-04T20:43:00,emp_0120
WF-2452,Legal Review,Human Resources,Under Review,2026-06-05T06:43:00,emp_0083
WF-2452,Legal Review,Human Resources,Approved,2026-06-06T07:43:00,emp_0183
WF-2453,Legal Review,Supply Chain,Submitted,2026-06-23T04:07:00,emp_0124
WF-2453,Legal Review,Supply Chain,Under Review,2026-06-23T07:07:00,emp_0058
WF-2453,Legal Review,Supply Chain,Manager Approval,2026-06-24T07:07:00,emp_0075
WF-2453,Legal Review,Supply Chain,Approved,2026-06-25T07:07:00,emp_0026
WF-2454,Finance Approval,Finance,Submitted,2026-07-03T01:11:00,emp_0056
WF-2454,Finance Approval,Finance,Under Review,2026-07-03T17:11:00,emp_0025
WF-2454,Finance Approval,Finance,Manager Approval,2026-07-04T20:11:00,emp_0013
WF-2454,Finance Approval,Finance,Compliance Check,2026-07-05T14:11:00,emp_0060
WF-2454,Finance Approval,Finance,Rejected,2026-07-07T13:11:00,emp_0041
WF-2455,IT Service Request,Operations,Submitted,2026-06-16T13:34:00,emp_0116
WF-2455,IT Service Request,Operations,Under Review,2026-06-17T19:34:00,emp_0145
WF-2455,IT Service Request,Operations,Manager Approval,2026-06-18T23:34:00,emp_0165
WF-2455,IT Service Request,Operations,Compliance Check,2026-06-19T16:34:00,emp_0096
WF-2455,IT Service Request,Operations,Approved,2026-06-20T14:34:00,emp_0145
WF-2456,Legal Review,Supply Chain,Submitted,2026-07-01T04:38:00,emp_0002
WF-2456,Legal Review,Supply Chain,Under Review,2026-07-02T16:38:00,emp_0073
WF-2456,Legal Review,Supply Chain,Approved,2026-07-02T22:38:00,emp_0016
WF-2457,HR Onboarding,IT,Submitted,2026-06-03T22:16:00,emp_0002
WF-2457,HR Onboarding,IT,Under Review,2026-06-05T15:16:00,emp_0012
WF-2457,HR Onboarding,IT,Approved,2026-06-06T23:16:00,emp_0113
WF-2458,IT Service Request,Human Resources,Submitted,2026-06-26T08:26:00,emp_0026
WF-2458,IT Service Request,Human Resources,Under Review,2026-06-28T01:26:00,emp_0131
WF-2458,IT Service Request,Human Resources,Manager Approval,2026-06-28T21:26:00,emp_0134
WF-2458,IT Service Request,Human Resources,Rejected,2026-06-29T00:26:00,emp_0166
WF-2459,HR Onboarding,IT,Submitted,2026-07-01T02:54:00,emp_0112
WF-2459,HR Onboarding,IT,Under Review,2026-07-02T06:54:00,emp_0029
WF-2459,HR Onboarding,IT,Manager Approval,2026-07-03T06:54:00,emp_0036
WF-2459,HR Onboarding,IT,Rejected,2026-07-04T11:54:00,emp_0199
WF-2460,Procurement,Finance,Submitted,2026-06-25T19:22:00,emp_0132
WF-2460,Procurement,Finance,Under Review,2026-06-26T11:22:00,emp_0173
WF-2460,Procurement,Finance,Manager Approval,2026-06-27T02:22:00,emp_0087
WF-2460,Procurement,Finance,Approved,2026-06-27T19:22:00,emp_0150
WF-2461,Procurement,IT,Submitted,2026-06-15T15:57:00,emp_0063
WF-2461,Procurement,IT,Under Review,2026-06-16T21:57:00,emp_0074
WF-2461,Procurement,IT,Manager Approval,2026-06-18T00:57:00,emp_0170
WF-2461,Procurement,IT,Approved,2026-06-18T07:57:00,emp_0096
WF-2462,Legal Review,Supply Chain,Submitted,2026-06-07T07:15:00,emp_0167
WF-2462,Legal Review,Supply Chain,Under Review,2026-06-09T04:15:00,emp_0003
WF-2462,Legal Review,Supply Chain,Rejected,2026-06-10T19:15:00,emp_0153
WF-2463,Legal Review,Legal,Submitted,2026-06-02T11:10:00,emp_0046
WF-2463,Legal Review,Legal,Under Review,2026-06-04T05:10:00,emp_0046
WF-2463,Legal Review,Legal,Manager Approval,2026-06-06T03:10:00,emp_0156
WF-2463,Legal Review,Legal,Approved,2026-06-07T17:10:00,emp_0196
WF-2464,HR Onboarding,Operations,Submitted,2026-06-09T12:10:00,emp_0034
WF-2464,HR Onboarding,Operations,Under Review,2026-06-09T19:10:00,emp_0162
WF-2464,HR Onboarding,Operations,Manager Approval,2026-06-11T05:10:00,emp_0110
WF-2464,HR Onboarding,Operations,Compliance Check,2026-06-12T16:10:00,emp_0189
WF-2464,HR Onboarding,Operations,Approved,2026-06-14T01:10:00,emp_0129
WF-2465,Finance Approval,Supply Chain,Submitted,2026-06-27T22:02:00,emp_0151
WF-2465,Finance Approval,Supply Chain,Under Review,2026-06-28T00:02:00,emp_0121
WF-2465,Finance Approval,Supply Chain,Approved,2026-06-28T18:02:00,emp_0159
WF-2466,Finance Approval,Sales,Submitted,2026-06-10T22:29:00,emp_0125
WF-2466,Finance Approval,Sales,Under Review,2026-06-12T05:29:00,emp_0127
WF-2466,Finance Approval,Sales,Manager Approval,2026-06-13T13:29:00,emp_0005
WF-2466,Finance Approval,Sales,Rejected,2026-06-13T18:29:00,emp_0126
WF-2467,HR Onboarding,Finance,Submitted,2026-06-29T16:10:00,emp_0071
WF-2467,HR Onboarding,Finance,Under Review,2026-06-29T22:10:00,emp_0119
WF-2467,HR Onboarding,Finance,Manager Approval,2026-06-30T03:10:00,emp_0097
WF-2467,HR Onboarding,Finance,Rejected,2026-06-30T09:10:00,emp_0057
WF-2468,Procurement,Finance,Submitted,2026-06-26T17:23:00,emp_0016
WF-2468,Procurement,Finance,Under Review,2026-06-28T09:23:00,emp_0003
WF-2468,Procurement,Finance,Approved,2026-06-29T21:23:00,emp_0151
WF-2469,Legal Review,Finance,Submitted,2026-06-09T11:03:00,emp_0051
WF-2469,Legal Review,Finance,Under Review,2026-06-10T06:03:00,emp_0150
WF-2469,Legal Review,Finance,Manager Approval,2026-06-11T21:03:00,emp_0072
WF-2469,Legal Review,Finance,Compliance Check,2026-06-13T15:03:00,emp_0140
WF-2469,Legal Review,Finance,Rejected,2026-06-15T03:03:00,emp_0088
WF-2470,HR Onboarding,IT,Submitted,2026-07-02T20:10:00,emp_0158
WF-2470,HR Onboarding,IT,Under Review,2026-07-04T16:10:00,emp_0080
WF-2470,HR Onboarding,IT,Manager Approval,2026-07-06T13:10:00,emp_0124
WF-2470,HR Onboarding,IT,Rejected,2026-07-07T18:10:00,emp_0123
WF-2471,IT Service Request,IT,Submitted,2026-07-01T08:34:00,emp_0038
WF-2471,IT Service Request,IT,Under Review,2026-07-02T12:34:00,emp_0062
WF-2471,IT Service Request,IT,Manager Approval,2026-07-04T02:34:00,emp_0034
WF-2471,IT Service Request,IT,Approved,2026-07-04T20:34:00,emp_0172
WF-2472,Procurement,Operations,Submitted,2026-06-07T12:56:00,emp_0097
WF-2472,Procurement,Operations,Under Review,2026-06-09T06:56:00,emp_0147
WF-2472,Procurement,Operations,Manager Approval,2026-06-10T20:56:00,emp_0190
WF-2472,Procurement,Operations,Rejected,2026-06-12T03:56:00,emp_0190
WF-2473,Finance Approval,Human Resources,Submitted,2026-06-16T11:35:00,emp_0183
WF-2473,Finance Approval,Human Resources,Under Review,2026-06-17T01:35:00,emp_0094
WF-2473,Finance Approval,Human Resources,Approved,2026-06-17T03:35:00,emp_0139
WF-2474,Legal Review,Human Resources,Submitted,2026-06-10T18:46:00,emp_0071
WF-2474,Legal Review,Human Resources,Under Review,2026-06-11T11:46:00,emp_0084
WF-2474,Legal Review,Human Resources,Manager Approval,2026-06-12T23:46:00,emp_0137
WF-2474,Legal Review,Human Resources,Approved,2026-06-13T01:46:00,emp_0158
WF-2475,IT Service Request,Supply Chain,Submitted,2026-06-17T21:02:00,emp_0158
WF-2475,IT Service Request,Supply Chain,Under Review,2026-06-18T22:02:00,emp_0126
WF-2475,IT Service Request,Supply Chain,Manager Approval,2026-06-19T04:02:00,emp_0089
WF-2475,IT Service Request,Supply Chain,Compliance Check,2026-06-19T14:02:00,emp_0192
WF-2475,IT Service Request,Supply Chain,Approved,2026-06-21T10:02:00,emp_0075
WF-2476,Finance Approval,Operations,Submitted,2026-06-22T21:43:00,emp_0044
WF-2476,Finance Approval,Operations,Under Review,2026-06-23T15:43:00,emp_0137
WF-2476,Finance Approval,Operations,Manager Approval,2026-06-24T14:43:00,emp_0126
WF-2476,Finance Approval,Operations,Compliance Check,2026-06-25T07:43:00,emp_0175
WF-2476,Finance Approval,Operations,Rejected,2026-06-26T14:43:00,emp_0079
WF-2477,Finance Approval,Sales,Submitted,2026-06-04T16:39:00,emp_0105
WF-2477,Finance Approval,Sales,Under Review,2026-06-06T09:39:00,emp_0084
WF-2477,Finance Approval,Sales,Manager Approval,2026-06-07T18:39:00,emp_0125
WF-2477,Finance Approval,Sales,Compliance Check,2026-06-09T18:39:00,emp_0124
WF-2477,Finance Approval,Sales,Approved,2026-06-10T09:39:00,emp_0025
WF-2478,Procurement,Legal,Submitted,2026-06-25T20:03:00,emp_0192
WF-2478,Procurement,Legal,Under Review,2026-06-26T18:03:00,emp_0170
WF-2478,Procurement,Legal,Manager Approval,2026-06-28T01:03:00,emp_0140
WF-2478,Procurement,Legal,Compliance Check,2026-06-29T21:03:00,emp_0074
WF-2478,Procurement,Legal,Rejected,2026-07-01T06:03:00,emp_0134
WF-2479,Finance Approval,Operations,Submitted,2026-06-13T00:31:00,emp_0132
WF-2479,Finance Approval,Operations,Under Review,2026-06-13T13:31:00,emp_0006
WF-2479,Finance Approval,Operations,Manager Approval,2026-06-13T15:31:00,emp_0169
WF-2479,Finance Approval,Operations,Compliance Check,2026-06-15T06:31:00,emp_0025
WF-2479,Finance Approval,Operations,Approved,2026-06-16T05:31:00,emp_0178
WF-2480,HR Onboarding,Finance,Submitted,2026-06-03T12:02:00,emp_0002
WF-2480,HR Onboarding,Finance,Under Review,2026-06-05T11:02:00,emp_0159
WF-2480,HR Onboarding,Finance,Manager Approval,2026-06-06T13:02:00,emp_0103
WF-2480,HR Onboarding,Finance,Compliance Check,2026-06-08T03:02:00,emp_0112
WF-2480,HR Onboarding,Finance,Approved,2026-06-09T14:02:00,emp_0095
WF-2481,IT Service Request,Operations,Submitted,2026-06-06T11:03:00,emp_0124
WF-2481,IT Service Request,Operations,Under Review,2026-06-06T20:03:00,emp_0098
WF-2481,IT Service Request,Operations,Manager Approval,2026-06-07T20:03:00,emp_0132
WF-2481,IT Service Request,Operations,Rejected,2026-06-08T03:03:00,emp_0052
WF-2482,Legal Review,Supply Chain,Submitted,2026-06-08T04:53:00,emp_0132
WF-2482,Legal Review,Supply Chain,Under Review,2026-06-08T06:53:00,emp_0018
WF-2482,Legal Review,Supply Chain,Manager Approval,2026-06-08T18:53:00,emp_0148
WF-2482,Legal Review,Supply Chain,Compliance Check,2026-06-09T17:53:00,emp_0047
WF-2482,Legal Review,Supply Chain,Rejected,2026-06-10T08:53:00,emp_0107
WF-2483,Finance Approval,Legal,Submitted,2026-06-25T12:29:00,emp_0099
WF-2483,Finance Approval,Legal,Under Review,2026-06-26T05:29:00,emp_0029
WF-2483,Finance Approval,Legal,Manager Approval,2026-06-26T17:29:00,emp_0077
WF-2483,Finance Approval,Legal,Rejected,2026-06-28T15:29:00,emp_0103
WF-2484,Finance Approval,Supply Chain,Submitted,2026-06-09T15:41:00,emp_0006
WF-2484,Finance Approval,Supply Chain,Under Review,2026-06-09T17:41:00,emp_0048
WF-2484,Finance Approval,Supply Chain,Manager Approval,2026-06-10T19:41:00,emp_0059
WF-2484,Finance Approval,Supply Chain,Approved,2026-06-12T02:41:00,emp_0022
WF-2485,Finance Approval,Legal,Submitted,2026-06-18T10:22:00,emp_0086
WF-2485,Finance Approval,Legal,Under Review,2026-06-18T16:22:00,emp_0018
WF-2485,Finance Approval,Legal,Manager Approval,2026-06-20T09:22:00,emp_0194
WF-2485,Finance Approval,Legal,Compliance Check,2026-06-20T22:22:00,emp_0120
WF-2485,Finance Approval,Legal,Approved,2026-06-21T06:22:00,emp_0108
WF-2486,HR Onboarding,Operations,Submitted,2026-06-03T20:19:00,emp_0014
WF-2486,HR Onboarding,Operations,Under Review,2026-06-03T21:19:00,emp_0031
WF-2486,HR Onboarding,Operations,Manager Approval,2026-06-05T11:19:00,emp_0017
WF-2486,HR Onboarding,Operations,Compliance Check,2026-06-07T08:19:00,emp_0141
WF-2486,HR Onboarding,Operations,Rejected,2026-06-08T23:19:00,emp_0025
WF-2487,IT Service Request,Supply Chain,Submitted,2026-07-02T00:49:00,emp_0067
WF-2487,IT Service Request,Supply Chain,Under Review,2026-07-03T07:49:00,emp_0173
WF-2487,IT Service Request,Supply Chain,Manager Approval,2026-07-04T02:49:00,emp_0023
WF-2487,IT Service Request,Supply Chain,Compliance Check,2026-07-05T10:49:00,emp_0134
WF-2487,IT Service Request,Supply Chain,Approved,2026-07-06T18:49:00,emp_0145
WF-2488,Finance Approval,Sales,Submitted,2026-06-05T05:00:00,emp_0005
WF-2488,Finance Approval,Sales,Under Review,2026-06-05T14:00:00,emp_0128
WF-2488,Finance Approval,Sales,Rejected,2026-06-06T14:00:00,emp_0146
WF-2489,Procurement,Finance,Submitted,2026-06-10T20:16:00,emp_0186
WF-2489,Procurement,Finance,Under Review,2026-06-11T02:16:00,emp_0187
WF-2489,Procurement,Finance,Manager Approval,2026-06-12T11:16:00,emp_0102
WF-2489,Procurement,Finance,Approved,2026-06-12T22:16:00,emp_0026
WF-2490,Procurement,Legal,Submitted,2026-07-03T03:40:00,emp_0060
WF-2490,Procurement,Legal,Under Review,2026-07-03T13:40:00,emp_0144
WF-2490,Procurement,Legal,Manager Approval,2026-07-05T11:40:00,emp_0143
WF-2490,Procurement,Legal,Compliance Check,2026-07-05T14:40:00,emp_0195
WF-2490,Procurement,Legal,Rejected,2026-07-05T20:40:00,emp_0118
WF-2491,IT Service Request,IT,Submitted,2026-06-02T23:22:00,emp_0027
WF-2491,IT Service Request,IT,Under Review,2026-06-04T13:22:00,emp_0119
WF-2491,IT Service Request,IT,Rejected,2026-06-05T02:22:00,emp_0064
WF-2492,Finance Approval,Legal,Submitted,2026-06-04T09:09:00,emp_0048
WF-2492,Finance Approval,Legal,Under Review,2026-06-05T06:09:00,emp_0026
WF-2492,Finance Approval,Legal,Manager Approval,2026-06-07T04:09:00,emp_0153
WF-2492,Finance Approval,Legal,Compliance Check,2026-06-08T23:09:00,emp_0133
WF-2492,Finance Approval,Legal,Rejected,2026-06-10T08:09:00,emp_0088
WF-2493,Procurement,Human Resources,Submitted,2026-06-19T04:19:00,emp_0078
WF-2493,Procurement,Human Resources,Under Review,2026-06-20T13:19:00,emp_0104
WF-2493,Procurement,Human Resources,Manager Approval,2026-06-21T19:19:00,emp_0126
WF-2493,Procurement,Human Resources,Approved,2026-06-23T00:19:00,emp_0170
WF-2494,Finance Approval,Finance,Submitted,2026-06-21T17:40:00,emp_0130
WF-2494,Finance Approval,Finance,Under Review,2026-06-23T15:40:00,emp_0179
WF-2494,Finance Approval,Finance,Manager Approval,2026-06-24T11:40:00,emp_0166
WF-2494,Finance Approval,Finance,Compliance Check,2026-06-25T00:40:00,emp_0014
WF-2494,Finance Approval,Finance,Approved,2026-06-26T07:40:00,emp_0131
WF-2495,HR Onboarding,Supply Chain,Submitted,2026-07-01T01:16:00,emp_0059
WF-2495,HR Onboarding,Supply Chain,Under Review,2026-07-02T06:16:00,emp_0059
WF-2495,HR Onboarding,Supply Chain,Manager Approval,2026-07-03T09:16:00,emp_0197
WF-2495,HR Onboarding,Supply Chain,Approved,2026-07-04T23:16:00,emp_0008
WF-2496,HR Onboarding,IT,Submitted,2026-06-28T23:42:00,emp_0017
WF-2496,HR Onboarding,IT,Under Review,2026-06-29T07:42:00,emp_0117
WF-2496,HR Onboarding,IT,Manager Approval,2026-07-01T07:42:00,emp_0078
WF-2496,HR Onboarding,IT,Approved,2026-07-03T01:42:00,emp_0188
WF-2497,Finance Approval,Operations,Submitted,2026-06-04T12:40:00,emp_0148
WF-2497,Finance Approval,Operations,Under Review,2026-06-05T04:40:00,emp_0031
WF-2497,Finance Approval,Operations,Manager Approval,2026-06-06T15:40:00,emp_0087
WF-2497,Finance Approval,Operations,Approved,2026-06-07T02:40:00,emp_0034
WF-2498,Finance Approval,IT,Submitted,2026-06-14T05:36:00,emp_0154
WF-2498,Finance Approval,IT,Under Review,2026-06-15T14:36:00,emp_0119
WF-2498,Finance Approval,IT,Compliance Check,2026-06-16T06:36:00,emp_0186
WF-2498,Finance Approval,IT,Approved,2026-06-17T22:36:00,emp_0096
WF-2499,Finance Approval,Human Resources,Submitted,2026-06-27T17:11:00,emp_0020
WF-2499,Finance Approval,Human Resources,Under Review,2026-06-29T12:11:00,emp_0081
WF-2499,Finance Approval,Human Resources,Manager Approval,2026-06-30T11:11:00,emp_0172
WF-2499,Finance Approval,Human Resources,Approved,2026-06-30T13:11:00,emp_0157
WF-2500,Legal Review,Legal,Submitted,2026-06-19T06:25:00,emp_0173
WF-2500,Legal Review,Legal,Under Review,2026-06-19T18:25:00,emp_0102
WF-2500,Legal Review,Legal,Compliance Check,2026-06-20T12:25:00,emp_0048
WF-2500,Legal Review,Legal,Approved,2026-06-21T21:25:00,emp_0130
WF-2501,Procurement,IT,Submitted,2026-06-19T08:23:00,emp_0124
WF-2501,Procurement,IT,Under Review,2026-06-19T16:23:00,emp_0194
WF-2501,Procurement,IT,Manager Approval,2026-06-19T19:23:00,emp_0040
WF-2501,Procurement,IT,Compliance Check,2026-06-21T17:23:00,emp_0147
WF-2501,Procurement,IT,Approved,2026-06-22T06:23:00,emp_0113
WF-2502,Finance Approval,Operations,Submitted,2026-07-01T11:46:00,emp_0081
WF-2502,Finance Approval,Operations,Under Review,2026-07-01T20:46:00,emp_0122
WF-2502,Finance Approval,Operations,Rejected,2026-07-02T10:46:00,emp_0151
WF-2503,Procurement,Sales,Submitted,2026-06-30T10:58:00,emp_0135
WF-2503,Procurement,Sales,Under Review,2026-06-30T13:58:00,emp_0164
WF-2503,Procurement,Sales,Manager Approval,2026-07-01T06:58:00,emp_0190
WF-2503,Procurement,Sales,Compliance Check,2026-07-01T14:58:00,emp_0095
WF-2503,Procurement,Sales,Rejected,2026-07-02T05:58:00,emp_0016
WF-2504,Procurement,Human Resources,Submitted,2026-07-01T22:12:00,emp_0002
WF-2504,Procurement,Human Resources,Under Review,2026-07-03T22:12:00,emp_0008
WF-2504,Procurement,Human Resources,Manager Approval,2026-07-04T17:12:00,emp_0024
WF-2504,Procurement,Human Resources,Compliance Check,2026-07-04T20:12:00,emp_0128
WF-2504,Procurement,Human Resources,Approved,2026-07-05T17:12:00,emp_0070
WF-2505,IT Service Request,Sales,Submitted,2026-06-02T04:51:00,emp_0198
WF-2505,IT Service Request,Sales,Under Review,2026-06-02T07:51:00,emp_0188
WF-2505,IT Service Request,Sales,Manager Approval,2026-06-03T15:51:00,emp_0187
WF-2505,IT Service Request,Sales,Compliance Check,2026-06-04T00:51:00,emp_0110
WF-2505,IT Service Request,Sales,Rejected,2026-06-04T09:51:00,emp_0118
WF-2506,IT Service Request,Finance,Submitted,2026-06-18T19:03:00,emp_0077
WF-2506,IT Service Request,Finance,Under Review,2026-06-19T20:03:00,emp_0116
WF-2506,IT Service Request,Finance,Rejected,2026-06-20T16:03:00,emp_0124
WF-2507,Finance Approval,Operations,Submitted,2026-06-14T23:47:00,emp_0180
WF-2507,Finance Approval,Operations,Under Review,2026-06-16T03:47:00,emp_0175
WF-2507,Finance Approval,Operations,Manager Approval,2026-06-16T09:47:00,emp_0055
WF-2507,Finance Approval,Operations,Rejected,2026-06-17T04:47:00,emp_0075
WF-2508,Legal Review,IT,Submitted,2026-06-29T19:53:00,emp_0127
WF-2508,Legal Review,IT,Under Review,2026-06-29T20:53:00,emp_0123
WF-2508,Legal Review,IT,Manager Approval,2026-07-01T02:53:00,emp_0158
WF-2508,Legal Review,IT,Approved,2026-07-01T07:53:00,emp_0024
WF-2509,Procurement,Legal,Submitted,2026-06-16T04:11:00,emp_0057
WF-2509,Procurement,Legal,Under Review,2026-06-16T16:11:00,emp_0159
WF-2509,Procurement,Legal,Manager Approval,2026-06-17T12:11:00,emp_0192
WF-2509,Procurement,Legal,Compliance Check,2026-06-18T01:11:00,emp_0092
WF-2509,Procurement,Legal,Approved,2026-06-19T05:11:00,emp_0037
WF-2510,HR Onboarding,Human Resources,Submitted,2026-06-10T02:42:00,emp_0080
WF-2510,HR Onboarding,Human Resources,Under Review,2026-06-10T22:42:00,emp_0138
WF-2510,HR Onboarding,Human Resources,Manager Approval,2026-06-12T21:42:00,emp_0070
WF-2510,HR Onboarding,Human Resources,Rejected,2026-06-13T02:42:00,emp_0108
WF-2511,HR Onboarding,Sales,Submitted,2026-06-16T08:46:00,emp_0098
WF-2511,HR Onboarding,Sales,Under Review,2026-06-16T20:46:00,emp_0048
WF-2511,HR Onboarding,Sales,Manager Approval,2026-06-18T01:46:00,emp_0188
WF-2511,HR Onboarding,Sales,Compliance Check,2026-06-19T21:46:00,emp_0041
WF-2511,HR Onboarding,Sales,Rejected,2026-06-21T04:46:00,emp_0017
WF-2512,Procurement,Legal,Submitted,2026-06-03T19:50:00,emp_0191
WF-2512,Procurement,Legal,Under Review,2026-06-05T07:50:00,emp_0011
WF-2512,Procurement,Legal,Manager Approval,2026-06-06T21:50:00,emp_0086
WF-2512,Procurement,Legal,Rejected,2026-06-08T08:50:00,emp_0018
WF-2513,Procurement,Sales,Submitted,2026-06-08T10:21:00,emp_0197
WF-2513,Procurement,Sales,Under Review,2026-06-10T03:21:00,emp_0004
WF-2513,Procurement,Sales,Manager Approval,2026-06-11T11:21:00,emp_0138
WF-2513,Procurement,Sales,Compliance Check,2026-06-12T08:21:00,emp_0002
WF-2513,Procurement,Sales,Approved,2026-06-13T10:21:00,emp_0171
WF-2514,Finance Approval,Human Resources,Submitted,2026-06-23T10:56:00,emp_0051
WF-2514,Finance Approval,Human Resources,Under Review,2026-06-23T14:56:00,emp_0173
WF-2514,Finance Approval,Human Resources,Manager Approval,2026-06-24T16:56:00,emp_0028
WF-2514,Finance Approval,Human Resources,Compliance Check,2026-06-26T00:56:00,emp_0039
WF-2514,Finance Approval,Human Resources,Rejected,2026-06-27T01:56:00,emp_0134
WF-2515,IT Service Request,Sales,Submitted,2026-06-22T05:37:00,emp_0003
WF-2515,IT Service Request,Sales,Under Review,2026-06-22T17:37:00,emp_0111
WF-2515,IT Service Request,Sales,Manager Approval,2026-06-24T13:37:00,emp_0165
WF-2515,IT Service Request,Sales,Approved,2026-06-26T06:37:00,emp_0034
WF-2516,HR Onboarding,Operations,Submitted,2026-06-26T09:51:00,emp_0062
WF-2516,HR Onboarding,Operations,Under Review,2026-06-26T15:51:00,emp_0062
WF-2516,HR Onboarding,Operations,Manager Approval,2026-06-28T11:51:00,emp_0097
WF-2516,HR Onboarding,Operations,Approved,2026-06-29T20:51:00,emp_0096
WF-2517,Procurement,Finance,Submitted,2026-06-11T13:33:00,emp_0057
WF-2517,Procurement,Finance,Under Review,2026-06-11T21:33:00,emp_0177
WF-2517,Procurement,Finance,Compliance Check,2026-06-13T00:33:00,emp_0148
WF-2517,Procurement,Finance,Approved,2026-06-13T13:33:00,emp_0103
WF-2518,Legal Review,Supply Chain,Submitted,2026-06-30T04:47:00,emp_0120
WF-2518,Legal Review,Supply Chain,Under Review,2026-06-30T17:47:00,emp_0158
WF-2518,Legal Review,Supply Chain,Manager Approval,2026-07-02T15:47:00,emp_0021
WF-2518,Legal Review,Supply Chain,Compliance Check,2026-07-02T19:47:00,emp_0071
WF-2518,Legal Review,Supply Chain,Rejected,2026-07-04T05:47:00,emp_0090
WF-2519,Procurement,IT,Submitted,2026-06-19T01:50:00,emp_0176
WF-2519,Procurement,IT,Under Review,2026-06-20T13:50:00,emp_0019
WF-2519,Procurement,IT,Manager Approval,2026-06-21T07:50:00,emp_0086
WF-2519,Procurement,IT,Approved,2026-06-21T23:50:00,emp_0027
WF-2520,IT Service Request,Sales,Submitted,2026-07-02T11:28:00,emp_0127
WF-2520,IT Service Request,Sales,Under Review,2026-07-03T19:28:00,emp_0010
WF-2520,IT Service Request,Sales,Manager Approval,2026-07-04T05:28:00,emp_0133
WF-2520,IT Service Request,Sales,Compliance Check,2026-07-05T18:28:00,emp_0117
WF-2520,IT Service Request,Sales,Approved,2026-07-07T18:28:00,emp_0139
WF-2521,Finance Approval,Legal,Submitted,2026-06-09T01:19:00,emp_0053
WF-2521,Finance Approval,Legal,Under Review,2026-06-10T18:19:00,emp_0188
WF-2521,Finance Approval,Legal,Manager Approval,2026-06-11T02:19:00,emp_0158
WF-2521,Finance Approval,Legal,Rejected,2026-06-12T19:19:00,emp_0200
WF-2522,Procurement,Supply Chain,Submitted,2026-06-15T02:23:00,emp_0011
WF-2522,Procurement,Supply Chain,Under Review,2026-06-15T09:23:00,emp_0069
WF-2522,Procurement,Supply Chain,Manager Approval,2026-06-16T03:23:00,emp_0190
WF-2522,Procurement,Supply Chain,Compliance Check,2026-06-16T04:23:00,emp_0069
WF-2522,Procurement,Supply Chain,Rejected,2026-06-18T01:23:00,emp_0053
WF-2523,Finance Approval,IT,Submitted,2026-06-30T12:06:00,emp_0090
WF-2523,Finance Approval,IT,Under Review,2026-07-01T05:06:00,emp_0145
WF-2523,Finance Approval,IT,Compliance Check,2026-07-02T02:06:00,emp_0013
WF-2523,Finance Approval,IT,Rejected,2026-07-02T21:06:00,emp_0192
WF-2524,Legal Review,Legal,Submitted,2026-06-06T16:37:00,emp_0157
WF-2524,Legal Review,Legal,Under Review,2026-06-07T23:37:00,emp_0019
WF-2524,Legal Review,Legal,Manager Approval,2026-06-08T19:37:00,emp_0040
WF-2524,Legal Review,Legal,Approved,2026-06-09T08:37:00,emp_0095
WF-2525,Legal Review,Operations,Submitted,2026-06-23T22:10:00,emp_0110
WF-2525,Legal Review,Operations,Under Review,2026-06-25T19:10:00,emp_0177
WF-2525,Legal Review,Operations,Manager Approval,2026-06-26T22:10:00,emp_0047
WF-2525,Legal Review,Operations,Compliance Check,2026-06-28T02:10:00,emp_0159
WF-2525,Legal Review,Operations,Approved,2026-06-29T06:10:00,emp_0198
WF-2526,HR Onboarding,Finance,Submitted,2026-06-09T23:12:00,emp_0049
WF-2526,HR Onboarding,Finance,Under Review,2026-06-10T15:12:00,emp_0191
WF-2526,HR Onboarding,Finance,Manager Approval,2026-06-10T23:12:00,emp_0184
WF-2526,HR Onboarding,Finance,Approved,2026-06-12T22:12:00,emp_0159
WF-2527,Procurement,Sales,Submitted,2026-06-10T07:38:00,emp_0061
WF-2527,Procurement,Sales,Under Review,2026-06-11T07:38:00,emp_0152
WF-2527,Procurement,Sales,Compliance Check,2026-06-13T01:38:00,emp_0104
WF-2527,Procurement,Sales,Rejected,2026-06-14T14:38:00,emp_0192
WF-2528,Legal Review,Legal,Submitted,2026-07-02T23:25:00,emp_0109
WF-2528,Legal Review,Legal,Under Review,2026-07-03T13:25:00,emp_0069
WF-2528,Legal Review,Legal,Compliance Check,2026-07-04T14:25:00,emp_0199
WF-2528,Legal Review,Legal,Rejected,2026-07-04T17:25:00,emp_0102
WF-2529,Procurement,IT,Submitted,2026-06-27T13:36:00,emp_0118
WF-2529,Procurement,IT,Under Review,2026-06-27T14:36:00,emp_0178
WF-2529,Procurement,IT,Manager Approval,2026-06-27T21:36:00,emp_0001
WF-2529,Procurement,IT,Compliance Check,2026-06-29T13:36:00,emp_0107
WF-2529,Procurement,IT,Approved,2026-06-30T23:36:00,emp_0111
WF-2530,Legal Review,Finance,Submitted,2026-06-05T06:00:00,emp_0139
WF-2530,Legal Review,Finance,Under Review,2026-06-06T18:00:00,emp_0174
WF-2530,Legal Review,Finance,Manager Approval,2026-06-08T13:00:00,emp_0167
WF-2530,Legal Review,Finance,Compliance Check,2026-06-10T09:00:00,emp_0099
WF-2530,Legal Review,Finance,Approved,2026-06-11T13:00:00,emp_0130
WF-2531,IT Service Request,IT,Submitted,2026-06-16T10:38:00,emp_0168
WF-2531,IT Service Request,IT,Under Review,2026-06-18T01:38:00,emp_0115
WF-2531,IT Service Request,IT,Manager Approval,2026-06-18T23:38:00,emp_0194
WF-2531,IT Service Request,IT,Rejected,2026-06-20T12:38:00,emp_0003
WF-2532,Legal Review,Operations,Submitted,2026-06-17T16:15:00,emp_0161
WF-2532,Legal Review,Operations,Under Review,2026-06-19T05:15:00,emp_0040
WF-2532,Legal Review,Operations,Manager Approval,2026-06-20T07:15:00,emp_0059
WF-2532,Legal Review,Operations,Compliance Check,2026-06-21T02:15:00,emp_0074
WF-2532,Legal Review,Operations,Rejected,2026-06-21T11:15:00,emp_0012
WF-2533,Finance Approval,Sales,Submitted,2026-07-01T07:20:00,emp_0019
WF-2533,Finance Approval,Sales,Under Review,2026-07-02T13:20:00,emp_0005
WF-2533,Finance Approval,Sales,Manager Approval,2026-07-03T03:20:00,emp_0013
WF-2533,Finance Approval,Sales,Rejected,2026-07-04T01:20:00,emp_0103
WF-2534,Legal Review,Finance,Submitted,2026-06-07T16:15:00,emp_0154
WF-2534,Legal Review,Finance,Under Review,2026-06-07T20:15:00,emp_0036
WF-2534,Legal Review,Finance,Manager Approval,2026-06-09T04:15:00,emp_0149
WF-2534,Legal Review,Finance,Compliance Check,2026-06-10T02:15:00,emp_0192
WF-2534,Legal Review,Finance,Rejected,2026-06-11T20:15:00,emp_0125
WF-2535,Procurement,Finance,Submitted,2026-06-20T16:56:00,emp_0027
WF-2535,Procurement,Finance,Under Review,2026-06-21T20:56:00,emp_0157
WF-2535,Procurement,Finance,Manager Approval,2026-06-23T02:56:00,emp_0051
WF-2535,Procurement,Finance,Compliance Check,2026-06-24T00:56:00,emp_0199
WF-2535,Procurement,Finance,Rejected,2026-06-24T15:56:00,emp_0109
WF-2536,HR Onboarding,Supply Chain,Submitted,2026-06-27T20:15:00,emp_0138
WF-2536,HR Onboarding,Supply Chain,Under Review,2026-06-29T04:15:00,emp_0184
WF-2536,HR Onboarding,Supply Chain,Compliance Check,2026-07-01T02:15:00,emp_0017
WF-2536,HR Onboarding,Supply Chain,Approved,2026-07-02T23:15:00,emp_0042
WF-2537,IT Service Request,Sales,Submitted,2026-06-24T00:47:00,emp_0040
WF-2537,IT Service Request,Sales,Under Review,2026-06-24T08:47:00,emp_0179
WF-2537,IT Service Request,Sales,Approved,2026-06-25T00:47:00,emp_0097
WF-2538,IT Service Request,Sales,Submitted,2026-06-03T07:47:00,emp_0140
WF-2538,IT Service Request,Sales,Under Review,2026-06-03T21:47:00,emp_0093
WF-2538,IT Service Request,Sales,Manager Approval,2026-06-04T18:47:00,emp_0140
WF-2538,IT Service Request,Sales,Compliance Check,2026-06-06T06:47:00,emp_0049
WF-2538,IT Service Request,Sales,Approved,2026-06-07T06:47:00,emp_0121
WF-2539,HR Onboarding,Legal,Submitted,2026-06-22T00:16:00,emp_0089
WF-2539,HR Onboarding,Legal,Under Review,2026-06-23T07:16:00,emp_0108
WF-2539,HR Onboarding,Legal,Manager Approval,2026-06-25T03:16:00,emp_0084
WF-2539,HR Onboarding,Legal,Rejected,2026-06-25T22:16:00,emp_0045
WF-2540,HR Onboarding,IT,Submitted,2026-06-21T20:20:00,emp_0035
WF-2540,HR Onboarding,IT,Under Review,2026-06-22T09:20:00,emp_0094
WF-2540,HR Onboarding,IT,Manager Approval,2026-06-23T19:20:00,emp_0016
WF-2540,HR Onboarding,IT,Rejected,2026-06-23T21:20:00,emp_0117
WF-2541,Finance Approval,Operations,Submitted,2026-06-22T18:32:00,emp_0180
WF-2541,Finance Approval,Operations,Under Review,2026-06-23T18:32:00,emp_0184
WF-2541,Finance Approval,Operations,Manager Approval,2026-06-25T15:32:00,emp_0119
WF-2541,Finance Approval,Operations,Approved,2026-06-25T18:32:00,emp_0090
WF-2542,Legal Review,Finance,Submitted,2026-06-12T23:22:00,emp_0097
WF-2542,Legal Review,Finance,Under Review,2026-06-13T00:22:00,emp_0093
WF-2542,Legal Review,Finance,Approved,2026-06-15T00:22:00,emp_0151
WF-2543,Legal Review,Human Resources,Submitted,2026-06-21T09:43:00,emp_0022
WF-2543,Legal Review,Human Resources,Under Review,2026-06-22T18:43:00,emp_0048
WF-2543,Legal Review,Human Resources,Manager Approval,2026-06-24T04:43:00,emp_0095
WF-2543,Legal Review,Human Resources,Approved,2026-06-25T14:43:00,emp_0084
WF-2544,Procurement,Supply Chain,Submitted,2026-06-25T16:03:00,emp_0192
WF-2544,Procurement,Supply Chain,Under Review,2026-06-26T15:03:00,emp_0037
WF-2544,Procurement,Supply Chain,Rejected,2026-06-27T10:03:00,emp_0030
WF-2545,Finance Approval,Sales,Submitted,2026-06-04T21:00:00,emp_0066
WF-2545,Finance Approval,Sales,Under Review,2026-06-05T01:00:00,emp_0120
WF-2545,Finance Approval,Sales,Rejected,2026-06-05T16:00:00,emp_0129
WF-2546,Legal Review,Legal,Submitted,2026-07-01T00:46:00,emp_0051
WF-2546,Legal Review,Legal,Under Review,2026-07-02T17:46:00,emp_0142
WF-2546,Legal Review,Legal,Manager Approval,2026-07-03T17:46:00,emp_0181
WF-2546,Legal Review,Legal,Approved,2026-07-05T02:46:00,emp_0029
WF-2547,HR Onboarding,Legal,Submitted,2026-06-18T02:36:00,emp_0105
WF-2547,HR Onboarding,Legal,Under Review,2026-06-18T23:36:00,emp_0047
WF-2547,HR Onboarding,Legal,Compliance Check,2026-06-20T21:36:00,emp_0044
WF-2547,HR Onboarding,Legal,Approved,2026-06-22T02:36:00,emp_0151
WF-2548,Finance Approval,Operations,Submitted,2026-06-21T15:50:00,emp_0041
WF-2548,Finance Approval,Operations,Under Review,2026-06-22T22:50:00,emp_0012
WF-2548,Finance Approval,Operations,Manager Approval,2026-06-24T01:50:00,emp_0077
WF-2548,Finance Approval,Operations,Approved,2026-06-24T16:50:00,emp_0004
WF-2549,IT Service Request,Finance,Submitted,2026-06-21T00:33:00,emp_0073
WF-2549,IT Service Request,Finance,Under Review,2026-06-22T23:33:00,emp_0185
WF-2549,IT Service Request,Finance,Manager Approval,2026-06-24T13:33:00,emp_0119
WF-2549,IT Service Request,Finance,Rejected,2026-06-24T15:33:00,emp_0086
WF-2550,IT Service Request,Finance,Submitted,2026-06-27T17:12:00,emp_0028
WF-2550,IT Service Request,Finance,Under Review,2026-06-28T03:12:00,emp_0049
WF-2550,IT Service Request,Finance,Manager Approval,2026-06-28T17:12:00,emp_0079
WF-2550,IT Service Request,Finance,Compliance Check,2026-06-29T22:12:00,emp_0039
WF-2550,IT Service Request,Finance,Rejected,2026-06-30T06:12:00,emp_0120
WF-2551,Finance Approval,Operations,Submitted,2026-06-26T03:11:00,emp_0162
WF-2551,Finance Approval,Operations,Under Review,2026-06-27T13:11:00,emp_0027
WF-2551,Finance Approval,Operations,Manager Approval,2026-06-29T07:11:00,emp_0146
WF-2551,Finance Approval,Operations,Approved,2026-06-30T04:11:00,emp_0159
WF-2552,Legal Review,Finance,Submitted,2026-06-12T21:23:00,emp_0048
WF-2552,Legal Review,Finance,Under Review,2026-06-13T01:23:00,emp_0183
WF-2552,Legal Review,Finance,Manager Approval,2026-06-13T13:23:00,emp_0087
WF-2552,Legal Review,Finance,Compliance Check,2026-06-13T18:23:00,emp_0165
WF-2552,Legal Review,Finance,Approved,2026-06-15T07:23:00,emp_0124
WF-2553,IT Service Request,Finance,Submitted,2026-06-15T18:36:00,emp_0104
WF-2553,IT Service Request,Finance,Under Review,2026-06-17T17:36:00,emp_0095
WF-2553,IT Service Request,Finance,Manager Approval,2026-06-19T15:36:00,emp_0007
WF-2553,IT Service Request,Finance,Compliance Check,2026-06-21T01:36:00,emp_0073
WF-2553,IT Service Request,Finance,Rejected,2026-06-21T18:36:00,emp_0102
WF-2554,Finance Approval,Sales,Submitted,2026-06-04T08:23:00,emp_0107
WF-2554,Finance Approval,Sales,Under Review,2026-06-04T11:23:00,emp_0102
WF-2554,Finance Approval,Sales,Manager Approval,2026-06-05T20:23:00,emp_0102
WF-2554,Finance Approval,Sales,Compliance Check,2026-06-06T03:23:00,emp_0177
WF-2554,Finance Approval,Sales,Approved,2026-06-06T13:23:00,emp_0141
WF-2555,HR Onboarding,Finance,Submitted,2026-06-16T11:33:00,emp_0160
WF-2555,HR Onboarding,Finance,Under Review,2026-06-17T00:33:00,emp_0065
WF-2555,HR Onboarding,Finance,Manager Approval,2026-06-17T02:33:00,emp_0144
WF-2555,HR Onboarding,Finance,Compliance Check,2026-06-18T17:33:00,emp_0150
WF-2555,HR Onboarding,Finance,Approved,2026-06-20T08:33:00,emp_0037
WF-2556,Finance Approval,Operations,Submitted,2026-06-09T21:35:00,emp_0104
WF-2556,Finance Approval,Operations,Under Review,2026-06-10T15:35:00,emp_0190
WF-2556,Finance Approval,Operations,Approved,2026-06-11T01:35:00,emp_0061
WF-2557,Procurement,Legal,Submitted,2026-07-02T13:05:00,emp_0137
WF-2557,Procurement,Legal,Under Review,2026-07-04T07:05:00,emp_0009
WF-2557,Procurement,Legal,Compliance Check,2026-07-04T22:05:00,emp_0084
WF-2557,Procurement,Legal,Rejected,2026-07-05T23:05:00,emp_0080
WF-2558,Finance Approval,Operations,Submitted,2026-06-07T18:35:00,emp_0166
WF-2558,Finance Approval,Operations,Under Review,2026-06-09T17:35:00,emp_0107
WF-2558,Finance Approval,Operations,Manager Approval,2026-06-11T08:35:00,emp_0063
WF-2558,Finance Approval,Operations,Compliance Check,2026-06-11T19:35:00,emp_0180
WF-2558,Finance Approval,Operations,Approved,2026-06-12T05:35:00,emp_0006
WF-2559,Legal Review,Operations,Submitted,2026-06-29T06:31:00,emp_0195
WF-2559,Legal Review,Operations,Under Review,2026-07-01T05:31:00,emp_0158
WF-2559,Legal Review,Operations,Manager Approval,2026-07-02T04:31:00,emp_0012
WF-2559,Legal Review,Operations,Compliance Check,2026-07-02T06:31:00,emp_0148
WF-2559,Legal Review,Operations,Rejected,2026-07-04T04:31:00,emp_0041
WF-2560,Procurement,Sales,Submitted,2026-06-08T23:03:00,emp_0120
WF-2560,Procurement,Sales,Under Review,2026-06-10T13:03:00,emp_0006
WF-2560,Procurement,Sales,Manager Approval,2026-06-12T13:03:00,emp_0100
WF-2560,Procurement,Sales,Approved,2026-06-12T18:03:00,emp_0176
WF-2561,Legal Review,Operations,Submitted,2026-06-03T15:02:00,emp_0077
WF-2561,Legal Review,Operations,Under Review,2026-06-05T15:02:00,emp_0182
WF-2561,Legal Review,Operations,Approved,2026-06-06T04:02:00,emp_0062
WF-2562,Finance Approval,Supply Chain,Submitted,2026-06-15T10:51:00,emp_0162
WF-2562,Finance Approval,Supply Chain,Under Review,2026-06-16T19:51:00,emp_0118
WF-2562,Finance Approval,Supply Chain,Manager Approval,2026-06-18T00:51:00,emp_0113
WF-2562,Finance Approval,Supply Chain,Compliance Check,2026-06-18T13:51:00,emp_0107
WF-2562,Finance Approval,Supply Chain,Rejected,2026-06-19T13:51:00,emp_0088
WF-2563,IT Service Request,IT,Submitted,2026-06-24T22:39:00,emp_0192
WF-2563,IT Service Request,IT,Under Review,2026-06-26T05:39:00,emp_0157
WF-2563,IT Service Request,IT,Manager Approval,2026-06-27T18:39:00,emp_0157
WF-2563,IT Service Request,IT,Compliance Check,2026-06-28T22:39:00,emp_0028
WF-2563,IT Service Request,IT,Rejected,2026-06-30T21:39:00,emp_0079
WF-2564,Finance Approval,Human Resources,Submitted,2026-06-04T10:33:00,emp_0003
WF-2564,Finance Approval,Human Resources,Under Review,2026-06-05T12:33:00,emp_0111
WF-2564,Finance Approval,Human Resources,Manager Approval,2026-06-07T00:33:00,emp_0004
WF-2564,Finance Approval,Human Resources,Compliance Check,2026-06-07T15:33:00,emp_0146
WF-2564,Finance Approval,Human Resources,Approved,2026-06-09T13:33:00,emp_0079
WF-2565,Legal Review,Sales,Submitted,2026-06-12T05:07:00,emp_0127
WF-2565,Legal Review,Sales,Under Review,2026-06-13T14:07:00,emp_0041
WF-2565,Legal Review,Sales,Manager Approval,2026-06-14T13:07:00,emp_0179
WF-2565,Legal Review,Sales,Approved,2026-06-15T23:07:00,emp_0169
WF-2566,Finance Approval,Sales,Submitted,2026-06-03T13:59:00,emp_0176
WF-2566,Finance Approval,Sales,Under Review,2026-06-04T09:59:00,emp_0095
WF-2566,Finance Approval,Sales,Compliance Check,2026-06-04T13:59:00,emp_0112
WF-2566,Finance Approval,Sales,Approved,2026-06-04T17:59:00,emp_0107
WF-2567,IT Service Request,IT,Submitted,2026-06-09T20:42:00,emp_0115
WF-2567,IT Service Request,IT,Under Review,2026-06-11T08:42:00,emp_0121
WF-2567,IT Service Request,IT,Compliance Check,2026-06-13T01:42:00,emp_0011
WF-2567,IT Service Request,IT,Rejected,2026-06-13T02:42:00,emp_0166
WF-2568,Finance Approval,Legal,Submitted,2026-06-17T04:22:00,emp_0189
WF-2568,Finance Approval,Legal,Under Review,2026-06-19T04:22:00,emp_0166
WF-2568,Finance Approval,Legal,Manager Approval,2026-06-19T15:22:00,emp_0102
WF-2568,Finance Approval,Legal,Approved,2026-06-20T23:22:00,emp_0180
WF-2569,Procurement,Human Resources,Submitted,2026-07-01T14:52:00,emp_0164
WF-2569,Procurement,Human Resources,Under Review,2026-07-03T07:52:00,emp_0010
WF-2569,Procurement,Human Resources,Manager Approval,2026-07-04T11:52:00,emp_0080
WF-2569,Procurement,Human Resources,Rejected,2026-07-05T21:52:00,emp_0169
WF-2570,Legal Review,Sales,Submitted,2026-06-14T16:23:00,emp_0009
WF-2570,Legal Review,Sales,Under Review,2026-06-16T04:23:00,emp_0044
WF-2570,Legal Review,Sales,Manager Approval,2026-06-17T16:23:00,emp_0196
WF-2570,Legal Review,Sales,Rejected,2026-06-18T02:23:00,emp_0064
WF-2571,IT Service Request,Human Resources,Submitted,2026-06-19T11:32:00,emp_0099
WF-2571,IT Service Request,Human Resources,Under Review,2026-06-21T03:32:00,emp_0026
WF-2571,IT Service Request,Human Resources,Manager Approval,2026-06-22T01:32:00,emp_0123
WF-2571,IT Service Request,Human Resources,Compliance Check,2026-06-22T07:32:00,emp_0078
WF-2571,IT Service Request,Human Resources,Rejected,2026-06-22T09:32:00,emp_0051
WF-2572,HR Onboarding,Legal,Submitted,2026-07-01T21:52:00,emp_0053
WF-2572,HR Onboarding,Legal,Under Review,2026-07-02T09:52:00,emp_0134
WF-2572,HR Onboarding,Legal,Manager Approval,2026-07-03T04:52:00,emp_0013
WF-2572,HR Onboarding,Legal,Approved,2026-07-03T23:52:00,emp_0153
WF-2573,Procurement,Finance,Submitted,2026-06-30T13:06:00,emp_0077
WF-2573,Procurement,Finance,Under Review,2026-07-01T15:06:00,emp_0155
WF-2573,Procurement,Finance,Manager Approval,2026-07-02T07:06:00,emp_0139
WF-2573,Procurement,Finance,Compliance Check,2026-07-02T20:06:00,emp_0099
WF-2573,Procurement,Finance,Approved,2026-07-03T06:06:00,emp_0044
WF-2574,IT Service Request,IT,Submitted,2026-06-23T13:56:00,emp_0161
WF-2574,IT Service Request,IT,Under Review,2026-06-24T23:56:00,emp_0117
WF-2574,IT Service Request,IT,Manager Approval,2026-06-25T08:56:00,emp_0060
WF-2574,IT Service Request,IT,Compliance Check,2026-06-25T14:56:00,emp_0144
WF-2574,IT Service Request,IT,Approved,2026-06-26T03:56:00,emp_0159
WF-2575,HR Onboarding,Legal,Submitted,2026-06-08T12:27:00,emp_0105
WF-2575,HR Onboarding,Legal,Under Review,2026-06-09T01:27:00,emp_0165
WF-2575,HR Onboarding,Legal,Manager Approval,2026-06-10T10:27:00,emp_0167
WF-2575,HR Onboarding,Legal,Approved,2026-06-11T11:27:00,emp_0085
WF-2576,Legal Review,Operations,Submitted,2026-06-30T07:14:00,emp_0126
WF-2576,Legal Review,Operations,Under Review,2026-07-01T00:14:00,emp_0025
WF-2576,Legal Review,Operations,Compliance Check,2026-07-02T13:14:00,emp_0012
WF-2576,Legal Review,Operations,Rejected,2026-07-02T19:14:00,emp_0017
WF-2577,Finance Approval,Sales,Submitted,2026-06-06T06:18:00,emp_0043
WF-2577,Finance Approval,Sales,Under Review,2026-06-08T05:18:00,emp_0022
WF-2577,Finance Approval,Sales,Manager Approval,2026-06-10T04:18:00,emp_0175
WF-2577,Finance Approval,Sales,Rejected,2026-06-10T10:18:00,emp_0100
WF-2578,IT Service Request,Human Resources,Submitted,2026-06-19T00:41:00,emp_0050
WF-2578,IT Service Request,Human Resources,Under Review,2026-06-19T12:41:00,emp_0088
WF-2578,IT Service Request,Human Resources,Rejected,2026-06-21T01:41:00,emp_0056
WF-2579,Procurement,Finance,Submitted,2026-06-11T20:31:00,emp_0087
WF-2579,Procurement,Finance,Under Review,2026-06-12T05:31:00,emp_0102
WF-2579,Procurement,Finance,Manager Approval,2026-06-12T17:31:00,emp_0164
WF-2579,Procurement,Finance,Compliance Check,2026-06-13T00:31:00,emp_0077
WF-2579,Procurement,Finance,Approved,2026-06-13T13:31:00,emp_0108
WF-2580,Procurement,IT,Submitted,2026-06-28T01:48:00,emp_0187
WF-2580,Procurement,IT,Under Review,2026-06-28T02:48:00,emp_0054
WF-2580,Procurement,IT,Manager Approval,2026-06-28T03:48:00,emp_0013
WF-2580,Procurement,IT,Compliance Check,2026-06-29T15:48:00,emp_0061
WF-2580,Procurement,IT,Approved,2026-06-30T01:48:00,emp_0012
WF-2581,HR Onboarding,Sales,Submitted,2026-07-03T13:48:00,emp_0151
WF-2581,HR Onboarding,Sales,Under Review,2026-07-04T13:48:00,emp_0038
WF-2581,HR Onboarding,Sales,Manager Approval,2026-07-04T14:48:00,emp_0116
WF-2581,HR Onboarding,Sales,Compliance Check,2026-07-05T18:48:00,emp_0104
WF-2581,HR Onboarding,Sales,Approved,2026-07-06T00:48:00,emp_0035
WF-2582,Legal Review,Human Resources,Submitted,2026-06-04T21:18:00,emp_0142
WF-2582,Legal Review,Human Resources,Under Review,2026-06-05T03:18:00,emp_0053
WF-2582,Legal Review,Human Resources,Manager Approval,2026-06-06T09:18:00,emp_0036
WF-2582,Legal Review,Human Resources,Compliance Check,2026-06-06T16:18:00,emp_0084
WF-2582,Legal Review,Human Resources,Approved,2026-06-07T07:18:00,emp_0093
WF-2583,Procurement,Operations,Submitted,2026-06-10T05:06:00,emp_0038
WF-2583,Procurement,Operations,Under Review,2026-06-11T04:06:00,emp_0131
WF-2583,Procurement,Operations,Manager Approval,2026-06-11T14:06:00,emp_0112
WF-2583,Procurement,Operations,Rejected,2026-06-12T22:06:00,emp_0141
WF-2584,IT Service Request,Sales,Submitted,2026-06-22T00:01:00,emp_0044
WF-2584,IT Service Request,Sales,Under Review,2026-06-22T13:01:00,emp_0123
WF-2584,IT Service Request,Sales,Approved,2026-06-22T16:01:00,emp_0166
WF-2585,Procurement,Human Resources,Submitted,2026-06-26T16:44:00,emp_0075
WF-2585,Procurement,Human Resources,Under Review,2026-06-27T02:44:00,emp_0194
WF-2585,Procurement,Human Resources,Manager Approval,2026-06-27T17:44:00,emp_0021
WF-2585,Procurement,Human Resources,Approved,2026-06-29T08:44:00,emp_0128
WF-2586,Finance Approval,Legal,Submitted,2026-06-04T19:48:00,emp_0198
WF-2586,Finance Approval,Legal,Under Review,2026-06-06T01:48:00,emp_0036
WF-2586,Finance Approval,Legal,Manager Approval,2026-06-07T02:48:00,emp_0049
WF-2586,Finance Approval,Legal,Approved,2026-06-07T11:48:00,emp_0112
WF-2587,HR Onboarding,Sales,Submitted,2026-06-15T23:44:00,emp_0182
WF-2587,HR Onboarding,Sales,Under Review,2026-06-16T16:44:00,emp_0137
WF-2587,HR Onboarding,Sales,Manager Approval,2026-06-16T20:44:00,emp_0057
WF-2587,HR Onboarding,Sales,Approved,2026-06-17T13:44:00,emp_0147
WF-2588,IT Service Request,Finance,Submitted,2026-06-18T09:17:00,emp_0176
WF-2588,IT Service Request,Finance,Under Review,2026-06-18T11:17:00,emp_0129
WF-2588,IT Service Request,Finance,Manager Approval,2026-06-18T16:17:00,emp_0131
WF-2588,IT Service Request,Finance,Approved,2026-06-20T08:17:00,emp_0173
WF-2589,Finance Approval,Finance,Submitted,2026-06-25T09:20:00,emp_0121
WF-2589,Finance Approval,Finance,Under Review,2026-06-27T09:20:00,emp_0007
WF-2589,Finance Approval,Finance,Manager Approval,2026-06-27T19:20:00,emp_0181
WF-2589,Finance Approval,Finance,Rejected,2026-06-28T19:20:00,emp_0183
WF-2590,Legal Review,Supply Chain,Submitted,2026-06-29T04:20:00,emp_0109
WF-2590,Legal Review,Supply Chain,Under Review,2026-06-29T11:20:00,emp_0162
WF-2590,Legal Review,Supply Chain,Manager Approval,2026-06-29T17:20:00,emp_0075
WF-2590,Legal Review,Supply Chain,Compliance Check,2026-06-30T16:20:00,emp_0056
WF-2590,Legal Review,Supply Chain,Rejected,2026-07-01T00:20:00,emp_0105
WF-2591,IT Service Request,Supply Chain,Submitted,2026-06-05T21:11:00,emp_0096
WF-2591,IT Service Request,Supply Chain,Under Review,2026-06-07T14:11:00,emp_0181
WF-2591,IT Service Request,Supply Chain,Approved,2026-06-07T23:11:00,emp_0059
WF-2592,Legal Review,IT,Submitted,2026-06-21T17:49:00,emp_0193
WF-2592,Legal Review,IT,Under Review,2026-06-23T16:49:00,emp_0023
WF-2592,Legal Review,IT,Manager Approval,2026-06-25T01:49:00,emp_0098
WF-2592,Legal Review,IT,Compliance Check,2026-06-27T00:49:00,emp_0189
WF-2592,Legal Review,IT,Rejected,2026-06-27T18:49:00,emp_0104
WF-2593,Procurement,Human Resources,Submitted,2026-06-05T19:29:00,emp_0120
WF-2593,Procurement,Human Resources,Under Review,2026-06-06T14:29:00,emp_0131
WF-2593,Procurement,Human Resources,Manager Approval,2026-06-07T13:29:00,emp_0162
WF-2593,Procurement,Human Resources,Compliance Check,2026-06-07T14:29:00,emp_0023
WF-2593,Procurement,Human Resources,Rejected,2026-06-08T08:29:00,emp_0089
WF-2594,Procurement,Operations,Submitted,2026-06-03T23:25:00,emp_0141
WF-2594,Procurement,Operations,Under Review,2026-06-05T14:25:00,emp_0150
WF-2594,Procurement,Operations,Manager Approval,2026-06-05T20:25:00,emp_0190
WF-2594,Procurement,Operations,Compliance Check,2026-06-07T11:25:00,emp_0040
WF-2594,Procurement,Operations,Approved,2026-06-08T14:25:00,emp_0103
WF-2595,Procurement,IT,Submitted,2026-06-24T17:36:00,emp_0102
WF-2595,Procurement,IT,Under Review,2026-06-26T02:36:00,emp_0028
WF-2595,Procurement,IT,Manager Approval,2026-06-27T21:36:00,emp_0103
WF-2595,Procurement,IT,Compliance Check,2026-06-28T09:36:00,emp_0124
WF-2595,Procurement,IT,Approved,2026-06-28T10:36:00,emp_0019
WF-2596,HR Onboarding,Legal,Submitted,2026-06-05T03:28:00,emp_0034
WF-2596,HR Onboarding,Legal,Under Review,2026-06-05T11:28:00,emp_0105
WF-2596,HR Onboarding,Legal,Manager Approval,2026-06-05T21:28:00,emp_0164
WF-2596,HR Onboarding,Legal,Compliance Check,2026-06-06T16:28:00,emp_0104
WF-2596,HR Onboarding,Legal,Rejected,2026-06-07T16:28:00,emp_0124
WF-2597,HR Onboarding,Supply Chain,Submitted,2026-06-17T10:03:00,emp_0017
WF-2597,HR Onboarding,Supply Chain,Under Review,2026-06-17T12:03:00,emp_0088
WF-2597,HR Onboarding,Supply Chain,Manager Approval,2026-06-19T12:03:00,emp_0037
WF-2597,HR Onboarding,Supply Chain,Approved,2026-06-20T08:03:00,emp_0044
WF-2598,HR Onboarding,Supply Chain,Submitted,2026-06-19T15:56:00,emp_0123
WF-2598,HR Onboarding,Supply Chain,Under Review,2026-06-20T00:56:00,emp_0028
WF-2598,HR Onboarding,Supply Chain,Manager Approval,2026-06-21T18:56:00,emp_0051
WF-2598,HR Onboarding,Supply Chain,Compliance Check,2026-06-23T15:56:00,emp_0160
WF-2598,HR Onboarding,Supply Chain,Approved,2026-06-24T00:56:00,emp_0102
WF-2599,Finance Approval,Supply Chain,Submitted,2026-06-23T23:44:00,emp_0102
WF-2599,Finance Approval,Supply Chain,Under Review,2026-06-24T16:44:00,emp_0111
WF-2599,Finance Approval,Supply Chain,Manager Approval,2026-06-25T07:44:00,emp_0094
WF-2599,Finance Approval,Supply Chain,Compliance Check,2026-06-27T07:44:00,emp_0181
WF-2599,Finance Approval,Supply Chain,Rejected,2026-06-28T20:44:00,emp_0168
WF-2600,HR Onboarding,Legal,Submitted,2026-06-14T03:57:00,emp_0098
WF-2600,HR Onboarding,Legal,Under Review,2026-06-14T09:57:00,emp_0147
WF-2600,HR Onboarding,Legal,Manager Approval,2026-06-14T10:57:00,emp_0145
WF-2600,HR Onboarding,Legal,Approved,2026-06-15T05:57:00,emp_0053
WF-2601,Finance Approval,Operations,Submitted,2026-06-14T11:08:00,emp_0121
WF-2601,Finance Approval,Operations,Under Review,2026-06-14T23:08:00,emp_0140
WF-2601,Finance Approval,Operations,Manager Approval,2026-06-15T09:08:00,emp_0156
WF-2601,Finance Approval,Operations,Compliance Check,2026-06-16T12:08:00,emp_0023
WF-2601,Finance Approval,Operations,Approved,2026-06-17T20:08:00,emp_0038
WF-2602,Legal Review,Finance,Submitted,2026-06-13T14:56:00,emp_0096
WF-2602,Legal Review,Finance,Under Review,2026-06-15T07:56:00,emp_0082
WF-2602,Legal Review,Finance,Manager Approval,2026-06-16T17:56:00,emp_0200
WF-2602,Legal Review,Finance,Compliance Check,2026-06-17T21:56:00,emp_0137
WF-2602,Legal Review,Finance,Approved,2026-06-19T13:56:00,emp_0180
WF-2603,Finance Approval,Sales,Submitted,2026-06-19T21:49:00,emp_0097
WF-2603,Finance Approval,Sales,Under Review,2026-06-20T17:49:00,emp_0129
WF-2603,Finance Approval,Sales,Manager Approval,2026-06-22T11:49:00,emp_0152
WF-2603,Finance Approval,Sales,Compliance Check,2026-06-23T04:49:00,emp_0126
WF-2603,Finance Approval,Sales,Approved,2026-06-24T16:49:00,emp_0144
WF-2604,Finance Approval,Legal,Submitted,2026-06-26T12:53:00,emp_0145
WF-2604,Finance Approval,Legal,Under Review,2026-06-26T16:53:00,emp_0088
WF-2604,Finance Approval,Legal,Rejected,2026-06-27T17:53:00,emp_0126
WF-2605,Finance Approval,Operations,Submitted,2026-06-03T23:45:00,emp_0039
WF-2605,Finance Approval,Operations,Under Review,2026-06-05T07:45:00,emp_0160
WF-2605,Finance Approval,Operations,Manager Approval,2026-06-05T12:45:00,emp_0132
WF-2605,Finance Approval,Operations,Approved,2026-06-06T15:45:00,emp_0193
WF-2606,Legal Review,Human Resources,Submitted,2026-06-10T07:08:00,emp_0121
WF-2606,Legal Review,Human Resources,Under Review,2026-06-10T11:08:00,emp_0164
WF-2606,Legal Review,Human Resources,Manager Approval,2026-06-11T07:08:00,emp_0161
WF-2606,Legal Review,Human Resources,Compliance Check,2026-06-11T22:08:00,emp_0051
WF-2606,Legal Review,Human Resources,Rejected,2026-06-12T14:08:00,emp_0139
WF-2607,Procurement,IT,Submitted,2026-06-18T17:01:00,emp_0132
WF-2607,Procurement,IT,Under Review,2026-06-19T23:01:00,emp_0102
WF-2607,Procurement,IT,Compliance Check,2026-06-21T19:01:00,emp_0147
WF-2607,Procurement,IT,Approved,2026-06-22T08:01:00,emp_0024
WF-2608,IT Service Request,Finance,Submitted,2026-06-06T14:43:00,emp_0115
WF-2608,IT Service Request,Finance,Under Review,2026-06-07T18:43:00,emp_0075
WF-2608,IT Service Request,Finance,Approved,2026-06-08T10:43:00,emp_0053
WF-2609,IT Service Request,Finance,Submitted,2026-06-19T20:23:00,emp_0031
WF-2609,IT Service Request,Finance,Under Review,2026-06-21T04:23:00,emp_0128
WF-2609,IT Service Request,Finance,Manager Approval,2026-06-22T19:23:00,emp_0152
WF-2609,IT Service Request,Finance,Compliance Check,2026-06-24T03:23:00,emp_0029
WF-2609,IT Service Request,Finance,Rejected,2026-06-24T12:23:00,emp_0052
WF-2610,Procurement,Legal,Submitted,2026-06-02T09:15:00,emp_0147
WF-2610,Procurement,Legal,Under Review,2026-06-03T15:15:00,emp_0145
WF-2610,Procurement,Legal,Manager Approval,2026-06-05T01:15:00,emp_0044
WF-2610,Procurement,Legal,Rejected,2026-06-05T19:15:00,emp_0087
WF-2611,Legal Review,Supply Chain,Submitted,2026-06-03T16:14:00,emp_0108
WF-2611,Legal Review,Supply Chain,Under Review,2026-06-04T10:14:00,emp_0006
WF-2611,Legal Review,Supply Chain,Manager Approval,2026-06-06T02:14:00,emp_0112
WF-2611,Legal Review,Supply Chain,Compliance Check,2026-06-07T09:14:00,emp_0017
WF-2611,Legal Review,Supply Chain,Approved,2026-06-08T17:14:00,emp_0046
WF-2612,Legal Review,Sales,Submitted,2026-06-06T09:57:00,emp_0173
WF-2612,Legal Review,Sales,Under Review,2026-06-07T21:57:00,emp_0172
WF-2612,Legal Review,Sales,Manager Approval,2026-06-08T06:57:00,emp_0069
WF-2612,Legal Review,Sales,Compliance Check,2026-06-09T22:57:00,emp_0042
WF-2612,Legal Review,Sales,Approved,2026-06-11T11:57:00,emp_0096
WF-2613,Procurement,Finance,Submitted,2026-06-19T04:49:00,emp_0077
WF-2613,Procurement,Finance,Under Review,2026-06-21T01:49:00,emp_0154
WF-2613,Procurement,Finance,Rejected,2026-06-22T14:49:00,emp_0165
WF-2614,Procurement,Finance,Submitted,2026-06-13T22:57:00,emp_0032
WF-2614,Procurement,Finance,Under Review,2026-06-15T04:57:00,emp_0083
WF-2614,Procurement,Finance,Manager Approval,2026-06-15T10:57:00,emp_0176
WF-2614,Procurement,Finance,Compliance Check,2026-06-16T21:57:00,emp_0063
WF-2614,Procurement,Finance,Rejected,2026-06-17T14:57:00,emp_0094
WF-2615,Procurement,Legal,Submitted,2026-06-26T03:50:00,emp_0081
WF-2615,Procurement,Legal,Under Review,2026-06-26T14:50:00,emp_0162
WF-2615,Procurement,Legal,Manager Approval,2026-06-27T18:50:00,emp_0072
WF-2615,Procurement,Legal,Rejected,2026-06-28T12:50:00,emp_0157
WF-2616,IT Service Request,Sales,Submitted,2026-06-13T12:58:00,emp_0117
WF-2616,IT Service Request,Sales,Under Review,2026-06-15T10:58:00,emp_0058
WF-2616,IT Service Request,Sales,Manager Approval,2026-06-15T16:58:00,emp_0168
WF-2616,IT Service Request,Sales,Compliance Check,2026-06-16T15:58:00,emp_0197
WF-2616,IT Service Request,Sales,Approved,2026-06-18T01:58:00,emp_0163
WF-2617,Legal Review,Operations,Submitted,2026-06-04T18:26:00,emp_0036
WF-2617,Legal Review,Operations,Under Review,2026-06-05T18:26:00,emp_0030
WF-2617,Legal Review,Operations,Manager Approval,2026-06-06T21:26:00,emp_0174
WF-2617,Legal Review,Operations,Compliance Check,2026-06-08T16:26:00,emp_0130
WF-2617,Legal Review,Operations,Approved,2026-06-09T13:26:00,emp_0171
WF-2618,Procurement,Human Resources,Submitted,2026-06-02T10:46:00,emp_0094
WF-2618,Procurement,Human Resources,Under Review,2026-06-02T17:46:00,emp_0089
WF-2618,Procurement,Human Resources,Manager Approval,2026-06-03T02:46:00,emp_0084
WF-2618,Procurement,Human Resources,Approved,2026-06-04T19:46:00,emp_0143
WF-2619,IT Service Request,IT,Submitted,2026-06-25T19:22:00,emp_0071
WF-2619,IT Service Request,IT,Under Review,2026-06-26T22:22:00,emp_0121
WF-2619,IT Service Request,IT,Approved,2026-06-28T01:22:00,emp_0062
WF-2620,Finance Approval,Supply Chain,Submitted,2026-06-02T20:03:00,emp_0047
WF-2620,Finance Approval,Supply Chain,Under Review,2026-06-04T08:03:00,emp_0148
WF-2620,Finance Approval,Supply Chain,Manager Approval,2026-06-06T08:03:00,emp_0026
WF-2620,Finance Approval,Supply Chain,Approved,2026-06-08T00:03:00,emp_0035
WF-2621,IT Service Request,IT,Submitted,2026-06-13T20:47:00,emp_0142
WF-2621,IT Service Request,IT,Under Review,2026-06-15T09:47:00,emp_0053
WF-2621,IT Service Request,IT,Manager Approval,2026-06-15T22:47:00,emp_0170
WF-2621,IT Service Request,IT,Rejected,2026-06-17T07:47:00,emp_0049
WF-2622,Legal Review,IT,Submitted,2026-06-14T08:27:00,emp_0011
WF-2622,Legal Review,IT,Under Review,2026-06-16T08:27:00,emp_0186
WF-2622,Legal Review,IT,Manager Approval,2026-06-16T14:27:00,emp_0016
WF-2622,Legal Review,IT,Rejected,2026-06-17T02:27:00,emp_0067
WF-2623,IT Service Request,Human Resources,Submitted,2026-06-29T00:58:00,emp_0156
WF-2623,IT Service Request,Human Resources,Under Review,2026-06-30T11:58:00,emp_0120
WF-2623,IT Service Request,Human Resources,Manager Approval,2026-06-30T19:58:00,emp_0168
WF-2623,IT Service Request,Human Resources,Rejected,2026-07-02T11:58:00,emp_0185
WF-2624,Legal Review,Operations,Submitted,2026-06-27T15:19:00,emp_0062
WF-2624,Legal Review,Operations,Under Review,2026-06-27T23:19:00,emp_0074
WF-2624,Legal Review,Operations,Manager Approval,2026-06-29T15:19:00,emp_0147
WF-2624,Legal Review,Operations,Rejected,2026-07-01T15:19:00,emp_0158
WF-2625,Legal Review,Operations,Submitted,2026-06-20T22:25:00,emp_0195
WF-2625,Legal Review,Operations,Under Review,2026-06-21T09:25:00,emp_0176
WF-2625,Legal Review,Operations,Rejected,2026-06-21T11:25:00,emp_0133
WF-2626,Legal Review,Operations,Submitted,2026-06-13T12:12:00,emp_0195
WF-2626,Legal Review,Operations,Under Review,2026-06-13T13:12:00,emp_0094
WF-2626,Legal Review,Operations,Manager Approval,2026-06-14T08:12:00,emp_0073
WF-2626,Legal Review,Operations,Rejected,2026-06-14T16:12:00,emp_0183
WF-2627,IT Service Request,Supply Chain,Submitted,2026-07-01T01:40:00,emp_0143
WF-2627,IT Service Request,Supply Chain,Under Review,2026-07-02T17:40:00,emp_0005
WF-2627,IT Service Request,Supply Chain,Manager Approval,2026-07-03T14:40:00,emp_0138
WF-2627,IT Service Request,Supply Chain,Rejected,2026-07-05T07:40:00,emp_0094
WF-2628,IT Service Request,Sales,Submitted,2026-07-01T16:56:00,emp_0013
WF-2628,IT Service Request,Sales,Under Review,2026-07-02T00:56:00,emp_0027
WF-2628,IT Service Request,Sales,Manager Approval,2026-07-03T23:56:00,emp_0025
WF-2628,IT Service Request,Sales,Compliance Check,2026-07-04T19:56:00,emp_0090
WF-2628,IT Service Request,Sales,Approved,2026-07-06T06:56:00,emp_0191
WF-2629,IT Service Request,Supply Chain,Submitted,2026-06-18T22:30:00,emp_0126
WF-2629,IT Service Request,Supply Chain,Under Review,2026-06-19T01:30:00,emp_0050
WF-2629,IT Service Request,Supply Chain,Rejected,2026-06-19T08:30:00,emp_0143
WF-2630,Finance Approval,Supply Chain,Submitted,2026-06-27T17:30:00,emp_0100
WF-2630,Finance Approval,Supply Chain,Under Review,2026-06-29T10:30:00,emp_0032
WF-2630,Finance Approval,Supply Chain,Manager Approval,2026-06-30T19:30:00,emp_0158
WF-2630,Finance Approval,Supply Chain,Approved,2026-07-02T15:30:00,emp_0132
WF-2631,IT Service Request,Supply Chain,Submitted,2026-06-28T19:19:00,emp_0164
WF-2631,IT Service Request,Supply Chain,Under Review,2026-06-30T02:19:00,emp_0187
WF-2631,IT Service Request,Supply Chain,Rejected,2026-07-01T19:19:00,emp_0072
WF-2632,IT Service Request,Operations,Submitted,2026-06-21T16:22:00,emp_0160
WF-2632,IT Service Request,Operations,Under Review,2026-06-22T06:22:00,emp_0151
WF-2632,IT Service Request,Operations,Manager Approval,2026-06-22T10:22:00,emp_0148
WF-2632,IT Service Request,Operations,Rejected,2026-06-23T23:22:00,emp_0128
WF-2633,Finance Approval,Operations,Submitted,2026-06-09T04:38:00,emp_0087
WF-2633,Finance Approval,Operations,Under Review,2026-06-09T20:38:00,emp_0106
WF-2633,Finance Approval,Operations,Manager Approval,2026-06-10T09:38:00,emp_0050
WF-2633,Finance Approval,Operations,Compliance Check,2026-06-10T11:38:00,emp_0113
WF-2633,Finance Approval,Operations,Approved,2026-06-12T05:38:00,emp_0104
WF-2634,HR Onboarding,Finance,Submitted,2026-06-22T18:58:00,emp_0089
WF-2634,HR Onboarding,Finance,Under Review,2026-06-23T07:58:00,emp_0075
WF-2634,HR Onboarding,Finance,Manager Approval,2026-06-24T15:58:00,emp_0177
WF-2634,HR Onboarding,Finance,Rejected,2026-06-25T10:58:00,emp_0060
WF-2635,Finance Approval,IT,Submitted,2026-06-27T15:51:00,emp_0040
WF-2635,Finance Approval,IT,Under Review,2026-06-29T02:51:00,emp_0183
WF-2635,Finance Approval,IT,Manager Approval,2026-06-30T00:51:00,emp_0128
WF-2635,Finance Approval,IT,Rejected,2026-07-01T15:51:00,emp_0128
WF-2636,Legal Review,IT,Submitted,2026-06-08T09:18:00,emp_0170
WF-2636,Legal Review,IT,Under Review,2026-06-10T03:18:00,emp_0095
WF-2636,Legal Review,IT,Manager Approval,2026-06-10T10:18:00,emp_0101
WF-2636,Legal Review,IT,Compliance Check,2026-06-11T14:18:00,emp_0103
WF-2636,Legal Review,IT,Rejected,2026-06-13T08:18:00,emp_0009
WF-2637,HR Onboarding,Supply Chain,Submitted,2026-06-07T21:22:00,emp_0146
WF-2637,HR Onboarding,Supply Chain,Under Review,2026-06-09T07:22:00,emp_0152
WF-2637,HR Onboarding,Supply Chain,Rejected,2026-06-10T13:22:00,emp_0191
WF-2638,HR Onboarding,Legal,Submitted,2026-06-04T18:48:00,emp_0004
WF-2638,HR Onboarding,Legal,Under Review,2026-06-05T22:48:00,emp_0181
WF-2638,HR Onboarding,Legal,Manager Approval,2026-06-06T04:48:00,emp_0054
WF-2638,HR Onboarding,Legal,Compliance Check,2026-06-06T18:48:00,emp_0124
WF-2638,HR Onboarding,Legal,Approved,2026-06-07T14:48:00,emp_0189
WF-2639,Finance Approval,Operations,Submitted,2026-06-07T08:26:00,emp_0014
WF-2639,Finance Approval,Operations,Under Review,2026-06-07T12:26:00,emp_0107
WF-2639,Finance Approval,Operations,Rejected,2026-06-08T12:26:00,emp_0051
WF-2640,Legal Review,Sales,Submitted,2026-06-30T20:09:00,emp_0178
WF-2640,Legal Review,Sales,Under Review,2026-07-02T12:09:00,emp_0162
WF-2640,Legal Review,Sales,Compliance Check,2026-07-03T21:09:00,emp_0062
WF-2640,Legal Review,Sales,Rejected,2026-07-05T02:09:00,emp_0019
WF-2641,Finance Approval,Supply Chain,Submitted,2026-06-09T00:22:00,emp_0096
WF-2641,Finance Approval,Supply Chain,Under Review,2026-06-10T21:22:00,emp_0087
WF-2641,Finance Approval,Supply Chain,Manager Approval,2026-06-12T01:22:00,emp_0044
WF-2641,Finance Approval,Supply Chain,Rejected,2026-06-13T21:22:00,emp_0156
WF-2642,Procurement,Operations,Submitted,2026-06-08T12:38:00,emp_0051
WF-2642,Procurement,Operations,Under Review,2026-06-09T12:38:00,emp_0105
WF-2642,Procurement,Operations,Manager Approval,2026-06-11T09:38:00,emp_0144
WF-2642,Procurement,Operations,Approved,2026-06-11T15:38:00,emp_0127
WF-2643,Finance Approval,IT,Submitted,2026-06-06T21:30:00,emp_0200
WF-2643,Finance Approval,IT,Under Review,2026-06-08T19:30:00,emp_0119
WF-2643,Finance Approval,IT,Manager Approval,2026-06-09T04:30:00,emp_0059
WF-2643,Finance Approval,IT,Compliance Check,2026-06-09T17:30:00,emp_0088
WF-2643,Finance Approval,IT,Approved,2026-06-10T07:30:00,emp_0043
WF-2644,HR Onboarding,IT,Submitted,2026-06-22T11:05:00,emp_0023
WF-2644,HR Onboarding,IT,Under Review,2026-06-22T16:05:00,emp_0177
WF-2644,HR Onboarding,IT,Manager Approval,2026-06-23T18:05:00,emp_0196
WF-2644,HR Onboarding,IT,Compliance Check,2026-06-25T11:05:00,emp_0023
WF-2644,HR Onboarding,IT,Approved,2026-06-25T17:05:00,emp_0025
WF-2645,Finance Approval,Sales,Submitted,2026-06-06T03:12:00,emp_0121
WF-2645,Finance Approval,Sales,Under Review,2026-06-06T15:12:00,emp_0047
WF-2645,Finance Approval,Sales,Manager Approval,2026-06-06T22:12:00,emp_0198
WF-2645,Finance Approval,Sales,Rejected,2026-06-08T01:12:00,emp_0093
WF-2646,Procurement,Operations,Submitted,2026-06-02T07:48:00,emp_0124
WF-2646,Procurement,Operations,Under Review,2026-06-03T16:48:00,emp_0157
WF-2646,Procurement,Operations,Compliance Check,2026-06-05T05:48:00,emp_0045
WF-2646,Procurement,Operations,Rejected,2026-06-07T04:48:00,emp_0188
WF-2647,Legal Review,Supply Chain,Submitted,2026-06-04T16:54:00,emp_0085
WF-2647,Legal Review,Supply Chain,Under Review,2026-06-05T00:54:00,emp_0185
WF-2647,Legal Review,Supply Chain,Manager Approval,2026-06-06T13:54:00,emp_0083
WF-2647,Legal Review,Supply Chain,Compliance Check,2026-06-08T13:54:00,emp_0086
WF-2647,Legal Review,Supply Chain,Rejected,2026-06-10T10:54:00,emp_0182
WF-2648,Procurement,Finance,Submitted,2026-06-15T05:31:00,emp_0139
WF-2648,Procurement,Finance,Under Review,2026-06-16T23:31:00,emp_0083
WF-2648,Procurement,Finance,Manager Approval,2026-06-17T20:31:00,emp_0145
WF-2648,Procurement,Finance,Compliance Check,2026-06-19T01:31:00,emp_0021
WF-2648,Procurement,Finance,Rejected,2026-06-19T06:31:00,emp_0057
WF-2649,HR Onboarding,Operations,Submitted,2026-06-28T22:55:00,emp_0025
WF-2649,HR Onboarding,Operations,Under Review,2026-06-29T20:55:00,emp_0186
WF-2649,HR Onboarding,Operations,Rejected,2026-06-30T04:55:00,emp_0083
WF-2650,Finance Approval,Operations,Submitted,2026-06-21T09:07:00,emp_0151
WF-2650,Finance Approval,Operations,Under Review,2026-06-22T04:07:00,emp_0137
WF-2650,Finance Approval,Operations,Manager Approval,2026-06-22T21:07:00,emp_0161
WF-2650,Finance Approval,Operations,Compliance Check,2026-06-23T02:07:00,emp_0151
WF-2650,Finance Approval,Operations,Rejected,2026-06-25T02:07:00,emp_0152
WF-2651,Procurement,Legal,Submitted,2026-06-26T16:50:00,emp_0084
WF-2651,Procurement,Legal,Under Review,2026-06-28T01:50:00,emp_0020
WF-2651,Procurement,Legal,Manager Approval,2026-06-29T11:50:00,emp_0185
WF-2651,Procurement,Legal,Approved,2026-06-30T07:50:00,emp_0064
WF-2652,HR Onboarding,Supply Chain,Submitted,2026-06-04T04:13:00,emp_0193
WF-2652,HR Onboarding,Supply Chain,Under Review,2026-06-05T14:13:00,emp_0142
WF-2652,HR Onboarding,Supply Chain,Compliance Check,2026-06-06T13:13:00,emp_0100
WF-2652,HR Onboarding,Supply Chain,Rejected,2026-06-07T10:13:00,emp_0171
WF-2653,IT Service Request,IT,Submitted,2026-06-19T17:04:00,emp_0127
WF-2653,IT Service Request,IT,Under Review,2026-06-21T10:04:00,emp_0017
WF-2653,IT Service Request,IT,Manager Approval,2026-06-23T06:04:00,emp_0035
WF-2653,IT Service Request,IT,Compliance Check,2026-06-24T13:04:00,emp_0179
WF-2653,IT Service Request,IT,Rejected,2026-06-25T21:04:00,emp_0160
WF-2654,HR Onboarding,Supply Chain,Submitted,2026-06-19T10:56:00,emp_0100
WF-2654,HR Onboarding,Supply Chain,Under Review,2026-06-19T14:56:00,emp_0078
WF-2654,HR Onboarding,Supply Chain,Compliance Check,2026-06-19T19:56:00,emp_0104
WF-2654,HR Onboarding,Supply Chain,Rejected,2026-06-19T23:56:00,emp_0134
WF-2655,HR Onboarding,Legal,Submitted,2026-06-17T23:51:00,emp_0156
WF-2655,HR Onboarding,Legal,Under Review,2026-06-18T23:51:00,emp_0179
WF-2655,HR Onboarding,Legal,Manager Approval,2026-06-20T03:51:00,emp_0017
WF-2655,HR Onboarding,Legal,Compliance Check,2026-06-20T06:51:00,emp_0089
WF-2655,HR Onboarding,Legal,Rejected,2026-06-22T06:51:00,emp_0069
WF-2656,Finance Approval,Supply Chain,Submitted,2026-07-03T18:39:00,emp_0114
WF-2656,Finance Approval,Supply Chain,Under Review,2026-07-05T18:39:00,emp_0107
WF-2656,Finance Approval,Supply Chain,Manager Approval,2026-07-06T05:39:00,emp_0100
WF-2656,Finance Approval,Supply Chain,Compliance Check,2026-07-06T10:39:00,emp_0095
WF-2656,Finance Approval,Supply Chain,Rejected,2026-07-06T21:39:00,emp_0052
WF-2657,Finance Approval,Finance,Submitted,2026-06-21T17:44:00,emp_0087
WF-2657,Finance Approval,Finance,Under Review,2026-06-22T20:44:00,emp_0161
WF-2657,Finance Approval,Finance,Approved,2026-06-22T23:44:00,emp_0185
WF-2658,Finance Approval,IT,Submitted,2026-06-17T09:27:00,emp_0156
WF-2658,Finance Approval,IT,Under Review,2026-06-17T16:27:00,emp_0140
WF-2658,Finance Approval,IT,Manager Approval,2026-06-18T22:27:00,emp_0043
WF-2658,Finance Approval,IT,Compliance Check,2026-06-19T03:27:00,emp_0112
WF-2658,Finance Approval,IT,Approved,2026-06-19T20:27:00,emp_0013
WF-2659,Finance Approval,Operations,Submitted,2026-06-23T22:39:00,emp_0178
WF-2659,Finance Approval,Operations,Under Review,2026-06-25T12:39:00,emp_0006
WF-2659,Finance Approval,Operations,Manager Approval,2026-06-26T16:39:00,emp_0122
WF-2659,Finance Approval,Operations,Compliance Check,2026-06-28T01:39:00,emp_0158
WF-2659,Finance Approval,Operations,Rejected,2026-06-29T01:39:00,emp_0024
WF-2660,Procurement,Finance,Submitted,2026-06-27T04:18:00,emp_0103
WF-2660,Procurement,Finance,Under Review,2026-06-28T20:18:00,emp_0095
WF-2660,Procurement,Finance,Manager Approval,2026-06-29T10:18:00,emp_0015
WF-2660,Procurement,Finance,Approved,2026-06-30T00:18:00,emp_0001
WF-2661,Procurement,Legal,Submitted,2026-06-08T05:20:00,emp_0034
WF-2661,Procurement,Legal,Under Review,2026-06-09T21:20:00,emp_0139
WF-2661,Procurement,Legal,Manager Approval,2026-06-10T23:20:00,emp_0200
WF-2661,Procurement,Legal,Compliance Check,2026-06-12T14:20:00,emp_0021
WF-2661,Procurement,Legal,Approved,2026-06-12T21:20:00,emp_0024
WF-2662,HR Onboarding,IT,Submitted,2026-06-04T22:25:00,emp_0119
WF-2662,HR Onboarding,IT,Under Review,2026-06-05T08:25:00,emp_0092
WF-2662,HR Onboarding,IT,Manager Approval,2026-06-06T21:25:00,emp_0050
WF-2662,HR Onboarding,IT,Approved,2026-06-07T16:25:00,emp_0163
WF-2663,Legal Review,Finance,Submitted,2026-06-07T14:53:00,emp_0096
WF-2663,Legal Review,Finance,Under Review,2026-06-08T08:53:00,emp_0137
WF-2663,Legal Review,Finance,Manager Approval,2026-06-08T12:53:00,emp_0041
WF-2663,Legal Review,Finance,Approved,2026-06-10T04:53:00,emp_0096
WF-2664,Finance Approval,Sales,Submitted,2026-06-03T19:55:00,emp_0160
WF-2664,Finance Approval,Sales,Under Review,2026-06-05T06:55:00,emp_0114
WF-2664,Finance Approval,Sales,Manager Approval,2026-06-05T09:55:00,emp_0136
WF-2664,Finance Approval,Sales,Approved,2026-06-06T05:55:00,emp_0191
WF-2665,IT Service Request,Operations,Submitted,2026-06-17T00:25:00,emp_0075
WF-2665,IT Service Request,Operations,Under Review,2026-06-17T12:25:00,emp_0139
WF-2665,IT Service Request,Operations,Manager Approval,2026-06-19T03:25:00,emp_0161
WF-2665,IT Service Request,Operations,Rejected,2026-06-19T05:25:00,emp_0078
WF-2666,HR Onboarding,Supply Chain,Submitted,2026-06-30T19:01:00,emp_0171
WF-2666,HR Onboarding,Supply Chain,Under Review,2026-07-01T21:01:00,emp_0158
WF-2666,HR Onboarding,Supply Chain,Compliance Check,2026-07-02T09:01:00,emp_0014
WF-2666,HR Onboarding,Supply Chain,Rejected,2026-07-04T02:01:00,emp_0109
WF-2667,Procurement,Supply Chain,Submitted,2026-06-24T02:40:00,emp_0108
WF-2667,Procurement,Supply Chain,Under Review,2026-06-24T06:40:00,emp_0145
WF-2667,Procurement,Supply Chain,Compliance Check,2026-06-25T11:40:00,emp_0010
WF-2667,Procurement,Supply Chain,Approved,2026-06-26T17:40:00,emp_0119
WF-2668,Procurement,Human Resources,Submitted,2026-06-20T10:39:00,emp_0001
WF-2668,Procurement,Human Resources,Under Review,2026-06-22T08:39:00,emp_0032
WF-2668,Procurement,Human Resources,Manager Approval,2026-06-24T01:39:00,emp_0180
WF-2668,Procurement,Human Resources,Compliance Check,2026-06-26T00:39:00,emp_0162
WF-2668,Procurement,Human Resources,Rejected,2026-06-26T02:39:00,emp_0154
WF-2669,Finance Approval,IT,Submitted,2026-06-20T04:25:00,emp_0082
WF-2669,Finance Approval,IT,Under Review,2026-06-20T23:25:00,emp_0087
WF-2669,Finance Approval,IT,Manager Approval,2026-06-22T06:25:00,emp_0154
WF-2669,Finance Approval,IT,Approved,2026-06-22T16:25:00,emp_0192
WF-2670,Finance Approval,Finance,Submitted,2026-06-12T18:44:00,emp_0141
WF-2670,Finance Approval,Finance,Under Review,2026-06-13T14:44:00,emp_0153
WF-2670,Finance Approval,Finance,Manager Approval,2026-06-13T23:44:00,emp_0086
WF-2670,Finance Approval,Finance,Rejected,2026-06-15T01:44:00,emp_0132
WF-2671,Finance Approval,Human Resources,Submitted,2026-06-24T01:55:00,emp_0027
WF-2671,Finance Approval,Human Resources,Under Review,2026-06-25T11:55:00,emp_0188
WF-2671,Finance Approval,Human Resources,Approved,2026-06-26T16:55:00,emp_0163
WF-2672,IT Service Request,Supply Chain,Submitted,2026-06-27T18:39:00,emp_0144
WF-2672,IT Service Request,Supply Chain,Under Review,2026-06-28T20:39:00,emp_0122
WF-2672,IT Service Request,Supply Chain,Approved,2026-06-29T08:39:00,emp_0003
WF-2673,HR Onboarding,Legal,Submitted,2026-06-08T06:36:00,emp_0162
WF-2673,HR Onboarding,Legal,Under Review,2026-06-09T09:36:00,emp_0038
WF-2673,HR Onboarding,Legal,Approved,2026-06-09T11:36:00,emp_0069
WF-2674,HR Onboarding,Legal,Submitted,2026-06-03T14:30:00,emp_0118
WF-2674,HR Onboarding,Legal,Under Review,2026-06-04T03:30:00,emp_0077
WF-2674,HR Onboarding,Legal,Manager Approval,2026-06-05T05:30:00,emp_0093
WF-2674,HR Onboarding,Legal,Rejected,2026-06-06T04:30:00,emp_0143
WF-2675,Legal Review,Operations,Submitted,2026-06-19T09:14:00,emp_0088
WF-2675,Legal Review,Operations,Under Review,2026-06-20T03:14:00,emp_0096
WF-2675,Legal Review,Operations,Manager Approval,2026-06-21T15:14:00,emp_0133
WF-2675,Legal Review,Operations,Compliance Check,2026-06-21T21:14:00,emp_0166
WF-2675,Legal Review,Operations,Rejected,2026-06-21T23:14:00,emp_0040
WF-2676,IT Service Request,IT,Submitted,2026-06-10T21:24:00,emp_0030
WF-2676,IT Service Request,IT,Under Review,2026-06-12T00:24:00,emp_0184
WF-2676,IT Service Request,IT,Manager Approval,2026-06-12T16:24:00,emp_0133
WF-2676,IT Service Request,IT,Approved,2026-06-12T22:24:00,emp_0165
WF-2677,Legal Review,Legal,Submitted,2026-06-16T03:31:00,emp_0002
WF-2677,Legal Review,Legal,Under Review,2026-06-17T09:31:00,emp_0004
WF-2677,Legal Review,Legal,Manager Approval,2026-06-18T04:31:00,emp_0162
WF-2677,Legal Review,Legal,Rejected,2026-06-19T00:31:00,emp_0134
WF-2678,Procurement,Supply Chain,Submitted,2026-06-29T05:14:00,emp_0182
WF-2678,Procurement,Supply Chain,Under Review,2026-06-29T06:14:00,emp_0173
WF-2678,Procurement,Supply Chain,Approved,2026-06-30T07:14:00,emp_0012
WF-2679,Procurement,Sales,Submitted,2026-06-16T21:44:00,emp_0116
WF-2679,Procurement,Sales,Under Review,2026-06-18T15:44:00,emp_0034
WF-2679,Procurement,Sales,Compliance Check,2026-06-19T20:44:00,emp_0028
WF-2679,Procurement,Sales,Rejected,2026-06-19T23:44:00,emp_0030
WF-2680,HR Onboarding,Operations,Submitted,2026-06-28T04:51:00,emp_0046
WF-2680,HR Onboarding,Operations,Under Review,2026-06-30T04:51:00,emp_0080
WF-2680,HR Onboarding,Operations,Manager Approval,2026-07-02T04:51:00,emp_0063
WF-2680,HR Onboarding,Operations,Rejected,2026-07-03T05:51:00,emp_0124
WF-2681,Procurement,Supply Chain,Submitted,2026-06-28T13:37:00,emp_0044
WF-2681,Procurement,Supply Chain,Under Review,2026-06-29T04:37:00,emp_0120
WF-2681,Procurement,Supply Chain,Manager Approval,2026-06-29T14:37:00,emp_0102
WF-2681,Procurement,Supply Chain,Compliance Check,2026-07-01T06:37:00,emp_0105
WF-2681,Procurement,Supply Chain,Approved,2026-07-03T05:37:00,emp_0077
WF-2682,Procurement,Supply Chain,Submitted,2026-06-28T11:46:00,emp_0021
WF-2682,Procurement,Supply Chain,Under Review,2026-06-29T18:46:00,emp_0149
WF-2682,Procurement,Supply Chain,Manager Approval,2026-07-01T12:46:00,emp_0106
WF-2682,Procurement,Supply Chain,Compliance Check,2026-07-03T09:46:00,emp_0188
WF-2682,Procurement,Supply Chain,Approved,2026-07-04T09:46:00,emp_0006
WF-2683,Procurement,Operations,Submitted,2026-06-16T05:44:00,emp_0139
WF-2683,Procurement,Operations,Under Review,2026-06-17T18:44:00,emp_0034
WF-2683,Procurement,Operations,Compliance Check,2026-06-19T15:44:00,emp_0013
WF-2683,Procurement,Operations,Rejected,2026-06-21T14:44:00,emp_0106
WF-2684,Procurement,Operations,Submitted,2026-06-26T23:21:00,emp_0106
WF-2684,Procurement,Operations,Under Review,2026-06-28T14:21:00,emp_0124
WF-2684,Procurement,Operations,Manager Approval,2026-06-30T00:21:00,emp_0042
WF-2684,Procurement,Operations,Approved,2026-06-30T17:21:00,emp_0080
WF-2685,Finance Approval,Legal,Submitted,2026-06-28T07:12:00,emp_0152
WF-2685,Finance Approval,Legal,Under Review,2026-06-28T21:12:00,emp_0076
WF-2685,Finance Approval,Legal,Manager Approval,2026-06-29T06:12:00,emp_0137
WF-2685,Finance Approval,Legal,Compliance Check,2026-06-30T09:12:00,emp_0082
WF-2685,Finance Approval,Legal,Approved,2026-06-30T16:12:00,emp_0196
WF-2686,Legal Review,Human Resources,Submitted,2026-06-22T02:39:00,emp_0172
WF-2686,Legal Review,Human Resources,Under Review,2026-06-22T07:39:00,emp_0014
WF-2686,Legal Review,Human Resources,Manager Approval,2026-06-23T02:39:00,emp_0137
WF-2686,Legal Review,Human Resources,Compliance Check,2026-06-23T08:39:00,emp_0180
WF-2686,Legal Review,Human Resources,Approved,2026-06-23T15:39:00,emp_0016
WF-2687,Legal Review,Sales,Submitted,2026-07-02T17:12:00,emp_0130
WF-2687,Legal Review,Sales,Under Review,2026-07-04T06:12:00,emp_0098
WF-2687,Legal Review,Sales,Manager Approval,2026-07-04T12:12:00,emp_0119
WF-2687,Legal Review,Sales,Compliance Check,2026-07-06T05:12:00,emp_0179
WF-2687,Legal Review,Sales,Approved,2026-07-06T11:12:00,emp_0074
WF-2688,Procurement,Finance,Submitted,2026-06-13T03:57:00,emp_0117
WF-2688,Procurement,Finance,Under Review,2026-06-13T09:57:00,emp_0064
WF-2688,Procurement,Finance,Manager Approval,2026-06-14T09:57:00,emp_0069
WF-2688,Procurement,Finance,Compliance Check,2026-06-16T00:57:00,emp_0084
WF-2688,Procurement,Finance,Approved,2026-06-16T08:57:00,emp_0094
WF-2689,Legal Review,IT,Submitted,2026-06-04T00:02:00,emp_0006
WF-2689,Legal Review,IT,Under Review,2026-06-04T12:02:00,emp_0147
WF-2689,Legal Review,IT,Manager Approval,2026-06-05T16:02:00,emp_0159
WF-2689,Legal Review,IT,Approved,2026-06-06T06:02:00,emp_0093
WF-2690,HR Onboarding,Operations,Submitted,2026-06-25T23:00:00,emp_0077
WF-2690,HR Onboarding,Operations,Under Review,2026-06-27T10:00:00,emp_0021
WF-2690,HR Onboarding,Operations,Manager Approval,2026-06-27T18:00:00,emp_0094
WF-2690,HR Onboarding,Operations,Compliance Check,2026-06-28T02:00:00,emp_0179
WF-2690,HR Onboarding,Operations,Approved,2026-06-28T23:00:00,emp_0034
WF-2691,Finance Approval,Legal,Submitted,2026-06-09T23:15:00,emp_0078
WF-2691,Finance Approval,Legal,Under Review,2026-06-11T05:15:00,emp_0074
WF-2691,Finance Approval,Legal,Manager Approval,2026-06-13T05:15:00,emp_0133
WF-2691,Finance Approval,Legal,Approved,2026-06-14T05:15:00,emp_0030
WF-2692,Legal Review,Legal,Submitted,2026-06-02T12:53:00,emp_0028
WF-2692,Legal Review,Legal,Under Review,2026-06-03T19:53:00,emp_0018
WF-2692,Legal Review,Legal,Manager Approval,2026-06-05T05:53:00,emp_0189
WF-2692,Legal Review,Legal,Rejected,2026-06-06T02:53:00,emp_0073
WF-2693,Procurement,Operations,Submitted,2026-06-30T01:46:00,emp_0040
WF-2693,Procurement,Operations,Under Review,2026-06-30T02:46:00,emp_0121
WF-2693,Procurement,Operations,Compliance Check,2026-07-01T01:46:00,emp_0076
WF-2693,Procurement,Operations,Approved,2026-07-02T14:46:00,emp_0113
WF-2694,Legal Review,Sales,Submitted,2026-07-03T00:12:00,emp_0138
WF-2694,Legal Review,Sales,Under Review,2026-07-03T20:12:00,emp_0129
WF-2694,Legal Review,Sales,Manager Approval,2026-07-04T21:12:00,emp_0141
WF-2694,Legal Review,Sales,Compliance Check,2026-07-05T13:12:00,emp_0097
WF-2694,Legal Review,Sales,Rejected,2026-07-06T07:12:00,emp_0031
WF-2695,IT Service Request,Sales,Submitted,2026-06-30T00:32:00,emp_0033
WF-2695,IT Service Request,Sales,Under Review,2026-07-01T00:32:00,emp_0117
WF-2695,IT Service Request,Sales,Manager Approval,2026-07-02T01:32:00,emp_0120
WF-2695,IT Service Request,Sales,Approved,2026-07-03T02:32:00,emp_0154
WF-2696,HR Onboarding,Supply Chain,Submitted,2026-06-15T15:57:00,emp_0137
WF-2696,HR Onboarding,Supply Chain,Under Review,2026-06-17T15:57:00,emp_0171
WF-2696,HR Onboarding,Supply Chain,Manager Approval,2026-06-18T14:57:00,emp_0161
WF-2696,HR Onboarding,Supply Chain,Compliance Check,2026-06-20T04:57:00,emp_0075
WF-2696,HR Onboarding,Supply Chain,Approved,2026-06-21T19:57:00,emp_0159
WF-2697,HR Onboarding,Legal,Submitted,2026-06-09T23:53:00,emp_0082
WF-2697,HR Onboarding,Legal,Under Review,2026-06-11T21:53:00,emp_0062
WF-2697,HR Onboarding,Legal,Manager Approval,2026-06-13T06:53:00,emp_0136
WF-2697,HR Onboarding,Legal,Compliance Check,2026-06-14T13:53:00,emp_0032
WF-2697,HR Onboarding,Legal,Approved,2026-06-15T08:53:00,emp_0004
WF-2698,Legal Review,Sales,Submitted,2026-06-22T20:01:00,emp_0128
WF-2698,Legal Review,Sales,Under Review,2026-06-23T11:01:00,emp_0126
WF-2698,Legal Review,Sales,Manager Approval,2026-06-24T13:01:00,emp_0043
WF-2698,Legal Review,Sales,Approved,2026-06-25T14:01:00,emp_0075
WF-2699,HR Onboarding,Legal,Submitted,2026-06-09T23:07:00,emp_0021
WF-2699,HR Onboarding,Legal,Under Review,2026-06-10T20:07:00,emp_0100
WF-2699,HR Onboarding,Legal,Manager Approval,2026-06-11T21:07:00,emp_0197
WF-2699,HR Onboarding,Legal,Compliance Check,2026-06-12T06:07:00,emp_0023
WF-2699,HR Onboarding,Legal,Approved,2026-06-12T23:07:00,emp_0089
WF-2700,Procurement,IT,Submitted,2026-06-04T14:57:00,emp_0169
WF-2700,Procurement,IT,Under Review,2026-06-05T23:57:00,emp_0070
WF-2700,Procurement,IT,Manager Approval,2026-06-07T12:57:00,emp_0035
WF-2700,Procurement,IT,Rejected,2026-06-07T17:57:00,emp_0060
WF-2701,HR Onboarding,Finance,Submitted,2026-06-30T10:50:00,emp_0083
WF-2701,HR Onboarding,Finance,Under Review,2026-07-01T21:50:00,emp_0186
WF-2701,HR Onboarding,Finance,Rejected,2026-07-03T14:50:00,emp_0195
WF-2702,Legal Review,IT,Submitted,2026-06-01T16:07:00,emp_0171
WF-2702,Legal Review,IT,Under Review,2026-06-03T11:07:00,emp_0152
WF-2702,Legal Review,IT,Manager Approval,2026-06-04T18:07:00,emp_0169
WF-2702,Legal Review,IT,Approved,2026-06-05T08:07:00,emp_0009
WF-2703,HR Onboarding,Legal,Submitted,2026-06-17T15:01:00,emp_0117
WF-2703,HR Onboarding,Legal,Under Review,2026-06-18T14:01:00,emp_0032
WF-2703,HR Onboarding,Legal,Manager Approval,2026-06-18T22:01:00,emp_0172
WF-2703,HR Onboarding,Legal,Compliance Check,2026-06-19T06:01:00,emp_0099
WF-2703,HR Onboarding,Legal,Rejected,2026-06-21T03:01:00,emp_0119
WF-2704,Legal Review,Human Resources,Submitted,2026-06-05T03:53:00,emp_0062
WF-2704,Legal Review,Human Resources,Under Review,2026-06-05T17:53:00,emp_0039
WF-2704,Legal Review,Human Resources,Manager Approval,2026-06-06T06:53:00,emp_0009
WF-2704,Legal Review,Human Resources,Compliance Check,2026-06-06T09:53:00,emp_0192
WF-2704,Legal Review,Human Resources,Approved,2026-06-06T11:53:00,emp_0086
WF-2705,HR Onboarding,Supply Chain,Submitted,2026-06-11T14:44:00,emp_0190
WF-2705,HR Onboarding,Supply Chain,Under Review,2026-06-12T18:44:00,emp_0146
WF-2705,HR Onboarding,Supply Chain,Manager Approval,2026-06-13T05:44:00,emp_0105
WF-2705,HR Onboarding,Supply Chain,Rejected,2026-06-13T23:44:00,emp_0120
WF-2706,Finance Approval,IT,Submitted,2026-06-25T22:35:00,emp_0120
WF-2706,Finance Approval,IT,Under Review,2026-06-26T22:35:00,emp_0046
WF-2706,Finance Approval,IT,Compliance Check,2026-06-27T22:35:00,emp_0167
WF-2706,Finance Approval,IT,Rejected,2026-06-27T23:35:00,emp_0090
WF-2707,Procurement,Supply Chain,Submitted,2026-06-04T21:27:00,emp_0057
WF-2707,Procurement,Supply Chain,Under Review,2026-06-05T18:27:00,emp_0172
WF-2707,Procurement,Supply Chain,Manager Approval,2026-06-07T04:27:00,emp_0146
WF-2707,Procurement,Supply Chain,Approved,2026-06-07T07:27:00,emp_0066
WF-2708,HR Onboarding,Finance,Submitted,2026-06-10T13:40:00,emp_0198
WF-2708,HR Onboarding,Finance,Under Review,2026-06-12T02:40:00,emp_0173
WF-2708,HR Onboarding,Finance,Manager Approval,2026-06-13T00:40:00,emp_0024
WF-2708,HR Onboarding,Finance,Rejected,2026-06-14T10:40:00,emp_0060
WF-2709,Finance Approval,Sales,Submitted,2026-06-19T00:08:00,emp_0008
WF-2709,Finance Approval,Sales,Under Review,2026-06-20T03:08:00,emp_0014
WF-2709,Finance Approval,Sales,Manager Approval,2026-06-22T03:08:00,emp_0180
WF-2709,Finance Approval,Sales,Rejected,2026-06-22T11:08:00,emp_0098
WF-2710,Finance Approval,IT,Submitted,2026-06-14T04:44:00,emp_0058
WF-2710,Finance Approval,IT,Under Review,2026-06-15T02:44:00,emp_0144
WF-2710,Finance Approval,IT,Manager Approval,2026-06-15T06:44:00,emp_0041
WF-2710,Finance Approval,IT,Rejected,2026-06-15T23:44:00,emp_0144
WF-2711,Finance Approval,Human Resources,Submitted,2026-07-02T21:19:00,emp_0082
WF-2711,Finance Approval,Human Resources,Under Review,2026-07-03T15:19:00,emp_0143
WF-2711,Finance Approval,Human Resources,Approved,2026-07-04T23:19:00,emp_0131
WF-2712,Procurement,Operations,Submitted,2026-06-23T10:10:00,emp_0167
WF-2712,Procurement,Operations,Under Review,2026-06-24T18:10:00,emp_0132
WF-2712,Procurement,Operations,Manager Approval,2026-06-26T09:10:00,emp_0138
WF-2712,Procurement,Operations,Rejected,2026-06-28T08:10:00,emp_0011
WF-2713,Procurement,Sales,Submitted,2026-06-21T17:49:00,emp_0134
WF-2713,Procurement,Sales,Under Review,2026-06-22T20:49:00,emp_0119
WF-2713,Procurement,Sales,Manager Approval,2026-06-23T00:49:00,emp_0008
WF-2713,Procurement,Sales,Compliance Check,2026-06-23T19:49:00,emp_0180
WF-2713,Procurement,Sales,Approved,2026-06-25T17:49:00,emp_0103
WF-2714,HR Onboarding,Operations,Submitted,2026-06-25T00:00:00,emp_0179
WF-2714,HR Onboarding,Operations,Under Review,2026-06-25T01:00:00,emp_0180
WF-2714,HR Onboarding,Operations,Compliance Check,2026-06-25T05:00:00,emp_0123
WF-2714,HR Onboarding,Operations,Approved,2026-06-27T00:00:00,emp_0075
WF-2715,Procurement,Human Resources,Submitted,2026-06-15T12:32:00,emp_0032
WF-2715,Procurement,Human Resources,Under Review,2026-06-16T09:32:00,emp_0032
WF-2715,Procurement,Human Resources,Manager Approval,2026-06-18T01:32:00,emp_0169
WF-2715,Procurement,Human Resources,Compliance Check,2026-06-19T12:32:00,emp_0125
WF-2715,Procurement,Human Resources,Approved,2026-06-20T22:32:00,emp_0121
WF-2716,Finance Approval,Legal,Submitted,2026-06-25T12:57:00,emp_0026
WF-2716,Finance Approval,Legal,Under Review,2026-06-27T08:57:00,emp_0117
WF-2716,Finance Approval,Legal,Rejected,2026-06-27T13:57:00,emp_0153
WF-2717,Procurement,Operations,Submitted,2026-06-15T04:34:00,emp_0066
WF-2717,Procurement,Operations,Under Review,2026-06-17T04:34:00,emp_0022
WF-2717,Procurement,Operations,Manager Approval,2026-06-19T03:34:00,emp_0061
WF-2717,Procurement,Operations,Compliance Check,2026-06-19T23:34:00,emp_0195
WF-2717,Procurement,Operations,Rejected,2026-06-21T01:34:00,emp_0050
WF-2718,IT Service Request,Finance,Submitted,2026-06-26T07:25:00,emp_0063
WF-2718,IT Service Request,Finance,Under Review,2026-06-27T09:25:00,emp_0040
WF-2718,IT Service Request,Finance,Manager Approval,2026-06-28T01:25:00,emp_0058
WF-2718,IT Service Request,Finance,Compliance Check,2026-06-28T16:25:00,emp_0087
WF-2718,IT Service Request,Finance,Rejected,2026-06-29T01:25:00,emp_0065
WF-2719,IT Service Request,Human Resources,Submitted,2026-06-10T20:59:00,emp_0174
WF-2719,IT Service Request,Human Resources,Under Review,2026-06-11T03:59:00,emp_0165
WF-2719,IT Service Request,Human Resources,Manager Approval,2026-06-11T20:59:00,emp_0064
WF-2719,IT Service Request,Human Resources,Compliance Check,2026-06-13T07:59:00,emp_0112
WF-2719,IT Service Request,Human Resources,Approved,2026-06-13T08:59:00,emp_0103
WF-2720,Finance Approval,Supply Chain,Submitted,2026-06-15T05:36:00,emp_0181
WF-2720,Finance Approval,Supply Chain,Under Review,2026-06-16T15:36:00,emp_0175
WF-2720,Finance Approval,Supply Chain,Manager Approval,2026-06-16T18:36:00,emp_0185
WF-2720,Finance Approval,Supply Chain,Approved,2026-06-17T04:36:00,emp_0075
WF-2721,Finance Approval,Human Resources,Submitted,2026-06-09T04:56:00,emp_0118
WF-2721,Finance Approval,Human Resources,Under Review,2026-06-09T15:56:00,emp_0009
WF-2721,Finance Approval,Human Resources,Manager Approval,2026-06-09T18:56:00,emp_0023
WF-2721,Finance Approval,Human Resources,Approved,2026-06-11T08:56:00,emp_0156
WF-2722,Procurement,Finance,Submitted,2026-07-03T02:26:00,emp_0144
WF-2722,Procurement,Finance,Under Review,2026-07-04T20:26:00,emp_0158
WF-2722,Procurement,Finance,Manager Approval,2026-07-05T02:26:00,emp_0117
WF-2722,Procurement,Finance,Approved,2026-07-06T21:26:00,emp_0100
WF-2723,IT Service Request,Supply Chain,Submitted,2026-06-06T22:44:00,emp_0025
WF-2723,IT Service Request,Supply Chain,Under Review,2026-06-07T19:44:00,emp_0101
WF-2723,IT Service Request,Supply Chain,Compliance Check,2026-06-08T14:44:00,emp_0014
WF-2723,IT Service Request,Supply Chain,Approved,2026-06-09T23:44:00,emp_0118
WF-2724,Procurement,Legal,Submitted,2026-06-17T07:37:00,emp_0002
WF-2724,Procurement,Legal,Under Review,2026-06-19T03:37:00,emp_0004
WF-2724,Procurement,Legal,Manager Approval,2026-06-19T16:37:00,emp_0034
WF-2724,Procurement,Legal,Rejected,2026-06-20T03:37:00,emp_0124
WF-2725,Legal Review,Supply Chain,Submitted,2026-06-25T04:21:00,emp_0180
WF-2725,Legal Review,Supply Chain,Under Review,2026-06-26T02:21:00,emp_0034
WF-2725,Legal Review,Supply Chain,Manager Approval,2026-06-26T04:21:00,emp_0158
WF-2725,Legal Review,Supply Chain,Compliance Check,2026-06-26T13:21:00,emp_0108
WF-2725,Legal Review,Supply Chain,Rejected,2026-06-27T13:21:00,emp_0109
WF-2726,Procurement,Human Resources,Submitted,2026-06-28T13:25:00,emp_0180
WF-2726,Procurement,Human Resources,Under Review,2026-06-28T21:25:00,emp_0158
WF-2726,Procurement,Human Resources,Manager Approval,2026-06-29T00:25:00,emp_0110
WF-2726,Procurement,Human Resources,Compliance Check,2026-06-29T06:25:00,emp_0085
WF-2726,Procurement,Human Resources,Rejected,2026-06-30T07:25:00,emp_0005
WF-2727,Legal Review,Supply Chain,Submitted,2026-06-16T05:46:00,emp_0133
WF-2727,Legal Review,Supply Chain,Under Review,2026-06-17T19:46:00,emp_0138
WF-2727,Legal Review,Supply Chain,Manager Approval,2026-06-19T18:46:00,emp_0056
WF-2727,Legal Review,Supply Chain,Approved,2026-06-21T07:46:00,emp_0175
WF-2728,HR Onboarding,Legal,Submitted,2026-06-28T04:23:00,emp_0161
WF-2728,HR Onboarding,Legal,Under Review,2026-06-29T11:23:00,emp_0044
WF-2728,HR Onboarding,Legal,Manager Approval,2026-06-30T06:23:00,emp_0164
WF-2728,HR Onboarding,Legal,Approved,2026-07-01T10:23:00,emp_0101
WF-2729,Procurement,Finance,Submitted,2026-07-03T03:36:00,emp_0112
WF-2729,Procurement,Finance,Under Review,2026-07-03T13:36:00,emp_0096
WF-2729,Procurement,Finance,Manager Approval,2026-07-05T09:36:00,emp_0068
WF-2729,Procurement,Finance,Compliance Check,2026-07-05T16:36:00,emp_0100
WF-2729,Procurement,Finance,Rejected,2026-07-06T18:36:00,emp_0024
WF-2730,HR Onboarding,Legal,Submitted,2026-06-15T09:48:00,emp_0035
WF-2730,HR Onboarding,Legal,Under Review,2026-06-15T13:48:00,emp_0078
WF-2730,HR Onboarding,Legal,Manager Approval,2026-06-15T15:48:00,emp_0195
WF-2730,HR Onboarding,Legal,Approved,2026-06-15T19:48:00,emp_0107
WF-2731,Legal Review,Operations,Submitted,2026-06-08T03:22:00,emp_0144
WF-2731,Legal Review,Operations,Under Review,2026-06-09T19:22:00,emp_0074
WF-2731,Legal Review,Operations,Manager Approval,2026-06-11T05:22:00,emp_0119
WF-2731,Legal Review,Operations,Rejected,2026-06-11T10:22:00,emp_0114
WF-2732,Legal Review,Operations,Submitted,2026-06-14T11:56:00,emp_0135
WF-2732,Legal Review,Operations,Under Review,2026-06-16T01:56:00,emp_0126
WF-2732,Legal Review,Operations,Manager Approval,2026-06-17T23:56:00,emp_0139
WF-2732,Legal Review,Operations,Compliance Check,2026-06-19T01:56:00,emp_0117
WF-2732,Legal Review,Operations,Approved,2026-06-19T16:56:00,emp_0019
WF-2733,Procurement,IT,Submitted,2026-06-09T23:33:00,emp_0163
WF-2733,Procurement,IT,Under Review,2026-06-10T15:33:00,emp_0044
WF-2733,Procurement,IT,Manager Approval,2026-06-10T17:33:00,emp_0095
WF-2733,Procurement,IT,Approved,2026-06-12T13:33:00,emp_0028
WF-2734,IT Service Request,IT,Submitted,2026-06-11T08:07:00,emp_0030
WF-2734,IT Service Request,IT,Under Review,2026-06-13T06:07:00,emp_0052
WF-2734,IT Service Request,IT,Manager Approval,2026-06-14T17:07:00,emp_0187
WF-2734,IT Service Request,IT,Compliance Check,2026-06-15T01:07:00,emp_0066
WF-2734,IT Service Request,IT,Approved,2026-06-15T13:07:00,emp_0159
WF-2735,Legal Review,Sales,Submitted,2026-06-10T01:54:00,emp_0051
WF-2735,Legal Review,Sales,Under Review,2026-06-11T19:54:00,emp_0023
WF-2735,Legal Review,Sales,Manager Approval,2026-06-12T08:54:00,emp_0161
WF-2735,Legal Review,Sales,Approved,2026-06-14T06:54:00,emp_0161
WF-2736,Procurement,Supply Chain,Submitted,2026-06-18T16:36:00,emp_0068
WF-2736,Procurement,Supply Chain,Under Review,2026-06-20T07:36:00,emp_0040
WF-2736,Procurement,Supply Chain,Manager Approval,2026-06-22T07:36:00,emp_0113
WF-2736,Procurement,Supply Chain,Approved,2026-06-23T13:36:00,emp_0026
WF-2737,HR Onboarding,IT,Submitted,2026-06-27T10:53:00,emp_0031
WF-2737,HR Onboarding,IT,Under Review,2026-06-28T11:53:00,emp_0020
WF-2737,HR Onboarding,IT,Manager Approval,2026-06-28T14:53:00,emp_0122
WF-2737,HR Onboarding,IT,Rejected,2026-06-29T18:53:00,emp_0067
WF-2738,Legal Review,Sales,Submitted,2026-06-24T10:17:00,emp_0030
WF-2738,Legal Review,Sales,Under Review,2026-06-26T01:17:00,emp_0135
WF-2738,Legal Review,Sales,Manager Approval,2026-06-26T09:17:00,emp_0009
WF-2738,Legal Review,Sales,Compliance Check,2026-06-27T18:17:00,emp_0190
WF-2738,Legal Review,Sales,Rejected,2026-06-29T11:17:00,emp_0045
WF-2739,Procurement,Operations,Submitted,2026-06-24T17:22:00,emp_0155
WF-2739,Procurement,Operations,Under Review,2026-06-25T04:22:00,emp_0030
WF-2739,Procurement,Operations,Compliance Check,2026-06-26T14:22:00,emp_0158
WF-2739,Procurement,Operations,Approved,2026-06-28T09:22:00,emp_0003
WF-2740,Legal Review,Operations,Submitted,2026-06-24T02:34:00,emp_0132
WF-2740,Legal Review,Operations,Under Review,2026-06-24T23:34:00,emp_0170
WF-2740,Legal Review,Operations,Manager Approval,2026-06-25T06:34:00,emp_0061
WF-2740,Legal Review,Operations,Approved,2026-06-26T17:34:00,emp_0045
WF-2741,Procurement,Operations,Submitted,2026-06-25T02:07:00,emp_0176
WF-2741,Procurement,Operations,Under Review,2026-06-25T11:07:00,emp_0123
WF-2741,Procurement,Operations,Manager Approval,2026-06-26T20:07:00,emp_0057
WF-2741,Procurement,Operations,Rejected,2026-06-27T16:07:00,emp_0011
WF-2742,Finance Approval,IT,Submitted,2026-06-20T16:29:00,emp_0001
WF-2742,Finance Approval,IT,Under Review,2026-06-20T23:29:00,emp_0054
WF-2742,Finance Approval,IT,Manager Approval,2026-06-22T00:29:00,emp_0084
WF-2742,Finance Approval,IT,Compliance Check,2026-06-22T06:29:00,emp_0064
WF-2742,Finance Approval,IT,Rejected,2026-06-23T00:29:00,emp_0128
WF-2743,Legal Review,Operations,Submitted,2026-07-03T20:14:00,emp_0199
WF-2743,Legal Review,Operations,Under Review,2026-07-04T09:14:00,emp_0021
WF-2743,Legal Review,Operations,Manager Approval,2026-07-05T00:14:00,emp_0005
WF-2743,Legal Review,Operations,Approved,2026-07-05T09:14:00,emp_0164
WF-2744,HR Onboarding,Sales,Submitted,2026-06-09T20:09:00,emp_0162
WF-2744,HR Onboarding,Sales,Under Review,2026-06-10T20:09:00,emp_0004
WF-2744,HR Onboarding,Sales,Manager Approval,2026-06-12T18:09:00,emp_0106
WF-2744,HR Onboarding,Sales,Approved,2026-06-13T01:09:00,emp_0155
WF-2745,Finance Approval,Sales,Submitted,2026-06-22T18:43:00,emp_0093
WF-2745,Finance Approval,Sales,Under Review,2026-06-23T19:43:00,emp_0082
WF-2745,Finance Approval,Sales,Manager Approval,2026-06-24T11:43:00,emp_0068
WF-2745,Finance Approval,Sales,Compliance Check,2026-06-25T21:43:00,emp_0122
WF-2745,Finance Approval,Sales,Rejected,2026-06-26T08:43:00,emp_0052
WF-2746,IT Service Request,Human Resources,Submitted,2026-06-22T06:28:00,emp_0059
WF-2746,IT Service Request,Human Resources,Under Review,2026-06-22T20:28:00,emp_0026
WF-2746,IT Service Request,Human Resources,Manager Approval,2026-06-23T14:28:00,emp_0154
WF-2746,IT Service Request,Human Resources,Rejected,2026-06-24T21:28:00,emp_0198
WF-2747,Procurement,Finance,Submitted,2026-06-27T17:52:00,emp_0153
WF-2747,Procurement,Finance,Under Review,2026-06-28T21:52:00,emp_0067
WF-2747,Procurement,Finance,Manager Approval,2026-06-29T13:52:00,emp_0094
WF-2747,Procurement,Finance,Approved,2026-06-29T21:52:00,emp_0157
WF-2748,Legal Review,Operations,Submitted,2026-06-14T01:26:00,emp_0164
WF-2748,Legal Review,Operations,Under Review,2026-06-15T15:26:00,emp_0044
WF-2748,Legal Review,Operations,Manager Approval,2026-06-16T21:26:00,emp_0063
WF-2748,Legal Review,Operations,Compliance Check,2026-06-17T02:26:00,emp_0044
WF-2748,Legal Review,Operations,Rejected,2026-06-17T19:26:00,emp_0019
WF-2749,Procurement,Finance,Submitted,2026-06-12T09:29:00,emp_0200
WF-2749,Procurement,Finance,Under Review,2026-06-12T21:29:00,emp_0107
WF-2749,Procurement,Finance,Manager Approval,2026-06-14T17:29:00,emp_0104
WF-2749,Procurement,Finance,Approved,2026-06-16T07:29:00,emp_0065
WF-2750,Legal Review,IT,Submitted,2026-06-12T08:37:00,emp_0200
WF-2750,Legal Review,IT,Under Review,2026-06-13T19:37:00,emp_0156
WF-2750,Legal Review,IT,Manager Approval,2026-06-14T14:37:00,emp_0089
WF-2750,Legal Review,IT,Compliance Check,2026-06-16T08:37:00,emp_0064
WF-2750,Legal Review,IT,Approved,2026-06-18T05:37:00,emp_0148
WF-2751,Legal Review,Operations,Submitted,2026-06-26T17:40:00,emp_0042
WF-2751,Legal Review,Operations,Under Review,2026-06-26T21:40:00,emp_0040
WF-2751,Legal Review,Operations,Manager Approval,2026-06-28T13:40:00,emp_0107
WF-2751,Legal Review,Operations,Approved,2026-06-29T20:40:00,emp_0144
WF-2752,HR Onboarding,Finance,Submitted,2026-06-24T03:20:00,emp_0065
WF-2752,HR Onboarding,Finance,Under Review,2026-06-25T09:20:00,emp_0118
WF-2752,HR Onboarding,Finance,Approved,2026-06-25T21:20:00,emp_0091
WF-2753,Finance Approval,Human Resources,Submitted,2026-06-09T10:59:00,emp_0179
WF-2753,Finance Approval,Human Resources,Under Review,2026-06-09T14:59:00,emp_0084
WF-2753,Finance Approval,Human Resources,Manager Approval,2026-06-09T20:59:00,emp_0002
WF-2753,Finance Approval,Human Resources,Compliance Check,2026-06-11T01:59:00,emp_0080
WF-2753,Finance Approval,Human Resources,Approved,2026-06-12T06:59:00,emp_0048
WF-2754,HR Onboarding,Operations,Submitted,2026-06-23T20:46:00,emp_0118
WF-2754,HR Onboarding,Operations,Under Review,2026-06-24T11:46:00,emp_0187
WF-2754,HR Onboarding,Operations,Manager Approval,2026-06-25T08:46:00,emp_0021
WF-2754,HR Onboarding,Operations,Compliance Check,2026-06-27T05:46:00,emp_0109
WF-2754,HR Onboarding,Operations,Rejected,2026-06-27T22:46:00,emp_0057
WF-2755,Finance Approval,IT,Submitted,2026-06-30T10:21:00,emp_0173
WF-2755,Finance Approval,IT,Under Review,2026-06-30T14:21:00,emp_0025
WF-2755,Finance Approval,IT,Compliance Check,2026-07-01T06:21:00,emp_0112
WF-2755,Finance Approval,IT,Approved,2026-07-01T18:21:00,emp_0147
WF-2756,Finance Approval,Legal,Submitted,2026-07-01T18:15:00,emp_0172
WF-2756,Finance Approval,Legal,Under Review,2026-07-02T05:15:00,emp_0174
WF-2756,Finance Approval,Legal,Manager Approval,2026-07-03T17:15:00,emp_0158
WF-2756,Finance Approval,Legal,Approved,2026-07-05T17:15:00,emp_0130
WF-2757,Finance Approval,Legal,Submitted,2026-06-26T17:43:00,emp_0160
WF-2757,Finance Approval,Legal,Under Review,2026-06-28T14:43:00,emp_0169
WF-2757,Finance Approval,Legal,Manager Approval,2026-06-29T10:43:00,emp_0056
WF-2757,Finance Approval,Legal,Compliance Check,2026-07-01T09:43:00,emp_0173
WF-2757,Finance Approval,Legal,Rejected,2026-07-01T23:43:00,emp_0062
WF-2758,Finance Approval,Legal,Submitted,2026-06-24T00:50:00,emp_0080
WF-2758,Finance Approval,Legal,Under Review,2026-06-24T16:50:00,emp_0106
WF-2758,Finance Approval,Legal,Manager Approval,2026-06-25T21:50:00,emp_0126
WF-2758,Finance Approval,Legal,Rejected,2026-06-27T16:50:00,emp_0199
WF-2759,HR Onboarding,Sales,Submitted,2026-06-29T18:58:00,emp_0019
WF-2759,HR Onboarding,Sales,Under Review,2026-07-01T09:58:00,emp_0195
WF-2759,HR Onboarding,Sales,Manager Approval,2026-07-03T02:58:00,emp_0166
WF-2759,HR Onboarding,Sales,Compliance Check,2026-07-03T17:58:00,emp_0080
WF-2759,HR Onboarding,Sales,Rejected,2026-07-04T22:58:00,emp_0078
WF-2760,IT Service Request,Operations,Submitted,2026-06-04T15:01:00,emp_0198
WF-2760,IT Service Request,Operations,Under Review,2026-06-05T01:01:00,emp_0098
WF-2760,IT Service Request,Operations,Manager Approval,2026-06-06T22:01:00,emp_0190
WF-2760,IT Service Request,Operations,Compliance Check,2026-06-08T12:01:00,emp_0095
WF-2760,IT Service Request,Operations,Approved,2026-06-09T10:01:00,emp_0022
WF-2761,HR Onboarding,IT,Submitted,2026-06-25T00:17:00,emp_0133
WF-2761,HR Onboarding,IT,Under Review,2026-06-26T18:17:00,emp_0136
WF-2761,HR Onboarding,IT,Manager Approval,2026-06-28T12:17:00,emp_0130
WF-2761,HR Onboarding,IT,Compliance Check,2026-06-29T22:17:00,emp_0034
WF-2761,HR Onboarding,IT,Rejected,2026-06-30T22:17:00,emp_0136
WF-2762,IT Service Request,Finance,Submitted,2026-06-18T00:30:00,emp_0109
WF-2762,IT Service Request,Finance,Under Review,2026-06-19T03:30:00,emp_0101
WF-2762,IT Service Request,Finance,Compliance Check,2026-06-19T23:30:00,emp_0061
WF-2762,IT Service Request,Finance,Approved,2026-06-21T15:30:00,emp_0150
WF-2763,Procurement,Supply Chain,Submitted,2026-06-19T06:28:00,emp_0143
WF-2763,Procurement,Supply Chain,Under Review,2026-06-19T20:28:00,emp_0086
WF-2763,Procurement,Supply Chain,Manager Approval,2026-06-21T13:28:00,emp_0153
WF-2763,Procurement,Supply Chain,Approved,2026-06-21T22:28:00,emp_0066
WF-2764,Legal Review,Sales,Submitted,2026-07-01T18:09:00,emp_0111
WF-2764,Legal Review,Sales,Under Review,2026-07-03T17:09:00,emp_0022
WF-2764,Legal Review,Sales,Manager Approval,2026-07-04T20:09:00,emp_0164
WF-2764,Legal Review,Sales,Compliance Check,2026-07-04T23:09:00,emp_0048
WF-2764,Legal Review,Sales,Approved,2026-07-06T22:09:00,emp_0193
WF-2765,HR Onboarding,Legal,Submitted,2026-06-03T06:43:00,emp_0193
WF-2765,HR Onboarding,Legal,Under Review,2026-06-04T10:43:00,emp_0138
WF-2765,HR Onboarding,Legal,Manager Approval,2026-06-05T14:43:00,emp_0098
WF-2765,HR Onboarding,Legal,Approved,2026-06-07T09:43:00,emp_0037
WF-2766,Procurement,Human Resources,Submitted,2026-06-04T05:48:00,emp_0040
WF-2766,Procurement,Human Resources,Under Review,2026-06-05T17:48:00,emp_0188
WF-2766,Procurement,Human Resources,Manager Approval,2026-06-05T21:48:00,emp_0002
WF-2766,Procurement,Human Resources,Rejected,2026-06-06T13:48:00,emp_0166
WF-2767,HR Onboarding,Legal,Submitted,2026-06-24T04:33:00,emp_0133
WF-2767,HR Onboarding,Legal,Under Review,2026-06-24T09:33:00,emp_0038
WF-2767,HR Onboarding,Legal,Manager Approval,2026-06-25T23:33:00,emp_0196
WF-2767,HR Onboarding,Legal,Compliance Check,2026-06-26T07:33:00,emp_0007
WF-2767,HR Onboarding,Legal,Approved,2026-06-26T22:33:00,emp_0045
WF-2768,Procurement,Finance,Submitted,2026-06-08T04:32:00,emp_0065
WF-2768,Procurement,Finance,Under Review,2026-06-08T21:32:00,emp_0175
WF-2768,Procurement,Finance,Manager Approval,2026-06-10T00:32:00,emp_0194
WF-2768,Procurement,Finance,Compliance Check,2026-06-11T12:32:00,emp_0061
WF-2768,Procurement,Finance,Approved,2026-06-12T06:32:00,emp_0122
WF-2769,HR Onboarding,Finance,Submitted,2026-06-16T01:01:00,emp_0135
WF-2769,HR Onboarding,Finance,Under Review,2026-06-16T22:01:00,emp_0188
WF-2769,HR Onboarding,Finance,Manager Approval,2026-06-18T21:01:00,emp_0075
WF-2769,HR Onboarding,Finance,Rejected,2026-06-19T09:01:00,emp_0188
WF-2770,IT Service Request,Sales,Submitted,2026-06-16T04:45:00,emp_0093
WF-2770,IT Service Request,Sales,Under Review,2026-06-16T23:45:00,emp_0062
WF-2770,IT Service Request,Sales,Manager Approval,2026-06-18T00:45:00,emp_0109
WF-2770,IT Service Request,Sales,Rejected,2026-06-18T04:45:00,emp_0040
WF-2771,Procurement,Finance,Submitted,2026-06-07T11:09:00,emp_0177
WF-2771,Procurement,Finance,Under Review,2026-06-09T05:09:00,emp_0162
WF-2771,Procurement,Finance,Manager Approval,2026-06-10T01:09:00,emp_0065
WF-2771,Procurement,Finance,Compliance Check,2026-06-10T14:09:00,emp_0192
WF-2771,Procurement,Finance,Rejected,2026-06-10T20:09:00,emp_0167
WF-2772,Procurement,Sales,Submitted,2026-06-05T19:46:00,emp_0054
WF-2772,Procurement,Sales,Under Review,2026-06-07T06:46:00,emp_0185
WF-2772,Procurement,Sales,Manager Approval,2026-06-08T19:46:00,emp_0090
WF-2772,Procurement,Sales,Compliance Check,2026-06-10T18:46:00,emp_0162
WF-2772,Procurement,Sales,Rejected,2026-06-10T21:46:00,emp_0121
WF-2773,Finance Approval,Finance,Submitted,2026-06-15T17:38:00,emp_0125
WF-2773,Finance Approval,Finance,Under Review,2026-06-16T22:38:00,emp_0134
WF-2773,Finance Approval,Finance,Manager Approval,2026-06-18T00:38:00,emp_0064
WF-2773,Finance Approval,Finance,Compliance Check,2026-06-18T13:38:00,emp_0182
WF-2773,Finance Approval,Finance,Rejected,2026-06-19T09:38:00,emp_0183
WF-2774,Legal Review,Sales,Submitted,2026-06-08T10:58:00,emp_0159
WF-2774,Legal Review,Sales,Under Review,2026-06-08T17:58:00,emp_0174
WF-2774,Legal Review,Sales,Rejected,2026-06-09T22:58:00,emp_0031
WF-2775,HR Onboarding,Sales,Submitted,2026-06-23T14:12:00,emp_0081
WF-2775,HR Onboarding,Sales,Under Review,2026-06-24T08:12:00,emp_0168
WF-2775,HR Onboarding,Sales,Rejected,2026-06-24T14:12:00,emp_0153
WF-2776,HR Onboarding,Operations,Submitted,2026-06-11T04:00:00,emp_0051
WF-2776,HR Onboarding,Operations,Under Review,2026-06-13T01:00:00,emp_0112
WF-2776,HR Onboarding,Operations,Manager Approval,2026-06-13T08:00:00,emp_0047
WF-2776,HR Onboarding,Operations,Rejected,2026-06-15T05:00:00,emp_0136
WF-2777,Legal Review,Sales,Submitted,2026-06-08T20:26:00,emp_0054
WF-2777,Legal Review,Sales,Under Review,2026-06-10T14:26:00,emp_0074
WF-2777,Legal Review,Sales,Manager Approval,2026-06-10T18:26:00,emp_0145
WF-2777,Legal Review,Sales,Rejected,2026-06-12T00:26:00,emp_0098
WF-2778,Procurement,Operations,Submitted,2026-06-10T18:09:00,emp_0170
WF-2778,Procurement,Operations,Under Review,2026-06-11T17:09:00,emp_0180
WF-2778,Procurement,Operations,Approved,2026-06-12T09:09:00,emp_0002
WF-2779,Procurement,Supply Chain,Submitted,2026-06-14T20:20:00,emp_0098
WF-2779,Procurement,Supply Chain,Under Review,2026-06-16T12:20:00,emp_0022
WF-2779,Procurement,Supply Chain,Manager Approval,2026-06-16T16:20:00,emp_0047
WF-2779,Procurement,Supply Chain,Compliance Check,2026-06-16T22:20:00,emp_0039
WF-2779,Procurement,Supply Chain,Rejected,2026-06-17T22:20:00,emp_0044
WF-2780,IT Service Request,Legal,Submitted,2026-06-27T03:36:00,emp_0108
WF-2780,IT Service Request,Legal,Under Review,2026-06-27T19:36:00,emp_0170
WF-2780,IT Service Request,Legal,Approved,2026-06-28T19:36:00,emp_0107
WF-2781,HR Onboarding,Finance,Submitted,2026-06-21T23:38:00,emp_0016
WF-2781,HR Onboarding,Finance,Under Review,2026-06-23T03:38:00,emp_0020
WF-2781,HR Onboarding,Finance,Manager Approval,2026-06-24T09:38:00,emp_0091
WF-2781,HR Onboarding,Finance,Compliance Check,2026-06-25T23:38:00,emp_0090
WF-2781,HR Onboarding,Finance,Approved,2026-06-27T06:38:00,emp_0032
WF-2782,IT Service Request,IT,Submitted,2026-06-25T02:02:00,emp_0012
WF-2782,IT Service Request,IT,Under Review,2026-06-26T21:02:00,emp_0093
WF-2782,IT Service Request,IT,Rejected,2026-06-28T13:02:00,emp_0178
WF-2783,Procurement,Finance,Submitted,2026-07-02T10:36:00,emp_0069
WF-2783,Procurement,Finance,Under Review,2026-07-02T12:36:00,emp_0154
WF-2783,Procurement,Finance,Rejected,2026-07-04T12:36:00,emp_0004
WF-2784,HR Onboarding,Human Resources,Submitted,2026-06-17T06:07:00,emp_0052
WF-2784,HR Onboarding,Human Resources,Under Review,2026-06-18T12:07:00,emp_0015
WF-2784,HR Onboarding,Human Resources,Compliance Check,2026-06-18T16:07:00,emp_0006
WF-2784,HR Onboarding,Human Resources,Rejected,2026-06-20T00:07:00,emp_0123
WF-2785,Legal Review,Sales,Submitted,2026-06-20T09:01:00,emp_0156
WF-2785,Legal Review,Sales,Under Review,2026-06-21T23:01:00,emp_0135
WF-2785,Legal Review,Sales,Manager Approval,2026-06-22T22:01:00,emp_0024
WF-2785,Legal Review,Sales,Rejected,2026-06-24T09:01:00,emp_0082
WF-2786,IT Service Request,Legal,Submitted,2026-06-19T17:55:00,emp_0017
WF-2786,IT Service Request,Legal,Under Review,2026-06-19T19:55:00,emp_0046
WF-2786,IT Service Request,Legal,Approved,2026-06-21T13:55:00,emp_0194
WF-2787,IT Service Request,Legal,Submitted,2026-06-04T23:15:00,emp_0193
WF-2787,IT Service Request,Legal,Under Review,2026-06-06T17:15:00,emp_0130
WF-2787,IT Service Request,Legal,Manager Approval,2026-06-08T17:15:00,emp_0010
WF-2787,IT Service Request,Legal,Approved,2026-06-10T15:15:00,emp_0172
WF-2788,HR Onboarding,IT,Submitted,2026-07-01T08:10:00,emp_0100
WF-2788,HR Onboarding,IT,Under Review,2026-07-02T09:10:00,emp_0113
WF-2788,HR Onboarding,IT,Manager Approval,2026-07-03T23:10:00,emp_0046
WF-2788,HR Onboarding,IT,Rejected,2026-07-05T09:10:00,emp_0176
WF-2789,HR Onboarding,Supply Chain,Submitted,2026-06-30T00:18:00,emp_0171
WF-2789,HR Onboarding,Supply Chain,Under Review,2026-07-01T20:18:00,emp_0155
WF-2789,HR Onboarding,Supply Chain,Manager Approval,2026-07-02T22:18:00,emp_0101
WF-2789,HR Onboarding,Supply Chain,Compliance Check,2026-07-04T19:18:00,emp_0183
WF-2789,HR Onboarding,Supply Chain,Rejected,2026-07-05T00:18:00,emp_0163
WF-2790,Legal Review,Sales,Submitted,2026-06-20T15:24:00,emp_0025
WF-2790,Legal Review,Sales,Under Review,2026-06-21T17:24:00,emp_0199
WF-2790,Legal Review,Sales,Manager Approval,2026-06-22T07:24:00,emp_0049
WF-2790,Legal Review,Sales,Compliance Check,2026-06-23T19:24:00,emp_0078
WF-2790,Legal Review,Sales,Approved,2026-06-24T18:24:00,emp_0185
WF-2791,Legal Review,Legal,Submitted,2026-06-27T10:32:00,emp_0090
WF-2791,Legal Review,Legal,Under Review,2026-06-28T20:32:00,emp_0197
WF-2791,Legal Review,Legal,Manager Approval,2026-06-29T18:32:00,emp_0020
WF-2791,Legal Review,Legal,Compliance Check,2026-06-29T21:32:00,emp_0068
WF-2791,Legal Review,Legal,Rejected,2026-07-01T21:32:00,emp_0170
WF-2792,IT Service Request,Finance,Submitted,2026-06-07T09:14:00,emp_0029
WF-2792,IT Service Request,Finance,Under Review,2026-06-09T05:14:00,emp_0139
WF-2792,IT Service Request,Finance,Manager Approval,2026-06-10T12:14:00,emp_0132
WF-2792,IT Service Request,Finance,Rejected,2026-06-11T12:14:00,emp_0126
WF-2793,Legal Review,Legal,Submitted,2026-06-28T03:51:00,emp_0102
WF-2793,Legal Review,Legal,Under Review,2026-06-30T01:51:00,emp_0071
WF-2793,Legal Review,Legal,Manager Approval,2026-06-30T05:51:00,emp_0018
WF-2793,Legal Review,Legal,Rejected,2026-07-01T09:51:00,emp_0184
WF-2794,IT Service Request,IT,Submitted,2026-07-02T07:34:00,emp_0107
WF-2794,IT Service Request,IT,Under Review,2026-07-02T21:34:00,emp_0185
WF-2794,IT Service Request,IT,Approved,2026-07-03T05:34:00,emp_0036
WF-2795,HR Onboarding,Legal,Submitted,2026-06-21T10:56:00,emp_0095
WF-2795,HR Onboarding,Legal,Under Review,2026-06-22T03:56:00,emp_0145
WF-2795,HR Onboarding,Legal,Manager Approval,2026-06-22T05:56:00,emp_0105
WF-2795,HR Onboarding,Legal,Approved,2026-06-23T01:56:00,emp_0109
WF-2796,Procurement,Supply Chain,Submitted,2026-06-27T23:20:00,emp_0034
WF-2796,Procurement,Supply Chain,Under Review,2026-06-28T02:20:00,emp_0087
WF-2796,Procurement,Supply Chain,Manager Approval,2026-06-28T04:20:00,emp_0135
WF-2796,Procurement,Supply Chain,Approved,2026-06-29T04:20:00,emp_0182
WF-2797,IT Service Request,Finance,Submitted,2026-06-02T18:49:00,emp_0094
WF-2797,IT Service Request,Finance,Under Review,2026-06-04T06:49:00,emp_0128
WF-2797,IT Service Request,Finance,Manager Approval,2026-06-05T22:49:00,emp_0156
WF-2797,IT Service Request,Finance,Approved,2026-06-06T22:49:00,emp_0086
WF-2798,Legal Review,Finance,Submitted,2026-06-15T14:32:00,emp_0195
WF-2798,Legal Review,Finance,Under Review,2026-06-15T17:32:00,emp_0145
WF-2798,Legal Review,Finance,Manager Approval,2026-06-15T20:32:00,emp_0108
WF-2798,Legal Review,Finance,Compliance Check,2026-06-17T17:32:00,emp_0199
WF-2798,Legal Review,Finance,Rejected,2026-06-17T21:32:00,emp_0163
WF-2799,Finance Approval,Supply Chain,Submitted,2026-06-13T11:01:00,emp_0057
WF-2799,Finance Approval,Supply Chain,Under Review,2026-06-15T01:01:00,emp_0023
WF-2799,Finance Approval,Supply Chain,Manager Approval,2026-06-15T16:01:00,emp_0175
WF-2799,Finance Approval,Supply Chain,Rejected,2026-06-17T07:01:00,emp_0063
WF-2800,Finance Approval,Supply Chain,Submitted,2026-06-28T14:08:00,emp_0191
WF-2800,Finance Approval,Supply Chain,Under Review,2026-06-30T05:08:00,emp_0132
WF-2800,Finance Approval,Supply Chain,Compliance Check,2026-07-01T19:08:00,emp_0057
WF-2800,Finance Approval,Supply Chain,Approved,2026-07-02T10:08:00,emp_0125
WF-2801,Finance Approval,Legal,Submitted,2026-06-08T01:58:00,emp_0116
WF-2801,Finance Approval,Legal,Under Review,2026-06-09T11:58:00,emp_0120
WF-2801,Finance Approval,Legal,Manager Approval,2026-06-11T05:58:00,emp_0107
WF-2801,Finance Approval,Legal,Rejected,2026-06-11T12:58:00,emp_0040
WF-2802,Legal Review,Sales,Submitted,2026-06-14T18:09:00,emp_0083
WF-2802,Legal Review,Sales,Under Review,2026-06-15T14:09:00,emp_0155
WF-2802,Legal Review,Sales,Rejected,2026-06-16T10:09:00,emp_0082
WF-2803,HR Onboarding,IT,Submitted,2026-06-04T01:01:00,emp_0113
WF-2803,HR Onboarding,IT,Under Review,2026-06-05T16:01:00,emp_0029
WF-2803,HR Onboarding,IT,Approved,2026-06-06T20:01:00,emp_0089
WF-2804,IT Service Request,IT,Submitted,2026-06-18T23:04:00,emp_0115
WF-2804,IT Service Request,IT,Under Review,2026-06-20T01:04:00,emp_0153
WF-2804,IT Service Request,IT,Compliance Check,2026-06-20T07:04:00,emp_0083
WF-2804,IT Service Request,IT,Approved,2026-06-20T22:04:00,emp_0160
WF-2805,IT Service Request,Supply Chain,Submitted,2026-06-02T08:04:00,emp_0050
WF-2805,IT Service Request,Supply Chain,Under Review,2026-06-03T07:04:00,emp_0081
WF-2805,IT Service Request,Supply Chain,Manager Approval,2026-06-03T08:04:00,emp_0101
WF-2805,IT Service Request,Supply Chain,Rejected,2026-06-03T19:04:00,emp_0016
WF-2806,HR Onboarding,IT,Submitted,2026-06-24T00:35:00,emp_0028
WF-2806,HR Onboarding,IT,Under Review,2026-06-25T16:35:00,emp_0130
WF-2806,HR Onboarding,IT,Manager Approval,2026-06-26T12:35:00,emp_0144
WF-2806,HR Onboarding,IT,Approved,2026-06-27T09:35:00,emp_0174
WF-2807,Finance Approval,Legal,Submitted,2026-06-23T04:22:00,emp_0080
WF-2807,Finance Approval,Legal,Under Review,2026-06-23T08:22:00,emp_0186
WF-2807,Finance Approval,Legal,Manager Approval,2026-06-23T22:22:00,emp_0041
WF-2807,Finance Approval,Legal,Compliance Check,2026-06-24T02:22:00,emp_0061
WF-2807,Finance Approval,Legal,Rejected,2026-06-24T08:22:00,emp_0108
WF-2808,Finance Approval,Sales,Submitted,2026-06-30T02:02:00,emp_0061
WF-2808,Finance Approval,Sales,Under Review,2026-07-01T22:02:00,emp_0010
WF-2808,Finance Approval,Sales,Manager Approval,2026-07-03T05:02:00,emp_0184
WF-2808,Finance Approval,Sales,Compliance Check,2026-07-05T00:02:00,emp_0035
WF-2808,Finance Approval,Sales,Approved,2026-07-06T21:02:00,emp_0053
WF-2809,Legal Review,Human Resources,Submitted,2026-06-23T18:23:00,emp_0187
WF-2809,Legal Review,Human Resources,Under Review,2026-06-23T22:23:00,emp_0005
WF-2809,Legal Review,Human Resources,Compliance Check,2026-06-25T13:23:00,emp_0087
WF-2809,Legal Review,Human Resources,Rejected,2026-06-26T01:23:00,emp_0158
WF-2810,HR Onboarding,Legal,Submitted,2026-06-18T09:19:00,emp_0087
WF-2810,HR Onboarding,Legal,Under Review,2026-06-19T06:19:00,emp_0184
WF-2810,HR Onboarding,Legal,Manager Approval,2026-06-19T09:19:00,emp_0009
WF-2810,HR Onboarding,Legal,Compliance Check,2026-06-20T17:19:00,emp_0145
WF-2810,HR Onboarding,Legal,Rejected,2026-06-22T06:19:00,emp_0108
WF-2811,IT Service Request,Supply Chain,Submitted,2026-06-20T06:37:00,emp_0029
WF-2811,IT Service Request,Supply Chain,Under Review,2026-06-21T00:37:00,emp_0133
WF-2811,IT Service Request,Supply Chain,Manager Approval,2026-06-22T02:37:00,emp_0132
WF-2811,IT Service Request,Supply Chain,Rejected,2026-06-22T19:37:00,emp_0025
WF-2812,Procurement,Finance,Submitted,2026-06-11T12:51:00,emp_0082
WF-2812,Procurement,Finance,Under Review,2026-06-13T07:51:00,emp_0100
WF-2812,Procurement,Finance,Manager Approval,2026-06-13T20:51:00,emp_0143
WF-2812,Procurement,Finance,Rejected,2026-06-14T05:51:00,emp_0036
WF-2813,Finance Approval,Human Resources,Submitted,2026-06-11T10:42:00,emp_0064
WF-2813,Finance Approval,Human Resources,Under Review,2026-06-11T12:42:00,emp_0127
WF-2813,Finance Approval,Human Resources,Manager Approval,2026-06-12T01:42:00,emp_0183
WF-2813,Finance Approval,Human Resources,Compliance Check,2026-06-12T05:42:00,emp_0012
WF-2813,Finance Approval,Human Resources,Approved,2026-06-12T19:42:00,emp_0101
WF-2814,HR Onboarding,Finance,Submitted,2026-06-29T23:47:00,emp_0076
WF-2814,HR Onboarding,Finance,Under Review,2026-07-01T13:47:00,emp_0007
WF-2814,HR Onboarding,Finance,Manager Approval,2026-07-02T13:47:00,emp_0135
WF-2814,HR Onboarding,Finance,Compliance Check,2026-07-03T21:47:00,emp_0188
WF-2814,HR Onboarding,Finance,Rejected,2026-07-05T17:47:00,emp_0070
WF-2815,IT Service Request,Finance,Submitted,2026-06-17T12:53:00,emp_0073
WF-2815,IT Service Request,Finance,Under Review,2026-06-19T04:53:00,emp_0044
WF-2815,IT Service Request,Finance,Manager Approval,2026-06-19T12:53:00,emp_0141
WF-2815,IT Service Request,Finance,Compliance Check,2026-06-19T20:53:00,emp_0179
WF-2815,IT Service Request,Finance,Approved,2026-06-21T20:53:00,emp_0067
WF-2816,Finance Approval,Supply Chain,Submitted,2026-06-04T18:05:00,emp_0007
WF-2816,Finance Approval,Supply Chain,Under Review,2026-06-06T11:05:00,emp_0200
WF-2816,Finance Approval,Supply Chain,Manager Approval,2026-06-07T10:05:00,emp_0045
WF-2816,Finance Approval,Supply Chain,Rejected,2026-06-09T01:05:00,emp_0012
WF-2817,HR Onboarding,Legal,Submitted,2026-06-21T23:21:00,emp_0091
WF-2817,HR Onboarding,Legal,Under Review,2026-06-22T01:21:00,emp_0179
WF-2817,HR Onboarding,Legal,Manager Approval,2026-06-24T00:21:00,emp_0174
WF-2817,HR Onboarding,Legal,Rejected,2026-06-24T01:21:00,emp_0030
WF-2818,Legal Review,Finance,Submitted,2026-07-03T10:12:00,emp_0150
WF-2818,Legal Review,Finance,Under Review,2026-07-04T03:12:00,emp_0079
WF-2818,Legal Review,Finance,Manager Approval,2026-07-06T03:12:00,emp_0101
WF-2818,Legal Review,Finance,Compliance Check,2026-07-07T04:12:00,emp_0007
WF-2818,Legal Review,Finance,Rejected,2026-07-09T04:12:00,emp_0067
WF-2819,Finance Approval,Human Resources,Submitted,2026-06-18T05:50:00,emp_0027
WF-2819,Finance Approval,Human Resources,Under Review,2026-06-19T12:50:00,emp_0130
WF-2819,Finance Approval,Human Resources,Manager Approval,2026-06-20T17:50:00,emp_0129
WF-2819,Finance Approval,Human Resources,Rejected,2026-06-21T19:50:00,emp_0065
WF-2820,HR Onboarding,Legal,Submitted,2026-06-12T14:13:00,emp_0138
WF-2820,HR Onboarding,Legal,Under Review,2026-06-13T11:13:00,emp_0119
WF-2820,HR Onboarding,Legal,Manager Approval,2026-06-14T23:13:00,emp_0004
WF-2820,HR Onboarding,Legal,Compliance Check,2026-06-16T16:13:00,emp_0193
WF-2820,HR Onboarding,Legal,Approved,2026-06-17T09:13:00,emp_0053
WF-2821,Finance Approval,Supply Chain,Submitted,2026-06-18T00:59:00,emp_0115
WF-2821,Finance Approval,Supply Chain,Under Review,2026-06-19T02:59:00,emp_0183
WF-2821,Finance Approval,Supply Chain,Manager Approval,2026-06-19T21:59:00,emp_0044
WF-2821,Finance Approval,Supply Chain,Compliance Check,2026-06-20T01:59:00,emp_0080
WF-2821,Finance Approval,Supply Chain,Rejected,2026-06-20T16:59:00,emp_0068
WF-2822,HR Onboarding,Supply Chain,Submitted,2026-06-17T03:02:00,emp_0052
WF-2822,HR Onboarding,Supply Chain,Under Review,2026-06-18T06:02:00,emp_0171
WF-2822,HR Onboarding,Supply Chain,Compliance Check,2026-06-18T11:02:00,emp_0063
WF-2822,HR Onboarding,Supply Chain,Approved,2026-06-18T16:02:00,emp_0007
WF-2823,Finance Approval,Sales,Submitted,2026-06-13T09:12:00,emp_0004
WF-2823,Finance Approval,Sales,Under Review,2026-06-15T08:12:00,emp_0172
WF-2823,Finance Approval,Sales,Manager Approval,2026-06-17T02:12:00,emp_0197
WF-2823,Finance Approval,Sales,Compliance Check,2026-06-18T01:12:00,emp_0129
WF-2823,Finance Approval,Sales,Rejected,2026-06-18T02:12:00,emp_0076
WF-2824,Finance Approval,Operations,Submitted,2026-06-04T23:05:00,emp_0065
WF-2824,Finance Approval,Operations,Under Review,2026-06-06T03:05:00,emp_0146
WF-2824,Finance Approval,Operations,Manager Approval,2026-06-06T06:05:00,emp_0089
WF-2824,Finance Approval,Operations,Compliance Check,2026-06-06T16:05:00,emp_0060
WF-2824,Finance Approval,Operations,Approved,2026-06-07T19:05:00,emp_0168
WF-2825,IT Service Request,IT,Submitted,2026-06-16T19:56:00,emp_0063
WF-2825,IT Service Request,IT,Under Review,2026-06-16T20:56:00,emp_0026
WF-2825,IT Service Request,IT,Manager Approval,2026-06-17T20:56:00,emp_0012
WF-2825,IT Service Request,IT,Compliance Check,2026-06-19T02:56:00,emp_0061
WF-2825,IT Service Request,IT,Rejected,2026-06-20T12:56:00,emp_0046
WF-2826,HR Onboarding,Finance,Submitted,2026-06-01T23:37:00,emp_0011
WF-2826,HR Onboarding,Finance,Under Review,2026-06-03T10:37:00,emp_0054
WF-2826,HR Onboarding,Finance,Manager Approval,2026-06-03T17:37:00,emp_0033
WF-2826,HR Onboarding,Finance,Compliance Check,2026-06-05T05:37:00,emp_0017
WF-2826,HR Onboarding,Finance,Rejected,2026-06-06T01:37:00,emp_0181
WF-2827,HR Onboarding,Sales,Submitted,2026-06-08T02:50:00,emp_0138
WF-2827,HR Onboarding,Sales,Under Review,2026-06-09T20:50:00,emp_0021
WF-2827,HR Onboarding,Sales,Manager Approval,2026-06-09T23:50:00,emp_0163
WF-2827,HR Onboarding,Sales,Compliance Check,2026-06-11T22:50:00,emp_0045
WF-2827,HR Onboarding,Sales,Approved,2026-06-12T20:50:00,emp_0199
WF-2828,IT Service Request,Operations,Submitted,2026-06-15T16:49:00,emp_0135
WF-2828,IT Service Request,Operations,Under Review,2026-06-17T03:49:00,emp_0003
WF-2828,IT Service Request,Operations,Manager Approval,2026-06-18T00:49:00,emp_0151
WF-2828,IT Service Request,Operations,Approved,2026-06-18T22:49:00,emp_0079
WF-2829,Legal Review,Sales,Submitted,2026-06-13T07:41:00,emp_0054
WF-2829,Legal Review,Sales,Under Review,2026-06-13T08:41:00,emp_0015
WF-2829,Legal Review,Sales,Manager Approval,2026-06-15T07:41:00,emp_0100
WF-2829,Legal Review,Sales,Rejected,2026-06-16T01:41:00,emp_0178
WF-2830,Procurement,Legal,Submitted,2026-06-14T06:47:00,emp_0119
WF-2830,Procurement,Legal,Under Review,2026-06-14T18:47:00,emp_0162
WF-2830,Procurement,Legal,Manager Approval,2026-06-15T00:47:00,emp_0034
WF-2830,Procurement,Legal,Compliance Check,2026-06-15T22:47:00,emp_0034
WF-2830,Procurement,Legal,Approved,2026-06-16T02:47:00,emp_0125
WF-2831,Finance Approval,Human Resources,Submitted,2026-06-28T07:21:00,emp_0096
WF-2831,Finance Approval,Human Resources,Under Review,2026-06-29T19:21:00,emp_0199
WF-2831,Finance Approval,Human Resources,Manager Approval,2026-07-01T17:21:00,emp_0087
WF-2831,Finance Approval,Human Resources,Approved,2026-07-03T11:21:00,emp_0044
WF-2832,IT Service Request,Legal,Submitted,2026-07-01T14:42:00,emp_0092
WF-2832,IT Service Request,Legal,Under Review,2026-07-03T04:42:00,emp_0087
WF-2832,IT Service Request,Legal,Manager Approval,2026-07-03T07:42:00,emp_0003
WF-2832,IT Service Request,Legal,Approved,2026-07-04T11:42:00,emp_0135
WF-2833,HR Onboarding,Finance,Submitted,2026-06-14T04:18:00,emp_0040
WF-2833,HR Onboarding,Finance,Under Review,2026-06-16T04:18:00,emp_0023
WF-2833,HR Onboarding,Finance,Manager Approval,2026-06-17T02:18:00,emp_0076
WF-2833,HR Onboarding,Finance,Rejected,2026-06-17T16:18:00,emp_0135
WF-2834,IT Service Request,IT,Submitted,2026-06-04T17:22:00,emp_0119
WF-2834,IT Service Request,IT,Under Review,2026-06-05T00:22:00,emp_0104
WF-2834,IT Service Request,IT,Manager Approval,2026-06-06T00:22:00,emp_0115
WF-2834,IT Service Request,IT,Rejected,2026-06-07T01:22:00,emp_0030
WF-2835,IT Service Request,IT,Submitted,2026-06-17T02:48:00,emp_0186
WF-2835,IT Service Request,IT,Under Review,2026-06-18T03:48:00,emp_0032
WF-2835,IT Service Request,IT,Manager Approval,2026-06-19T17:48:00,emp_0163
WF-2835,IT Service Request,IT,Approved,2026-06-20T02:48:00,emp_0085
WF-2836,Legal Review,Supply Chain,Submitted,2026-06-09T12:05:00,emp_0012
WF-2836,Legal Review,Supply Chain,Under Review,2026-06-09T16:05:00,emp_0184
WF-2836,Legal Review,Supply Chain,Manager Approval,2026-06-11T16:05:00,emp_0030
WF-2836,Legal Review,Supply Chain,Rejected,2026-06-13T08:05:00,emp_0125
WF-2837,Procurement,Supply Chain,Submitted,2026-06-26T09:35:00,emp_0200
WF-2837,Procurement,Supply Chain,Under Review,2026-06-26T19:35:00,emp_0135
WF-2837,Procurement,Supply Chain,Rejected,2026-06-28T13:35:00,emp_0065
WF-2838,Procurement,IT,Submitted,2026-06-23T00:46:00,emp_0163
WF-2838,Procurement,IT,Under Review,2026-06-23T23:46:00,emp_0060
WF-2838,Procurement,IT,Manager Approval,2026-06-25T14:46:00,emp_0144
WF-2838,Procurement,IT,Rejected,2026-06-27T11:46:00,emp_0114
WF-2839,IT Service Request,Sales,Submitted,2026-06-11T10:13:00,emp_0073
WF-2839,IT Service Request,Sales,Under Review,2026-06-13T02:13:00,emp_0024
WF-2839,IT Service Request,Sales,Manager Approval,2026-06-13T03:13:00,emp_0188
WF-2839,IT Service Request,Sales,Rejected,2026-06-14T06:13:00,emp_0153
WF-2840,Legal Review,Human Resources,Submitted,2026-06-16T07:42:00,emp_0166
WF-2840,Legal Review,Human Resources,Under Review,2026-06-16T21:42:00,emp_0119
WF-2840,Legal Review,Human Resources,Compliance Check,2026-06-18T00:42:00,emp_0155
WF-2840,Legal Review,Human Resources,Rejected,2026-06-18T13:42:00,emp_0159
WF-2841,Procurement,Operations,Submitted,2026-06-04T10:35:00,emp_0153
WF-2841,Procurement,Operations,Under Review,2026-06-04T21:35:00,emp_0039
WF-2841,Procurement,Operations,Manager Approval,2026-06-04T22:35:00,emp_0144
WF-2841,Procurement,Operations,Compliance Check,2026-06-06T06:35:00,emp_0073
WF-2841,Procurement,Operations,Approved,2026-06-07T00:35:00,emp_0191
WF-2842,Legal Review,IT,Submitted,2026-06-15T18:21:00,emp_0108
WF-2842,Legal Review,IT,Under Review,2026-06-17T13:21:00,emp_0163
WF-2842,Legal Review,IT,Manager Approval,2026-06-18T18:21:00,emp_0174
WF-2842,Legal Review,IT,Approved,2026-06-19T20:21:00,emp_0063
WF-2843,Legal Review,Legal,Submitted,2026-06-17T16:35:00,emp_0077
WF-2843,Legal Review,Legal,Under Review,2026-06-19T13:35:00,emp_0161
WF-2843,Legal Review,Legal,Manager Approval,2026-06-19T20:35:00,emp_0186
WF-2843,Legal Review,Legal,Compliance Check,2026-06-20T02:35:00,emp_0100
WF-2843,Legal Review,Legal,Approved,2026-06-21T08:35:00,emp_0154
WF-2844,Finance Approval,Legal,Submitted,2026-06-02T04:55:00,emp_0070
WF-2844,Finance Approval,Legal,Under Review,2026-06-03T22:55:00,emp_0028
WF-2844,Finance Approval,Legal,Manager Approval,2026-06-05T06:55:00,emp_0094
WF-2844,Finance Approval,Legal,Compliance Check,2026-06-05T10:55:00,emp_0172
WF-2844,Finance Approval,Legal,Rejected,2026-06-05T15:55:00,emp_0153
WF-2845,Procurement,Supply Chain,Submitted,2026-06-29T00:05:00,emp_0154
WF-2845,Procurement,Supply Chain,Under Review,2026-06-30T11:05:00,emp_0031
WF-2845,Procurement,Supply Chain,Compliance Check,2026-07-01T12:05:00,emp_0102
WF-2845,Procurement,Supply Chain,Approved,2026-07-01T20:05:00,emp_0159
WF-2846,HR Onboarding,IT,Submitted,2026-06-22T04:57:00,emp_0041
WF-2846,HR Onboarding,IT,Under Review,2026-06-23T02:57:00,emp_0111
WF-2846,HR Onboarding,IT,Approved,2026-06-23T22:57:00,emp_0128
WF-2847,Finance Approval,Human Resources,Submitted,2026-06-06T21:12:00,emp_0009
WF-2847,Finance Approval,Human Resources,Under Review,2026-06-07T02:12:00,emp_0102
WF-2847,Finance Approval,Human Resources,Manager Approval,2026-06-08T04:12:00,emp_0197
WF-2847,Finance Approval,Human Resources,Approved,2026-06-08T12:12:00,emp_0118
WF-2848,Legal Review,Sales,Submitted,2026-06-11T07:52:00,emp_0102
WF-2848,Legal Review,Sales,Under Review,2026-06-11T18:52:00,emp_0085
WF-2848,Legal Review,Sales,Compliance Check,2026-06-13T16:52:00,emp_0058
WF-2848,Legal Review,Sales,Rejected,2026-06-15T00:52:00,emp_0144
WF-2849,IT Service Request,Supply Chain,Submitted,2026-06-21T13:59:00,emp_0020
WF-2849,IT Service Request,Supply Chain,Under Review,2026-06-21T23:59:00,emp_0149
WF-2849,IT Service Request,Supply Chain,Compliance Check,2026-06-22T17:59:00,emp_0136
WF-2849,IT Service Request,Supply Chain,Approved,2026-06-24T00:59:00,emp_0039
WF-2850,HR Onboarding,Operations,Submitted,2026-06-02T19:07:00,emp_0168
WF-2850,HR Onboarding,Operations,Under Review,2026-06-04T14:07:00,emp_0087
WF-2850,HR Onboarding,Operations,Manager Approval,2026-06-05T16:07:00,emp_0117
WF-2850,HR Onboarding,Operations,Rejected,2026-06-06T22:07:00,emp_0014
WF-2851,Finance Approval,Finance,Submitted,2026-06-15T05:59:00,emp_0184
WF-2851,Finance Approval,Finance,Under Review,2026-06-16T22:59:00,emp_0174
WF-2851,Finance Approval,Finance,Compliance Check,2026-06-18T21:59:00,emp_0200
WF-2851,Finance Approval,Finance,Rejected,2026-06-19T12:59:00,emp_0049
WF-2852,HR Onboarding,Supply Chain,Submitted,2026-06-16T13:26:00,emp_0084
WF-2852,HR Onboarding,Supply Chain,Under Review,2026-06-17T07:26:00,emp_0151
WF-2852,HR Onboarding,Supply Chain,Manager Approval,2026-06-18T11:26:00,emp_0054
WF-2852,HR Onboarding,Supply Chain,Approved,2026-06-18T17:26:00,emp_0172
WF-2853,HR Onboarding,IT,Submitted,2026-06-23T18:53:00,emp_0089
WF-2853,HR Onboarding,IT,Under Review,2026-06-25T16:53:00,emp_0146
WF-2853,HR Onboarding,IT,Manager Approval,2026-06-26T18:53:00,emp_0025
WF-2853,HR Onboarding,IT,Compliance Check,2026-06-28T16:53:00,emp_0182
WF-2853,HR Onboarding,IT,Approved,2026-06-30T02:53:00,emp_0003
WF-2854,Finance Approval,Finance,Submitted,2026-06-21T11:26:00,emp_0007
WF-2854,Finance Approval,Finance,Under Review,2026-06-23T10:26:00,emp_0178
WF-2854,Finance Approval,Finance,Manager Approval,2026-06-24T20:26:00,emp_0200
WF-2854,Finance Approval,Finance,Compliance Check,2026-06-26T01:26:00,emp_0071
WF-2854,Finance Approval,Finance,Approved,2026-06-27T04:26:00,emp_0051
WF-2855,Procurement,IT,Submitted,2026-06-29T00:51:00,emp_0055
WF-2855,Procurement,IT,Under Review,2026-06-30T06:51:00,emp_0079
WF-2855,Procurement,IT,Manager Approval,2026-07-01T05:51:00,emp_0149
WF-2855,Procurement,IT,Rejected,2026-07-02T08:51:00,emp_0098
WF-2856,HR Onboarding,Supply Chain,Submitted,2026-06-26T19:35:00,emp_0121
WF-2856,HR Onboarding,Supply Chain,Under Review,2026-06-27T14:35:00,emp_0136
WF-2856,HR Onboarding,Supply Chain,Manager Approval,2026-06-29T05:35:00,emp_0086
WF-2856,HR Onboarding,Supply Chain,Rejected,2026-07-01T04:35:00,emp_0187
WF-2857,Legal Review,Finance,Submitted,2026-06-02T11:20:00,emp_0100
WF-2857,Legal Review,Finance,Under Review,2026-06-04T00:20:00,emp_0027
WF-2857,Legal Review,Finance,Manager Approval,2026-06-04T04:20:00,emp_0015
WF-2857,Legal Review,Finance,Compliance Check,2026-06-05T11:20:00,emp_0013
WF-2857,Legal Review,Finance,Approved,2026-06-06T02:20:00,emp_0078
WF-2858,Finance Approval,Sales,Submitted,2026-06-16T17:04:00,emp_0152
WF-2858,Finance Approval,Sales,Under Review,2026-06-17T08:04:00,emp_0148
WF-2858,Finance Approval,Sales,Manager Approval,2026-06-18T04:04:00,emp_0128
WF-2858,Finance Approval,Sales,Rejected,2026-06-19T10:04:00,emp_0157
WF-2859,Legal Review,Operations,Submitted,2026-06-10T18:20:00,emp_0150
WF-2859,Legal Review,Operations,Under Review,2026-06-11T16:20:00,emp_0186
WF-2859,Legal Review,Operations,Manager Approval,2026-06-13T13:20:00,emp_0166
WF-2859,Legal Review,Operations,Compliance Check,2026-06-14T03:20:00,emp_0038
WF-2859,Legal Review,Operations,Rejected,2026-06-14T21:20:00,emp_0129
WF-2860,Legal Review,Finance,Submitted,2026-06-12T22:34:00,emp_0021
WF-2860,Legal Review,Finance,Under Review,2026-06-13T13:34:00,emp_0006
WF-2860,Legal Review,Finance,Manager Approval,2026-06-13T14:34:00,emp_0186
WF-2860,Legal Review,Finance,Approved,2026-06-14T21:34:00,emp_0131
WF-2861,IT Service Request,Operations,Submitted,2026-06-19T02:51:00,emp_0162
WF-2861,IT Service Request,Operations,Under Review,2026-06-19T09:51:00,emp_0103
WF-2861,IT Service Request,Operations,Manager Approval,2026-06-19T10:51:00,emp_0071
WF-2861,IT Service Request,Operations,Rejected,2026-06-21T05:51:00,emp_0021
WF-2862,Procurement,IT,Submitted,2026-06-15T22:05:00,emp_0058
WF-2862,Procurement,IT,Under Review,2026-06-17T15:05:00,emp_0043
WF-2862,Procurement,IT,Manager Approval,2026-06-17T19:05:00,emp_0029
WF-2862,Procurement,IT,Rejected,2026-06-19T17:05:00,emp_0049
WF-2863,Finance Approval,Human Resources,Submitted,2026-06-28T10:34:00,emp_0136
WF-2863,Finance Approval,Human Resources,Under Review,2026-06-30T04:34:00,emp_0179
WF-2863,Finance Approval,Human Resources,Compliance Check,2026-06-30T20:34:00,emp_0056
WF-2863,Finance Approval,Human Resources,Approved,2026-07-02T17:34:00,emp_0010
WF-2864,Finance Approval,Supply Chain,Submitted,2026-06-02T22:16:00,emp_0178
WF-2864,Finance Approval,Supply Chain,Under Review,2026-06-03T20:16:00,emp_0162
WF-2864,Finance Approval,Supply Chain,Manager Approval,2026-06-04T12:16:00,emp_0100
WF-2864,Finance Approval,Supply Chain,Compliance Check,2026-06-06T00:16:00,emp_0031
WF-2864,Finance Approval,Supply Chain,Rejected,2026-06-06T15:16:00,emp_0044
WF-2865,HR Onboarding,Sales,Submitted,2026-06-02T08:26:00,emp_0083
WF-2865,HR Onboarding,Sales,Under Review,2026-06-04T00:26:00,emp_0059
WF-2865,HR Onboarding,Sales,Manager Approval,2026-06-05T02:26:00,emp_0035
WF-2865,HR Onboarding,Sales,Approved,2026-06-05T23:26:00,emp_0030
WF-2866,Finance Approval,Supply Chain,Submitted,2026-06-26T03:01:00,emp_0010
WF-2866,Finance Approval,Supply Chain,Under Review,2026-06-26T05:01:00,emp_0175
WF-2866,Finance Approval,Supply Chain,Compliance Check,2026-06-26T13:01:00,emp_0094
WF-2866,Finance Approval,Supply Chain,Approved,2026-06-28T13:01:00,emp_0007
WF-2867,HR Onboarding,Operations,Submitted,2026-06-26T03:42:00,emp_0187
WF-2867,HR Onboarding,Operations,Under Review,2026-06-26T07:42:00,emp_0053
WF-2867,HR Onboarding,Operations,Rejected,2026-06-26T08:42:00,emp_0176
WF-2868,Procurement,IT,Submitted,2026-07-02T19:45:00,emp_0195
WF-2868,Procurement,IT,Under Review,2026-07-03T22:45:00,emp_0163
WF-2868,Procurement,IT,Manager Approval,2026-07-05T03:45:00,emp_0057
WF-2868,Procurement,IT,Compliance Check,2026-07-06T17:45:00,emp_0130
WF-2868,Procurement,IT,Rejected,2026-07-07T14:45:00,emp_0195
WF-2869,Finance Approval,Legal,Submitted,2026-07-03T09:39:00,emp_0149
WF-2869,Finance Approval,Legal,Under Review,2026-07-04T20:39:00,emp_0150
WF-2869,Finance Approval,Legal,Approved,2026-07-05T21:39:00,emp_0052
WF-2870,Procurement,Sales,Submitted,2026-06-12T10:34:00,emp_0037
WF-2870,Procurement,Sales,Under Review,2026-06-13T11:34:00,emp_0167
WF-2870,Procurement,Sales,Compliance Check,2026-06-15T06:34:00,emp_0081
WF-2870,Procurement,Sales,Rejected,2026-06-17T02:34:00,emp_0112
WF-2871,IT Service Request,IT,Submitted,2026-06-06T16:31:00,emp_0076
WF-2871,IT Service Request,IT,Under Review,2026-06-07T05:31:00,emp_0081
WF-2871,IT Service Request,IT,Manager Approval,2026-06-08T04:31:00,emp_0167
WF-2871,IT Service Request,IT,Compliance Check,2026-06-08T12:31:00,emp_0051
WF-2871,IT Service Request,IT,Rejected,2026-06-10T09:31:00,emp_0034
WF-2872,Procurement,Supply Chain,Submitted,2026-06-25T00:03:00,emp_0163
WF-2872,Procurement,Supply Chain,Under Review,2026-06-26T15:03:00,emp_0100
WF-2872,Procurement,Supply Chain,Rejected,2026-06-27T09:03:00,emp_0125
WF-2873,Legal Review,Finance,Submitted,2026-06-26T04:24:00,emp_0101
WF-2873,Legal Review,Finance,Under Review,2026-06-26T20:24:00,emp_0043
WF-2873,Legal Review,Finance,Rejected,2026-06-28T07:24:00,emp_0172
WF-2874,Procurement,Operations,Submitted,2026-07-01T19:14:00,emp_0037
WF-2874,Procurement,Operations,Under Review,2026-07-03T08:14:00,emp_0160
WF-2874,Procurement,Operations,Manager Approval,2026-07-05T08:14:00,emp_0141
WF-2874,Procurement,Operations,Compliance Check,2026-07-06T00:14:00,emp_0182
WF-2874,Procurement,Operations,Rejected,2026-07-06T20:14:00,emp_0129
WF-2875,HR Onboarding,IT,Submitted,2026-06-15T14:15:00,emp_0154
WF-2875,HR Onboarding,IT,Under Review,2026-06-16T19:15:00,emp_0188
WF-2875,HR Onboarding,IT,Manager Approval,2026-06-17T17:15:00,emp_0093
WF-2875,HR Onboarding,IT,Approved,2026-06-19T08:15:00,emp_0159
WF-2876,Legal Review,IT,Submitted,2026-06-08T06:56:00,emp_0086
WF-2876,Legal Review,IT,Under Review,2026-06-09T20:56:00,emp_0179
WF-2876,Legal Review,IT,Manager Approval,2026-06-11T08:56:00,emp_0190
WF-2876,Legal Review,IT,Compliance Check,2026-06-11T22:56:00,emp_0096
WF-2876,Legal Review,IT,Rejected,2026-06-12T15:56:00,emp_0189
WF-2877,Procurement,Sales,Submitted,2026-06-22T07:14:00,emp_0020
WF-2877,Procurement,Sales,Under Review,2026-06-22T20:14:00,emp_0173
WF-2877,Procurement,Sales,Manager Approval,2026-06-24T20:14:00,emp_0176
WF-2877,Procurement,Sales,Compliance Check,2026-06-26T16:14:00,emp_0176
WF-2877,Procurement,Sales,Approved,2026-06-26T19:14:00,emp_0076
WF-2878,HR Onboarding,Legal,Submitted,2026-06-15T08:01:00,emp_0016
WF-2878,HR Onboarding,Legal,Under Review,2026-06-16T11:01:00,emp_0053
WF-2878,HR Onboarding,Legal,Approved,2026-06-17T18:01:00,emp_0103
WF-2879,Finance Approval,Sales,Submitted,2026-06-28T16:12:00,emp_0128
WF-2879,Finance Approval,Sales,Under Review,2026-06-29T03:12:00,emp_0131
WF-2879,Finance Approval,Sales,Manager Approval,2026-06-29T13:12:00,emp_0107
WF-2879,Finance Approval,Sales,Approved,2026-06-30T11:12:00,emp_0085
WF-2880,Procurement,Supply Chain,Submitted,2026-06-27T12:06:00,emp_0012
WF-2880,Procurement,Supply Chain,Under Review,2026-06-28T17:06:00,emp_0097
WF-2880,Procurement,Supply Chain,Manager Approval,2026-06-29T19:06:00,emp_0129
WF-2880,Procurement,Supply Chain,Rejected,2026-07-01T03:06:00,emp_0166
WF-2881,Finance Approval,Human Resources,Submitted,2026-06-04T20:13:00,emp_0013
WF-2881,Finance Approval,Human Resources,Under Review,2026-06-06T18:13:00,emp_0192
WF-2881,Finance Approval,Human Resources,Manager Approval,2026-06-07T19:13:00,emp_0165
WF-2881,Finance Approval,Human Resources,Approved,2026-06-08T18:13:00,emp_0181
WF-2882,HR Onboarding,Finance,Submitted,2026-07-02T23:38:00,emp_0017
WF-2882,HR Onboarding,Finance,Under Review,2026-07-04T07:38:00,emp_0182
WF-2882,HR Onboarding,Finance,Rejected,2026-07-04T13:38:00,emp_0003
WF-2883,IT Service Request,IT,Submitted,2026-06-07T13:27:00,emp_0172
WF-2883,IT Service Request,IT,Under Review,2026-06-08T20:27:00,emp_0097
WF-2883,IT Service Request,IT,Manager Approval,2026-06-09T06:27:00,emp_0096
WF-2883,IT Service Request,IT,Rejected,2026-06-09T15:27:00,emp_0087
WF-2884,Procurement,Human Resources,Submitted,2026-06-17T09:13:00,emp_0011
WF-2884,Procurement,Human Resources,Under Review,2026-06-18T11:13:00,emp_0066
WF-2884,Procurement,Human Resources,Approved,2026-06-18T16:13:00,emp_0150
WF-2885,Procurement,Finance,Submitted,2026-06-26T10:32:00,emp_0096
WF-2885,Procurement,Finance,Under Review,2026-06-27T06:32:00,emp_0051
WF-2885,Procurement,Finance,Manager Approval,2026-06-28T21:32:00,emp_0060
WF-2885,Procurement,Finance,Compliance Check,2026-06-29T02:32:00,emp_0045
WF-2885,Procurement,Finance,Rejected,2026-06-30T05:32:00,emp_0147
WF-2886,IT Service Request,Sales,Submitted,2026-06-12T03:47:00,emp_0030
WF-2886,IT Service Request,Sales,Under Review,2026-06-13T13:47:00,emp_0039
WF-2886,IT Service Request,Sales,Manager Approval,2026-06-15T09:47:00,emp_0089
WF-2886,IT Service Request,Sales,Approved,2026-06-16T15:47:00,emp_0087
WF-2887,Procurement,Finance,Submitted,2026-06-03T18:51:00,emp_0166
WF-2887,Procurement,Finance,Under Review,2026-06-05T05:51:00,emp_0108
WF-2887,Procurement,Finance,Manager Approval,2026-06-07T01:51:00,emp_0151
WF-2887,Procurement,Finance,Compliance Check,2026-06-08T05:51:00,emp_0048
WF-2887,Procurement,Finance,Approved,2026-06-09T14:51:00,emp_0175
WF-2888,Legal Review,Supply Chain,Submitted,2026-06-15T15:56:00,emp_0076
WF-2888,Legal Review,Supply Chain,Under Review,2026-06-16T00:56:00,emp_0191
WF-2888,Legal Review,Supply Chain,Manager Approval,2026-06-17T08:56:00,emp_0031
WF-2888,Legal Review,Supply Chain,Rejected,2026-06-17T12:56:00,emp_0038
WF-2889,HR Onboarding,Finance,Submitted,2026-06-04T23:47:00,emp_0097
WF-2889,HR Onboarding,Finance,Under Review,2026-06-05T13:47:00,emp_0062
WF-2889,HR Onboarding,Finance,Manager Approval,2026-06-06T00:47:00,emp_0089
WF-2889,HR Onboarding,Finance,Approved,2026-06-06T03:47:00,emp_0190
WF-2890,Finance Approval,Supply Chain,Submitted,2026-06-21T08:04:00,emp_0097
WF-2890,Finance Approval,Supply Chain,Under Review,2026-06-22T04:04:00,emp_0008
WF-2890,Finance Approval,Supply Chain,Manager Approval,2026-06-22T09:04:00,emp_0144
WF-2890,Finance Approval,Supply Chain,Rejected,2026-06-23T16:04:00,emp_0166
WF-2891,Finance Approval,IT,Submitted,2026-06-29T01:37:00,emp_0101
WF-2891,Finance Approval,IT,Under Review,2026-06-30T03:37:00,emp_0064
WF-2891,Finance Approval,IT,Manager Approval,2026-06-30T05:37:00,emp_0113
WF-2891,Finance Approval,IT,Approved,2026-07-01T12:37:00,emp_0070
WF-2892,Legal Review,Operations,Submitted,2026-06-06T02:01:00,emp_0147
WF-2892,Legal Review,Operations,Under Review,2026-06-06T10:01:00,emp_0027
WF-2892,Legal Review,Operations,Manager Approval,2026-06-08T02:01:00,emp_0055
WF-2892,Legal Review,Operations,Rejected,2026-06-08T13:01:00,emp_0139
WF-2893,IT Service Request,Supply Chain,Submitted,2026-06-20T17:47:00,emp_0062
WF-2893,IT Service Request,Supply Chain,Under Review,2026-06-22T07:47:00,emp_0013
WF-2893,IT Service Request,Supply Chain,Manager Approval,2026-06-22T12:47:00,emp_0119
WF-2893,IT Service Request,Supply Chain,Approved,2026-06-23T19:47:00,emp_0045
WF-2894,Finance Approval,Finance,Submitted,2026-06-03T15:45:00,emp_0053
WF-2894,Finance Approval,Finance,Under Review,2026-06-05T01:45:00,emp_0193
WF-2894,Finance Approval,Finance,Manager Approval,2026-06-06T10:45:00,emp_0195
WF-2894,Finance Approval,Finance,Rejected,2026-06-07T12:45:00,emp_0057
WF-2895,IT Service Request,Legal,Submitted,2026-06-19T07:45:00,emp_0066
WF-2895,IT Service Request,Legal,Under Review,2026-06-20T06:45:00,emp_0094
WF-2895,IT Service Request,Legal,Manager Approval,2026-06-21T22:45:00,emp_0023
WF-2895,IT Service Request,Legal,Compliance Check,2026-06-23T21:45:00,emp_0114
WF-2895,IT Service Request,Legal,Rejected,2026-06-25T02:45:00,emp_0018
WF-2896,IT Service Request,IT,Submitted,2026-06-08T20:51:00,emp_0164
WF-2896,IT Service Request,IT,Under Review,2026-06-10T14:51:00,emp_0063
WF-2896,IT Service Request,IT,Manager Approval,2026-06-12T06:51:00,emp_0033
WF-2896,IT Service Request,IT,Rejected,2026-06-13T00:51:00,emp_0105
WF-2897,IT Service Request,Finance,Submitted,2026-06-07T03:19:00,emp_0187
WF-2897,IT Service Request,Finance,Under Review,2026-06-08T19:19:00,emp_0165
WF-2897,IT Service Request,Finance,Manager Approval,2026-06-10T16:19:00,emp_0074
WF-2897,IT Service Request,Finance,Approved,2026-06-12T06:19:00,emp_0003
WF-2898,Legal Review,Finance,Submitted,2026-06-19T00:19:00,emp_0198
WF-2898,Legal Review,Finance,Under Review,2026-06-19T02:19:00,emp_0019
WF-2898,Legal Review,Finance,Manager Approval,2026-06-20T04:19:00,emp_0052
WF-2898,Legal Review,Finance,Compliance Check,2026-06-21T17:19:00,emp_0101
WF-2898,Legal Review,Finance,Approved,2026-06-23T03:19:00,emp_0181
WF-2899,HR Onboarding,Legal,Submitted,2026-07-02T06:14:00,emp_0160
WF-2899,HR Onboarding,Legal,Under Review,2026-07-03T00:14:00,emp_0167
WF-2899,HR Onboarding,Legal,Manager Approval,2026-07-03T03:14:00,emp_0015
WF-2899,HR Onboarding,Legal,Approved,2026-07-03T19:14:00,emp_0138
WF-2900,HR Onboarding,Legal,Submitted,2026-06-29T02:54:00,emp_0181
WF-2900,HR Onboarding,Legal,Under Review,2026-06-30T00:54:00,emp_0042
WF-2900,HR Onboarding,Legal,Manager Approval,2026-06-30T12:54:00,emp_0052
WF-2900,HR Onboarding,Legal,Approved,2026-07-02T06:54:00,emp_0171
WF-2901,Finance Approval,Sales,Submitted,2026-06-19T19:39:00,emp_0125
WF-2901,Finance Approval,Sales,Under Review,2026-06-21T12:39:00,emp_0071
WF-2901,Finance Approval,Sales,Manager Approval,2026-06-23T01:39:00,emp_0040
WF-2901,Finance Approval,Sales,Compliance Check,2026-06-24T13:39:00,emp_0020
WF-2901,Finance Approval,Sales,Approved,2026-06-24T15:39:00,emp_0055
WF-2902,Legal Review,Sales,Submitted,2026-06-26T18:26:00,emp_0066
WF-2902,Legal Review,Sales,Under Review,2026-06-27T04:26:00,emp_0159
WF-2902,Legal Review,Sales,Manager Approval,2026-06-28T10:26:00,emp_0156
WF-2902,Legal Review,Sales,Rejected,2026-06-29T06:26:00,emp_0074
WF-2903,IT Service Request,Human Resources,Submitted,2026-06-02T19:41:00,emp_0166
WF-2903,IT Service Request,Human Resources,Under Review,2026-06-04T19:41:00,emp_0165
WF-2903,IT Service Request,Human Resources,Manager Approval,2026-06-05T11:41:00,emp_0088
WF-2903,IT Service Request,Human Resources,Approved,2026-06-06T18:41:00,emp_0197
WF-2904,HR Onboarding,Human Resources,Submitted,2026-06-09T07:41:00,emp_0196
WF-2904,HR Onboarding,Human Resources,Under Review,2026-06-09T10:41:00,emp_0087
WF-2904,HR Onboarding,Human Resources,Manager Approval,2026-06-10T14:41:00,emp_0182
WF-2904,HR Onboarding,Human Resources,Rejected,2026-06-11T20:41:00,emp_0029
WF-2905,HR Onboarding,Human Resources,Submitted,2026-06-03T12:52:00,emp_0068
WF-2905,HR Onboarding,Human Resources,Under Review,2026-06-03T17:52:00,emp_0112
WF-2905,HR Onboarding,Human Resources,Manager Approval,2026-06-05T13:52:00,emp_0198
WF-2905,HR Onboarding,Human Resources,Rejected,2026-06-07T03:52:00,emp_0005
WF-2906,IT Service Request,Supply Chain,Submitted,2026-07-01T10:14:00,emp_0011
WF-2906,IT Service Request,Supply Chain,Under Review,2026-07-03T04:14:00,emp_0012
WF-2906,IT Service Request,Supply Chain,Manager Approval,2026-07-03T23:14:00,emp_0100
WF-2906,IT Service Request,Supply Chain,Rejected,2026-07-04T22:14:00,emp_0191
WF-2907,Legal Review,Human Resources,Submitted,2026-06-12T09:44:00,emp_0013
WF-2907,Legal Review,Human Resources,Under Review,2026-06-13T17:44:00,emp_0139
WF-2907,Legal Review,Human Resources,Manager Approval,2026-06-15T06:44:00,emp_0003
WF-2907,Legal Review,Human Resources,Compliance Check,2026-06-16T03:44:00,emp_0197
WF-2907,Legal Review,Human Resources,Rejected,2026-06-16T16:44:00,emp_0008
WF-2908,HR Onboarding,Finance,Submitted,2026-06-13T07:25:00,emp_0005
WF-2908,HR Onboarding,Finance,Under Review,2026-06-14T13:25:00,emp_0077
WF-2908,HR Onboarding,Finance,Manager Approval,2026-06-15T21:25:00,emp_0025
WF-2908,HR Onboarding,Finance,Compliance Check,2026-06-17T16:25:00,emp_0089
WF-2908,HR Onboarding,Finance,Rejected,2026-06-18T16:25:00,emp_0169
WF-2909,Finance Approval,Legal,Submitted,2026-06-05T20:11:00,emp_0040
WF-2909,Finance Approval,Legal,Under Review,2026-06-06T08:11:00,emp_0041
WF-2909,Finance Approval,Legal,Manager Approval,2026-06-08T00:11:00,emp_0100
WF-2909,Finance Approval,Legal,Compliance Check,2026-06-08T06:11:00,emp_0147
WF-2909,Finance Approval,Legal,Approved,2026-06-10T06:11:00,emp_0168
WF-2910,Procurement,IT,Submitted,2026-06-28T02:27:00,emp_0156
WF-2910,Procurement,IT,Under Review,2026-06-29T17:27:00,emp_0053
WF-2910,Procurement,IT,Manager Approval,2026-06-30T03:27:00,emp_0106
WF-2910,Procurement,IT,Compliance Check,2026-07-01T16:27:00,emp_0181
WF-2910,Procurement,IT,Rejected,2026-07-03T14:27:00,emp_0045
WF-2911,IT Service Request,Human Resources,Submitted,2026-06-18T04:02:00,emp_0105
WF-2911,IT Service Request,Human Resources,Under Review,2026-06-18T13:02:00,emp_0161
WF-2911,IT Service Request,Human Resources,Manager Approval,2026-06-19T13:02:00,emp_0144
WF-2911,IT Service Request,Human Resources,Approved,2026-06-20T17:02:00,emp_0151
WF-2912,Procurement,IT,Submitted,2026-06-04T20:52:00,emp_0004
WF-2912,Procurement,IT,Under Review,2026-06-06T12:52:00,emp_0059
WF-2912,Procurement,IT,Manager Approval,2026-06-07T07:52:00,emp_0105
WF-2912,Procurement,IT,Rejected,2026-06-08T14:52:00,emp_0196
WF-2913,HR Onboarding,Sales,Submitted,2026-06-06T14:50:00,emp_0081
WF-2913,HR Onboarding,Sales,Under Review,2026-06-08T14:50:00,emp_0178
WF-2913,HR Onboarding,Sales,Approved,2026-06-09T10:50:00,emp_0061
WF-2914,Procurement,Finance,Submitted,2026-06-24T11:49:00,emp_0120
WF-2914,Procurement,Finance,Under Review,2026-06-25T15:49:00,emp_0034
WF-2914,Procurement,Finance,Manager Approval,2026-06-26T14:49:00,emp_0053
WF-2914,Procurement,Finance,Compliance Check,2026-06-26T16:49:00,emp_0038
WF-2914,Procurement,Finance,Approved,2026-06-27T18:49:00,emp_0062
WF-2915,Legal Review,Legal,Submitted,2026-06-13T02:24:00,emp_0063
WF-2915,Legal Review,Legal,Under Review,2026-06-13T19:24:00,emp_0024
WF-2915,Legal Review,Legal,Manager Approval,2026-06-14T18:24:00,emp_0033
WF-2915,Legal Review,Legal,Compliance Check,2026-06-15T19:24:00,emp_0088
WF-2915,Legal Review,Legal,Rejected,2026-06-16T08:24:00,emp_0190
WF-2916,IT Service Request,Human Resources,Submitted,2026-06-25T01:23:00,emp_0167
WF-2916,IT Service Request,Human Resources,Under Review,2026-06-26T05:23:00,emp_0184
WF-2916,IT Service Request,Human Resources,Manager Approval,2026-06-27T17:23:00,emp_0189
WF-2916,IT Service Request,Human Resources,Rejected,2026-06-28T19:23:00,emp_0109
WF-2917,Procurement,Supply Chain,Submitted,2026-06-22T07:52:00,emp_0013
WF-2917,Procurement,Supply Chain,Under Review,2026-06-23T02:52:00,emp_0111
WF-2917,Procurement,Supply Chain,Manager Approval,2026-06-25T02:52:00,emp_0188
WF-2917,Procurement,Supply Chain,Compliance Check,2026-06-25T07:52:00,emp_0083
WF-2917,Procurement,Supply Chain,Approved,2026-06-26T19:52:00,emp_0140
WF-2918,IT Service Request,IT,Submitted,2026-06-25T11:54:00,emp_0101
WF-2918,IT Service Request,IT,Under Review,2026-06-26T10:54:00,emp_0114
WF-2918,IT Service Request,IT,Manager Approval,2026-06-27T00:54:00,emp_0152
WF-2918,IT Service Request,IT,Compliance Check,2026-06-28T15:54:00,emp_0097
WF-2918,IT Service Request,IT,Approved,2026-06-28T22:54:00,emp_0021
WF-2919,Finance Approval,Operations,Submitted,2026-06-25T03:53:00,emp_0175
WF-2919,Finance Approval,Operations,Under Review,2026-06-26T23:53:00,emp_0060
WF-2919,Finance Approval,Operations,Manager Approval,2026-06-27T02:53:00,emp_0048
WF-2919,Finance Approval,Operations,Compliance Check,2026-06-27T15:53:00,emp_0148
WF-2919,Finance Approval,Operations,Approved,2026-06-29T07:53:00,emp_0197
WF-2920,Finance Approval,Supply Chain,Submitted,2026-06-04T12:18:00,emp_0040
WF-2920,Finance Approval,Supply Chain,Under Review,2026-06-05T22:18:00,emp_0041
WF-2920,Finance Approval,Supply Chain,Manager Approval,2026-06-07T10:18:00,emp_0196
WF-2920,Finance Approval,Supply Chain,Rejected,2026-06-07T12:18:00,emp_0089
WF-2921,Procurement,Sales,Submitted,2026-06-08T14:05:00,emp_0051
WF-2921,Procurement,Sales,Under Review,2026-06-10T04:05:00,emp_0042
WF-2921,Procurement,Sales,Manager Approval,2026-06-10T18:05:00,emp_0182
WF-2921,Procurement,Sales,Approved,2026-06-11T20:05:00,emp_0050
WF-2922,Procurement,Legal,Submitted,2026-06-25T08:41:00,emp_0124
WF-2922,Procurement,Legal,Under Review,2026-06-25T16:41:00,emp_0193
WF-2922,Procurement,Legal,Manager Approval,2026-06-25T19:41:00,emp_0008
WF-2922,Procurement,Legal,Rejected,2026-06-26T20:41:00,emp_0014
WF-2923,HR Onboarding,Sales,Submitted,2026-06-22T01:24:00,emp_0005
WF-2923,HR Onboarding,Sales,Under Review,2026-06-23T16:24:00,emp_0014
WF-2923,HR Onboarding,Sales,Manager Approval,2026-06-23T23:24:00,emp_0114
WF-2923,HR Onboarding,Sales,Approved,2026-06-24T03:24:00,emp_0034
WF-2924,Finance Approval,Finance,Submitted,2026-06-22T01:13:00,emp_0069
WF-2924,Finance Approval,Finance,Under Review,2026-06-24T01:13:00,emp_0057
WF-2924,Finance Approval,Finance,Manager Approval,2026-06-24T03:13:00,emp_0159
WF-2924,Finance Approval,Finance,Compliance Check,2026-06-24T21:13:00,emp_0037
WF-2924,Finance Approval,Finance,Rejected,2026-06-25T16:13:00,emp_0027
WF-2925,HR Onboarding,Finance,Submitted,2026-06-04T07:25:00,emp_0141
WF-2925,HR Onboarding,Finance,Under Review,2026-06-05T17:25:00,emp_0199
WF-2925,HR Onboarding,Finance,Manager Approval,2026-06-07T16:25:00,emp_0082
WF-2925,HR Onboarding,Finance,Rejected,2026-06-08T10:25:00,emp_0071
WF-2926,Finance Approval,Operations,Submitted,2026-07-02T12:47:00,emp_0103
WF-2926,Finance Approval,Operations,Under Review,2026-07-03T15:47:00,emp_0172
WF-2926,Finance Approval,Operations,Approved,2026-07-04T10:47:00,emp_0033
WF-2927,Legal Review,Finance,Submitted,2026-06-10T00:08:00,emp_0094
WF-2927,Legal Review,Finance,Under Review,2026-06-11T00:08:00,emp_0012
WF-2927,Legal Review,Finance,Manager Approval,2026-06-11T12:08:00,emp_0022
WF-2927,Legal Review,Finance,Compliance Check,2026-06-12T21:08:00,emp_0160
WF-2927,Legal Review,Finance,Rejected,2026-06-14T07:08:00,emp_0038
WF-2928,Finance Approval,Finance,Submitted,2026-06-10T04:02:00,emp_0146
WF-2928,Finance Approval,Finance,Under Review,2026-06-11T16:02:00,emp_0163
WF-2928,Finance Approval,Finance,Manager Approval,2026-06-13T06:02:00,emp_0013
WF-2928,Finance Approval,Finance,Compliance Check,2026-06-15T04:02:00,emp_0053
WF-2928,Finance Approval,Finance,Approved,2026-06-15T10:02:00,emp_0175
WF-2929,Finance Approval,Legal,Submitted,2026-06-28T21:54:00,emp_0120
WF-2929,Finance Approval,Legal,Under Review,2026-06-29T04:54:00,emp_0080
WF-2929,Finance Approval,Legal,Manager Approval,2026-06-30T05:54:00,emp_0052
WF-2929,Finance Approval,Legal,Compliance Check,2026-07-01T16:54:00,emp_0189
WF-2929,Finance Approval,Legal,Rejected,2026-07-03T08:54:00,emp_0058
WF-2930,Finance Approval,Supply Chain,Submitted,2026-06-21T09:51:00,emp_0123
WF-2930,Finance Approval,Supply Chain,Under Review,2026-06-23T09:51:00,emp_0118
WF-2930,Finance Approval,Supply Chain,Compliance Check,2026-06-25T07:51:00,emp_0181
WF-2930,Finance Approval,Supply Chain,Rejected,2026-06-26T13:51:00,emp_0104
WF-2931,IT Service Request,IT,Submitted,2026-07-01T05:16:00,emp_0194
WF-2931,IT Service Request,IT,Under Review,2026-07-02T02:16:00,emp_0198
WF-2931,IT Service Request,IT,Manager Approval,2026-07-03T06:16:00,emp_0071
WF-2931,IT Service Request,IT,Compliance Check,2026-07-05T00:16:00,emp_0193
WF-2931,IT Service Request,IT,Approved,2026-07-05T23:16:00,emp_0020
WF-2932,Procurement,Human Resources,Submitted,2026-07-01T10:35:00,emp_0122
WF-2932,Procurement,Human Resources,Under Review,2026-07-02T11:35:00,emp_0067
WF-2932,Procurement,Human Resources,Approved,2026-07-03T23:35:00,emp_0151
WF-2933,Procurement,Finance,Submitted,2026-06-11T02:59:00,emp_0164
WF-2933,Procurement,Finance,Under Review,2026-06-11T15:59:00,emp_0117
WF-2933,Procurement,Finance,Manager Approval,2026-06-12T07:59:00,emp_0135
WF-2933,Procurement,Finance,Approved,2026-06-13T13:59:00,emp_0186
WF-2934,IT Service Request,Legal,Submitted,2026-06-28T20:13:00,emp_0164
WF-2934,IT Service Request,Legal,Under Review,2026-06-30T08:13:00,emp_0065
WF-2934,IT Service Request,Legal,Manager Approval,2026-07-02T06:13:00,emp_0034
WF-2934,IT Service Request,Legal,Approved,2026-07-04T04:13:00,emp_0137
WF-2935,Legal Review,Supply Chain,Submitted,2026-06-04T17:39:00,emp_0178
WF-2935,Legal Review,Supply Chain,Under Review,2026-06-06T00:39:00,emp_0027
WF-2935,Legal Review,Supply Chain,Manager Approval,2026-06-06T18:39:00,emp_0173
WF-2935,Legal Review,Supply Chain,Approved,2026-06-07T21:39:00,emp_0023
WF-2936,IT Service Request,IT,Submitted,2026-06-08T14:16:00,emp_0188
WF-2936,IT Service Request,IT,Under Review,2026-06-08T16:16:00,emp_0016
WF-2936,IT Service Request,IT,Manager Approval,2026-06-08T17:16:00,emp_0082
WF-2936,IT Service Request,IT,Compliance Check,2026-06-09T00:16:00,emp_0064
WF-2936,IT Service Request,IT,Rejected,2026-06-10T17:16:00,emp_0191
WF-2937,Procurement,Sales,Submitted,2026-06-19T08:34:00,emp_0057
WF-2937,Procurement,Sales,Under Review,2026-06-20T02:34:00,emp_0034
WF-2937,Procurement,Sales,Compliance Check,2026-06-20T20:34:00,emp_0170
WF-2937,Procurement,Sales,Approved,2026-06-21T05:34:00,emp_0159
WF-2938,IT Service Request,Human Resources,Submitted,2026-06-19T01:34:00,emp_0197
WF-2938,IT Service Request,Human Resources,Under Review,2026-06-19T07:34:00,emp_0132
WF-2938,IT Service Request,Human Resources,Manager Approval,2026-06-20T13:34:00,emp_0012
WF-2938,IT Service Request,Human Resources,Rejected,2026-06-22T11:34:00,emp_0078
WF-2939,IT Service Request,Operations,Submitted,2026-07-01T03:10:00,emp_0116
WF-2939,IT Service Request,Operations,Under Review,2026-07-03T01:10:00,emp_0117
WF-2939,IT Service Request,Operations,Manager Approval,2026-07-03T05:10:00,emp_0014
WF-2939,IT Service Request,Operations,Approved,2026-07-03T14:10:00,emp_0008
WF-2940,Finance Approval,IT,Submitted,2026-06-03T20:56:00,emp_0163
WF-2940,Finance Approval,IT,Under Review,2026-06-05T03:56:00,emp_0154
WF-2940,Finance Approval,IT,Manager Approval,2026-06-05T08:56:00,emp_0184
WF-2940,Finance Approval,IT,Compliance Check,2026-06-07T06:56:00,emp_0161
WF-2940,Finance Approval,IT,Rejected,2026-06-09T05:56:00,emp_0147
WF-2941,Procurement,Finance,Submitted,2026-06-10T00:47:00,emp_0014
WF-2941,Procurement,Finance,Under Review,2026-06-10T07:47:00,emp_0022
WF-2941,Procurement,Finance,Manager Approval,2026-06-11T01:47:00,emp_0147
WF-2941,Procurement,Finance,Compliance Check,2026-06-12T16:47:00,emp_0178
WF-2941,Procurement,Finance,Approved,2026-06-14T15:47:00,emp_0049
WF-2942,Finance Approval,Human Resources,Submitted,2026-06-19T14:26:00,emp_0032
WF-2942,Finance Approval,Human Resources,Under Review,2026-06-21T14:26:00,emp_0021
WF-2942,Finance Approval,Human Resources,Manager Approval,2026-06-22T00:26:00,emp_0153
WF-2942,Finance Approval,Human Resources,Rejected,2026-06-22T19:26:00,emp_0055
WF-2943,Legal Review,Operations,Submitted,2026-06-12T04:13:00,emp_0115
WF-2943,Legal Review,Operations,Under Review,2026-06-13T04:13:00,emp_0036
WF-2943,Legal Review,Operations,Manager Approval,2026-06-13T09:13:00,emp_0068
WF-2943,Legal Review,Operations,Compliance Check,2026-06-13T21:13:00,emp_0037
WF-2943,Legal Review,Operations,Rejected,2026-06-13T22:13:00,emp_0031
WF-2944,HR Onboarding,IT,Submitted,2026-06-04T12:40:00,emp_0088
WF-2944,HR Onboarding,IT,Under Review,2026-06-04T22:40:00,emp_0094
WF-2944,HR Onboarding,IT,Manager Approval,2026-06-06T02:40:00,emp_0188
WF-2944,HR Onboarding,IT,Compliance Check,2026-06-06T09:40:00,emp_0028
WF-2944,HR Onboarding,IT,Approved,2026-06-07T20:40:00,emp_0120
WF-2945,HR Onboarding,Human Resources,Submitted,2026-06-23T18:13:00,emp_0169
WF-2945,HR Onboarding,Human Resources,Under Review,2026-06-25T00:13:00,emp_0089
WF-2945,HR Onboarding,Human Resources,Manager Approval,2026-06-26T13:13:00,emp_0125
WF-2945,HR Onboarding,Human Resources,Compliance Check,2026-06-26T21:13:00,emp_0042
WF-2945,HR Onboarding,Human Resources,Approved,2026-06-27T09:13:00,emp_0195
WF-2946,Finance Approval,Legal,Submitted,2026-06-04T08:21:00,emp_0164
WF-2946,Finance Approval,Legal,Under Review,2026-06-06T03:21:00,emp_0109
WF-2946,Finance Approval,Legal,Rejected,2026-06-07T02:21:00,emp_0141
WF-2947,Legal Review,Legal,Submitted,2026-06-11T16:43:00,emp_0047
WF-2947,Legal Review,Legal,Under Review,2026-06-13T09:43:00,emp_0095
WF-2947,Legal Review,Legal,Manager Approval,2026-06-14T21:43:00,emp_0013
WF-2947,Legal Review,Legal,Compliance Check,2026-06-16T21:43:00,emp_0152
WF-2947,Legal Review,Legal,Rejected,2026-06-18T18:43:00,emp_0164
WF-2948,HR Onboarding,Operations,Submitted,2026-06-14T05:52:00,emp_0072
WF-2948,HR Onboarding,Operations,Under Review,2026-06-15T00:52:00,emp_0109
WF-2948,HR Onboarding,Operations,Manager Approval,2026-06-16T23:52:00,emp_0051
WF-2948,HR Onboarding,Operations,Compliance Check,2026-06-17T09:52:00,emp_0114
WF-2948,HR Onboarding,Operations,Rejected,2026-06-17T14:52:00,emp_0104
WF-2949,Procurement,Finance,Submitted,2026-06-10T10:50:00,emp_0092
WF-2949,Procurement,Finance,Under Review,2026-06-12T02:50:00,emp_0101
WF-2949,Procurement,Finance,Manager Approval,2026-06-13T17:50:00,emp_0040
WF-2949,Procurement,Finance,Compliance Check,2026-06-15T06:50:00,emp_0113
WF-2949,Procurement,Finance,Rejected,2026-06-15T08:50:00,emp_0173
WF-2950,IT Service Request,IT,Submitted,2026-06-15T17:17:00,emp_0096
WF-2950,IT Service Request,IT,Under Review,2026-06-17T12:17:00,emp_0200
WF-2950,IT Service Request,IT,Manager Approval,2026-06-18T18:17:00,emp_0049
WF-2950,IT Service Request,IT,Approved,2026-06-20T08:17:00,emp_0025
WF-2951,Finance Approval,Human Resources,Submitted,2026-06-17T21:06:00,emp_0055
WF-2951,Finance Approval,Human Resources,Under Review,2026-06-18T07:06:00,emp_0184
WF-2951,Finance Approval,Human Resources,Manager Approval,2026-06-19T09:06:00,emp_0095
WF-2951,Finance Approval,Human Resources,Compliance Check,2026-06-19T13:06:00,emp_0079
WF-2951,Finance Approval,Human Resources,Rejected,2026-06-21T03:06:00,emp_0048
WF-2952,Finance Approval,Legal,Submitted,2026-06-23T15:29:00,emp_0151
WF-2952,Finance Approval,Legal,Under Review,2026-06-24T21:29:00,emp_0100
WF-2952,Finance Approval,Legal,Manager Approval,2026-06-26T10:29:00,emp_0084
WF-2952,Finance Approval,Legal,Compliance Check,2026-06-27T01:29:00,emp_0096
WF-2952,Finance Approval,Legal,Approved,2026-06-27T22:29:00,emp_0024
WF-2953,Legal Review,Finance,Submitted,2026-06-25T22:03:00,emp_0126
WF-2953,Legal Review,Finance,Under Review,2026-06-26T09:03:00,emp_0124
WF-2953,Legal Review,Finance,Manager Approval,2026-06-27T17:03:00,emp_0129
WF-2953,Legal Review,Finance,Approved,2026-06-27T20:03:00,emp_0020
WF-2954,Procurement,Supply Chain,Submitted,2026-06-05T02:33:00,emp_0029
WF-2954,Procurement,Supply Chain,Under Review,2026-06-07T00:33:00,emp_0161
WF-2954,Procurement,Supply Chain,Manager Approval,2026-06-08T02:33:00,emp_0094
WF-2954,Procurement,Supply Chain,Rejected,2026-06-09T09:33:00,emp_0100
WF-2955,IT Service Request,IT,Submitted,2026-06-03T03:45:00,emp_0191
WF-2955,IT Service Request,IT,Under Review,2026-06-04T16:45:00,emp_0146
WF-2955,IT Service Request,IT,Manager Approval,2026-06-05T10:45:00,emp_0170
WF-2955,IT Service Request,IT,Compliance Check,2026-06-06T22:45:00,emp_0025
WF-2955,IT Service Request,IT,Approved,2026-06-07T01:45:00,emp_0096
WF-2956,Procurement,IT,Submitted,2026-06-03T10:35:00,emp_0012
WF-2956,Procurement,IT,Under Review,2026-06-05T04:35:00,emp_0125
WF-2956,Procurement,IT,Manager Approval,2026-06-05T12:35:00,emp_0143
WF-2956,Procurement,IT,Approved,2026-06-06T12:35:00,emp_0156
WF-2957,Legal Review,Human Resources,Submitted,2026-06-26T06:08:00,emp_0060
WF-2957,Legal Review,Human Resources,Under Review,2026-06-26T19:08:00,emp_0195
WF-2957,Legal Review,Human Resources,Manager Approval,2026-06-28T16:08:00,emp_0109
WF-2957,Legal Review,Human Resources,Rejected,2026-06-29T08:08:00,emp_0193
WF-2958,IT Service Request,Finance,Submitted,2026-06-22T12:35:00,emp_0183
WF-2958,IT Service Request,Finance,Under Review,2026-06-22T19:35:00,emp_0191
WF-2958,IT Service Request,Finance,Manager Approval,2026-06-22T20:35:00,emp_0186
WF-2958,IT Service Request,Finance,Compliance Check,2026-06-23T22:35:00,emp_0056
WF-2958,IT Service Request,Finance,Approved,2026-06-24T01:35:00,emp_0078
WF-2959,Legal Review,Finance,Submitted,2026-06-23T05:10:00,emp_0159
WF-2959,Legal Review,Finance,Under Review,2026-06-24T14:10:00,emp_0011
WF-2959,Legal Review,Finance,Manager Approval,2026-06-25T20:10:00,emp_0152
WF-2959,Legal Review,Finance,Compliance Check,2026-06-26T08:10:00,emp_0029
WF-2959,Legal Review,Finance,Rejected,2026-06-26T14:10:00,emp_0080
WF-2960,IT Service Request,Finance,Submitted,2026-06-17T00:41:00,emp_0041
WF-2960,IT Service Request,Finance,Under Review,2026-06-17T07:41:00,emp_0025
WF-2960,IT Service Request,Finance,Compliance Check,2026-06-18T12:41:00,emp_0059
WF-2960,IT Service Request,Finance,Rejected,2026-06-20T02:41:00,emp_0159
WF-2961,Procurement,Finance,Submitted,2026-06-26T11:36:00,emp_0015
WF-2961,Procurement,Finance,Under Review,2026-06-27T18:36:00,emp_0008
WF-2961,Procurement,Finance,Manager Approval,2026-06-28T07:36:00,emp_0154
WF-2961,Procurement,Finance,Rejected,2026-06-28T11:36:00,emp_0084
WF-2962,Finance Approval,Finance,Submitted,2026-06-07T22:37:00,emp_0090
WF-2962,Finance Approval,Finance,Under Review,2026-06-08T22:37:00,emp_0170
WF-2962,Finance Approval,Finance,Manager Approval,2026-06-10T22:37:00,emp_0067
WF-2962,Finance Approval,Finance,Compliance Check,2026-06-12T03:37:00,emp_0025
WF-2962,Finance Approval,Finance,Approved,2026-06-13T05:37:00,emp_0072
WF-2963,HR Onboarding,IT,Submitted,2026-06-15T23:54:00,emp_0023
WF-2963,HR Onboarding,IT,Under Review,2026-06-16T22:54:00,emp_0116
WF-2963,HR Onboarding,IT,Manager Approval,2026-06-17T22:54:00,emp_0027
WF-2963,HR Onboarding,IT,Approved,2026-06-19T20:54:00,emp_0037
WF-2964,Procurement,Supply Chain,Submitted,2026-07-02T01:11:00,emp_0096
WF-2964,Procurement,Supply Chain,Under Review,2026-07-02T14:11:00,emp_0046
WF-2964,Procurement,Supply Chain,Manager Approval,2026-07-04T08:11:00,emp_0067
WF-2964,Procurement,Supply Chain,Compliance Check,2026-07-04T19:11:00,emp_0082
WF-2964,Procurement,Supply Chain,Rejected,2026-07-05T03:11:00,emp_0044
WF-2965,Procurement,IT,Submitted,2026-07-01T23:50:00,emp_0054
WF-2965,Procurement,IT,Under Review,2026-07-02T10:50:00,emp_0001
WF-2965,Procurement,IT,Compliance Check,2026-07-02T18:50:00,emp_0071
WF-2965,Procurement,IT,Rejected,2026-07-03T23:50:00,emp_0180
WF-2966,HR Onboarding,Supply Chain,Submitted,2026-06-21T04:33:00,emp_0084
WF-2966,HR Onboarding,Supply Chain,Under Review,2026-06-22T19:33:00,emp_0181
WF-2966,HR Onboarding,Supply Chain,Manager Approval,2026-06-24T04:33:00,emp_0168
WF-2966,HR Onboarding,Supply Chain,Compliance Check,2026-06-25T06:33:00,emp_0028
WF-2966,HR Onboarding,Supply Chain,Approved,2026-06-25T12:33:00,emp_0086
WF-2967,HR Onboarding,Operations,Submitted,2026-06-09T14:55:00,emp_0045
WF-2967,HR Onboarding,Operations,Under Review,2026-06-10T04:55:00,emp_0180
WF-2967,HR Onboarding,Operations,Rejected,2026-06-11T06:55:00,emp_0037
WF-2968,IT Service Request,Human Resources,Submitted,2026-07-02T09:11:00,emp_0038
WF-2968,IT Service Request,Human Resources,Under Review,2026-07-03T02:11:00,emp_0136
WF-2968,IT Service Request,Human Resources,Manager Approval,2026-07-04T08:11:00,emp_0106
WF-2968,IT Service Request,Human Resources,Compliance Check,2026-07-05T20:11:00,emp_0104
WF-2968,IT Service Request,Human Resources,Approved,2026-07-07T06:11:00,emp_0031
WF-2969,IT Service Request,Operations,Submitted,2026-06-10T02:51:00,emp_0130
WF-2969,IT Service Request,Operations,Under Review,2026-06-10T22:51:00,emp_0011
WF-2969,IT Service Request,Operations,Approved,2026-06-11T10:51:00,emp_0157
WF-2970,IT Service Request,Human Resources,Submitted,2026-06-02T19:46:00,emp_0177
WF-2970,IT Service Request,Human Resources,Under Review,2026-06-03T12:46:00,emp_0002
WF-2970,IT Service Request,Human Resources,Rejected,2026-06-04T13:46:00,emp_0023
WF-2971,IT Service Request,Supply Chain,Submitted,2026-06-27T04:07:00,emp_0017
WF-2971,IT Service Request,Supply Chain,Under Review,2026-06-27T11:07:00,emp_0085
WF-2971,IT Service Request,Supply Chain,Manager Approval,2026-06-28T04:07:00,emp_0194
WF-2971,IT Service Request,Supply Chain,Approved,2026-06-28T17:07:00,emp_0192
WF-2972,Legal Review,Sales,Submitted,2026-06-02T20:44:00,emp_0160
WF-2972,Legal Review,Sales,Under Review,2026-06-03T21:44:00,emp_0143
WF-2972,Legal Review,Sales,Manager Approval,2026-06-05T16:44:00,emp_0171
WF-2972,Legal Review,Sales,Approved,2026-06-06T04:44:00,emp_0010
WF-2973,HR Onboarding,Human Resources,Submitted,2026-06-15T07:29:00,emp_0056
WF-2973,HR Onboarding,Human Resources,Under Review,2026-06-17T02:29:00,emp_0137
WF-2973,HR Onboarding,Human Resources,Manager Approval,2026-06-18T10:29:00,emp_0033
WF-2973,HR Onboarding,Human Resources,Approved,2026-06-19T10:29:00,emp_0030
WF-2974,IT Service Request,Finance,Submitted,2026-06-24T04:23:00,emp_0054
WF-2974,IT Service Request,Finance,Under Review,2026-06-24T14:23:00,emp_0169
WF-2974,IT Service Request,Finance,Manager Approval,2026-06-25T08:23:00,emp_0062
WF-2974,IT Service Request,Finance,Compliance Check,2026-06-25T21:23:00,emp_0005
WF-2974,IT Service Request,Finance,Approved,2026-06-26T20:23:00,emp_0107
WF-2975,HR Onboarding,Operations,Submitted,2026-07-01T16:32:00,emp_0196
WF-2975,HR Onboarding,Operations,Under Review,2026-07-02T11:32:00,emp_0033
WF-2975,HR Onboarding,Operations,Manager Approval,2026-07-03T02:32:00,emp_0035
WF-2975,HR Onboarding,Operations,Approved,2026-07-04T10:32:00,emp_0138
WF-2976,HR Onboarding,Human Resources,Submitted,2026-06-25T04:41:00,emp_0185
WF-2976,HR Onboarding,Human Resources,Under Review,2026-06-26T05:41:00,emp_0041
WF-2976,HR Onboarding,Human Resources,Manager Approval,2026-06-26T11:41:00,emp_0077
WF-2976,HR Onboarding,Human Resources,Approved,2026-06-27T05:41:00,emp_0071
WF-2977,IT Service Request,Operations,Submitted,2026-07-03T05:52:00,emp_0028
WF-2977,IT Service Request,Operations,Under Review,2026-07-03T08:52:00,emp_0138
WF-2977,IT Service Request,Operations,Manager Approval,2026-07-03T14:52:00,emp_0037
WF-2977,IT Service Request,Operations,Compliance Check,2026-07-03T22:52:00,emp_0106
WF-2977,IT Service Request,Operations,Rejected,2026-07-04T14:52:00,emp_0063
WF-2978,IT Service Request,Operations,Submitted,2026-06-18T06:51:00,emp_0028
WF-2978,IT Service Request,Operations,Under Review,2026-06-19T19:51:00,emp_0072
WF-2978,IT Service Request,Operations,Manager Approval,2026-06-21T15:51:00,emp_0027
WF-2978,IT Service Request,Operations,Approved,2026-06-23T13:51:00,emp_0179
WF-2979,Finance Approval,IT,Submitted,2026-06-23T18:19:00,emp_0179
WF-2979,Finance Approval,IT,Under Review,2026-06-24T01:19:00,emp_0178
WF-2979,Finance Approval,IT,Manager Approval,2026-06-24T07:19:00,emp_0044
WF-2979,Finance Approval,IT,Compliance Check,2026-06-24T21:19:00,emp_0117
WF-2979,Finance Approval,IT,Rejected,2026-06-25T00:19:00,emp_0069
WF-2980,HR Onboarding,IT,Submitted,2026-06-22T10:32:00,emp_0049
WF-2980,HR Onboarding,IT,Under Review,2026-06-22T16:32:00,emp_0068
WF-2980,HR Onboarding,IT,Manager Approval,2026-06-23T11:32:00,emp_0142
WF-2980,HR Onboarding,IT,Compliance Check,2026-06-23T19:32:00,emp_0017
WF-2980,HR Onboarding,IT,Approved,2026-06-24T01:32:00,emp_0026
WF-2981,Legal Review,Supply Chain,Submitted,2026-06-23T12:32:00,emp_0011
WF-2981,Legal Review,Supply Chain,Under Review,2026-06-25T09:32:00,emp_0178
WF-2981,Legal Review,Supply Chain,Manager Approval,2026-06-25T19:32:00,emp_0029
WF-2981,Legal Review,Supply Chain,Compliance Check,2026-06-27T00:32:00,emp_0144
WF-2981,Legal Review,Supply Chain,Rejected,2026-06-27T02:32:00,emp_0006
WF-2982,Legal Review,Supply Chain,Submitted,2026-06-11T13:05:00,emp_0081
WF-2982,Legal Review,Supply Chain,Under Review,2026-06-12T12:05:00,emp_0132
WF-2982,Legal Review,Supply Chain,Manager Approval,2026-06-14T09:05:00,emp_0102
WF-2982,Legal Review,Supply Chain,Approved,2026-06-14T16:05:00,emp_0059
WF-2983,IT Service Request,IT,Submitted,2026-06-18T12:27:00,emp_0062
WF-2983,IT Service Request,IT,Under Review,2026-06-19T10:27:00,emp_0123
WF-2983,IT Service Request,IT,Manager Approval,2026-06-20T05:27:00,emp_0005
WF-2983,IT Service Request,IT,Compliance Check,2026-06-21T09:27:00,emp_0122
WF-2983,IT Service Request,IT,Rejected,2026-06-22T11:27:00,emp_0017
WF-2984,Finance Approval,Legal,Submitted,2026-06-30T20:27:00,emp_0039
WF-2984,Finance Approval,Legal,Under Review,2026-07-02T07:27:00,emp_0022
WF-2984,Finance Approval,Legal,Manager Approval,2026-07-03T11:27:00,emp_0038
WF-2984,Finance Approval,Legal,Rejected,2026-07-03T18:27:00,emp_0016
WF-2985,HR Onboarding,IT,Submitted,2026-06-23T07:49:00,emp_0174
WF-2985,HR Onboarding,IT,Under Review,2026-06-25T03:49:00,emp_0067
WF-2985,HR Onboarding,IT,Compliance Check,2026-06-25T09:49:00,emp_0101
WF-2985,HR Onboarding,IT,Approved,2026-06-26T20:49:00,emp_0138
WF-2986,Procurement,Finance,Submitted,2026-06-04T23:31:00,emp_0079
WF-2986,Procurement,Finance,Under Review,2026-06-06T16:31:00,emp_0119
WF-2986,Procurement,Finance,Manager Approval,2026-06-07T14:31:00,emp_0042
WF-2986,Procurement,Finance,Rejected,2026-06-08T13:31:00,emp_0192
WF-2987,IT Service Request,Human Resources,Submitted,2026-06-18T07:17:00,emp_0134
WF-2987,IT Service Request,Human Resources,Under Review,2026-06-19T08:17:00,emp_0109
WF-2987,IT Service Request,Human Resources,Manager Approval,2026-06-20T19:17:00,emp_0096
WF-2987,IT Service Request,Human Resources,Compliance Check,2026-06-22T16:17:00,emp_0059
WF-2987,IT Service Request,Human Resources,Rejected,2026-06-23T19:17:00,emp_0116
WF-2988,HR Onboarding,Legal,Submitted,2026-06-07T23:39:00,emp_0044
WF-2988,HR Onboarding,Legal,Under Review,2026-06-08T03:39:00,emp_0107
WF-2988,HR Onboarding,Legal,Manager Approval,2026-06-09T20:39:00,emp_0169
WF-2988,HR Onboarding,Legal,Compliance Check,2026-06-10T20:39:00,emp_0026
WF-2988,HR Onboarding,Legal,Approved,2026-06-11T03:39:00,emp_0158
WF-2989,Procurement,Legal,Submitted,2026-06-16T04:47:00,emp_0134
WF-2989,Procurement,Legal,Under Review,2026-06-16T20:47:00,emp_0148
WF-2989,Procurement,Legal,Manager Approval,2026-06-17T07:47:00,emp_0077
WF-2989,Procurement,Legal,Compliance Check,2026-06-19T05:47:00,emp_0191
WF-2989,Procurement,Legal,Rejected,2026-06-19T13:47:00,emp_0051
WF-2990,Finance Approval,Operations,Submitted,2026-06-22T05:41:00,emp_0121
WF-2990,Finance Approval,Operations,Under Review,2026-06-23T16:41:00,emp_0113
WF-2990,Finance Approval,Operations,Rejected,2026-06-24T20:41:00,emp_0134
WF-2991,IT Service Request,Sales,Submitted,2026-06-22T02:14:00,emp_0084
WF-2991,IT Service Request,Sales,Under Review,2026-06-23T00:14:00,emp_0036
WF-2991,IT Service Request,Sales,Manager Approval,2026-06-23T03:14:00,emp_0060
WF-2991,IT Service Request,Sales,Compliance Check,2026-06-24T08:14:00,emp_0073
WF-2991,IT Service Request,Sales,Approved,2026-06-25T02:14:00,emp_0006
WF-2992,Finance Approval,Human Resources,Submitted,2026-06-18T12:01:00,emp_0179
WF-2992,Finance Approval,Human Resources,Under Review,2026-06-19T17:01:00,emp_0151
WF-2992,Finance Approval,Human Resources,Manager Approval,2026-06-21T02:01:00,emp_0072
WF-2992,Finance Approval,Human Resources,Compliance Check,2026-06-21T11:01:00,emp_0172
WF-2992,Finance Approval,Human Resources,Rejected,2026-06-22T13:01:00,emp_0093
WF-2993,HR Onboarding,Finance,Submitted,2026-06-20T06:22:00,emp_0016
WF-2993,HR Onboarding,Finance,Under Review,2026-06-21T03:22:00,emp_0110
WF-2993,HR Onboarding,Finance,Manager Approval,2026-06-21T18:22:00,emp_0149
WF-2993,HR Onboarding,Finance,Approved,2026-06-22T05:22:00,emp_0184
WF-2994,Procurement,IT,Submitted,2026-07-03T13:45:00,emp_0029
WF-2994,Procurement,IT,Under Review,2026-07-04T12:45:00,emp_0181
WF-2994,Procurement,IT,Manager Approval,2026-07-05T11:45:00,emp_0011
WF-2994,Procurement,IT,Rejected,2026-07-06T10:45:00,emp_0122
WF-2995,Finance Approval,IT,Submitted,2026-06-15T07:52:00,emp_0193
WF-2995,Finance Approval,IT,Under Review,2026-06-16T17:52:00,emp_0178
WF-2995,Finance Approval,IT,Manager Approval,2026-06-17T07:52:00,emp_0171
WF-2995,Finance Approval,IT,Rejected,2026-06-18T02:52:00,emp_0057
WF-2996,Finance Approval,Supply Chain,Submitted,2026-06-19T00:02:00,emp_0115
WF-2996,Finance Approval,Supply Chain,Under Review,2026-06-20T16:02:00,emp_0156
WF-2996,Finance Approval,Supply Chain,Manager Approval,2026-06-22T11:02:00,emp_0182
WF-2996,Finance Approval,Supply Chain,Compliance Check,2026-06-22T12:02:00,emp_0109
WF-2996,Finance Approval,Supply Chain,Approved,2026-06-24T05:02:00,emp_0038
WF-2997,Legal Review,IT,Submitted,2026-06-12T23:25:00,emp_0121
WF-2997,Legal Review,IT,Under Review,2026-06-14T13:25:00,emp_0175
WF-2997,Legal Review,IT,Manager Approval,2026-06-15T20:25:00,emp_0120
WF-2997,Legal Review,IT,Compliance Check,2026-06-16T12:25:00,emp_0076
WF-2997,Legal Review,IT,Rejected,2026-06-17T00:25:00,emp_0045
WF-2998,Procurement,Operations,Submitted,2026-06-22T05:18:00,emp_0112
WF-2998,Procurement,Operations,Under Review,2026-06-23T10:18:00,emp_0018
WF-2998,Procurement,Operations,Manager Approval,2026-06-24T10:18:00,emp_0008
WF-2998,Procurement,Operations,Compliance Check,2026-06-26T03:18:00,emp_0115
WF-2998,Procurement,Operations,Rejected,2026-06-26T11:18:00,emp_0060
WF-2999,Procurement,Sales,Submitted,2026-06-24T12:02:00,emp_0111
WF-2999,Procurement,Sales,Under Review,2026-06-25T20:02:00,emp_0043
WF-2999,Procurement,Sales,Approved,2026-06-26T11:02:00,emp_0192
WF-3000,HR Onboarding,Legal,Submitted,2026-06-28T16:22:00,emp_0024
WF-3000,HR Onboarding,Legal,Under Review,2026-06-28T18:22:00,emp_0046
WF-3000,HR Onboarding,Legal,Manager Approval,2026-06-30T17:22:00,emp_0060
WF-3000,HR Onboarding,Legal,Compliance Check,2026-07-01T07:22:00,emp_0069
WF-3000,HR Onboarding,Legal,Rejected,2026-07-02T06:22:00,emp_0067
